Rank,Mark,Competitor,DOB,Nat,Pos,,Venue,Date,ResultScore
1,12:53.98,Yomif KEJELCHA,01 AUG 1997,ETH,1,,"Boudewijnstadion, Bruxelles (BEL)",11 SEP 2015,1232
2,12:54.70,Hagos GEBRHIWET,11 MAY 1994,ETH,2,,"Boudewijnstadion, Bruxelles (BEL)",11 SEP 2015,1229
3,12:58.39,Yomif KEJELCHA,01 AUG 1997,ETH,1,,"Stadio Olimpico, Roma (ITA)",04 JUN 2015,1216
4,12:58.69,Paul Kipngetich TANUI,22 DEC 1990,KEN,2,,"Stadio Olimpico, Roma (ITA)",04 JUN 2015,1214
4,12:58.69,Hagos GEBRHIWET,11 MAY 1994,ETH,3,,"Stadio Olimpico, Roma (ITA)",04 JUN 2015,1214
6,12:59.04,Imane MERGA,15 OCT 1988,ETH,4,,"Stadio Olimpico, Roma (ITA)",04 JUN 2015,1213
7,12:59.25,Abdelaati IGUIDER,25 MAR 1987,MAR,3,,"Boudewijnstadion, Bruxelles (BEL)",11 SEP 2015,1212
8,12:59.72,Thomas Pkemei LONGOSIWA,14 JAN 1982,KEN,4,,"Boudewijnstadion, Bruxelles (BEL)",11 SEP 2015,1211
9,12:59.78,Thomas Pkemei LONGOSIWA,14 JAN 1982,KEN,5,,"Stadio Olimpico, Roma (ITA)",04 JUN 2015,1210
10,13:00.30,Muktar EDRIS,14 JAN 1994,ETH,6,,"Stadio Olimpico, Roma (ITA)",04 JUN 2015,1208
11,13:00.31,Ali KAYA,20 APR 1994,TUR,7,,"Stadio Olimpico, Roma (ITA)",04 JUN 2015,1208
12,13:00.49,Dejen GEBREMESKEL,24 NOV 1989,ETH,8,,"Stadio Olimpico, Roma (ITA)",04 JUN 2015,1208
13,13:05.30,Caleb Mwangangi NDIKU,09 OCT 1992,KEN,5,,"Boudewijnstadion, Bruxelles (BEL)",11 SEP 2015,1190
14,13:05.38,Dejen GEBREMESKEL,24 NOV 1989,ETH,1f1,,Heusden-Zolder (BEL),18 JUL 2015,1190
15,13:05.53,Yenew ALAMIREW,27 MAY 1990,ETH,6,,"Boudewijnstadion, Bruxelles (BEL)",11 SEP 2015,1189
16,13:05.54,Ben TRUE,29 DEC 1985,USA,7,,"Boudewijnstadion, Bruxelles (BEL)",11 SEP 2015,1189
17,13:05.61,Ilias FIFA,16 MAY 1989,MAR,9,,"Stadio Olimpico, Roma (ITA)",04 JUN 2015,1189
18,13:05.69,Ryan HILL,31 JAN 1990,USA,8,,"Boudewijnstadion, Bruxelles (BEL)",11 SEP 2015,1189
19,13:06.10,Bashir ABDI,10 FEB 1989,BEL,2f1,,Heusden-Zolder (BEL),18 JUL 2015,1187
20,13:06.15,Ben TRUE,29 DEC 1985,USA,3f1,,Heusden-Zolder (BEL),18 JUL 2015,1187
21,13:06.74,Albert ROP,17 JUL 1992,BRN,4f1,,Heusden-Zolder (BEL),18 JUL 2015,1185
22,13:07.26,Thomas Pkemei LONGOSIWA,14 JAN 1982,KEN,1,,"Alexander Stadium, Birmingham (GBR)",07 JUN 2015,1183
23,13:07.33,Isiah Kiplangat KOECH,19 DEC 1993,KEN,10,,"Stadio Olimpico, Roma (ITA)",04 JUN 2015,1183
23,13:07.33,Eric JENKINS,24 NOV 1991,USA,5f1,,Heusden-Zolder (BEL),18 JUL 2015,1183
25,13:07.74,Paul Kipsiele KOECH,10 NOV 1981,KEN,9,,"Boudewijnstadion, Bruxelles (BEL)",11 SEP 2015,1181
26,13:08.38,Galen RUPP,08 MAY 1986,USA,10,,"Boudewijnstadion, Bruxelles (BEL)",11 SEP 2015,1179
27,13:08.40,Suguru OSAKO,23 MAY 1991,JPN,6f1,,Heusden-Zolder (BEL),18 JUL 2015,1179
28,13:08.55,Emmanuel KIPSANG,13 JUN 1991,KEN,11,,"Boudewijnstadion, Bruxelles (BEL)",11 SEP 2015,1178
29,13:08.86,Paul Kipsiele KOECH,10 NOV 1981,KEN,1,,"Olympiastadion, Berlin (GER)",06 SEP 2015,1177
30,13:08.94,Isiah Kiplangat KOECH,19 DEC 1993,KEN,1,,Turku (FIN),25 JUN 2015,1177
31,13:09.24,Paul Kipngetich TANUI,22 DEC 1990,KEN,1,,Kitakyushu (JPN),03 NOV 2015,1176
32,13:10.00,Mohammed AHMED,05 JAN 1991,CAN,12,,"Boudewijnstadion, Bruxelles (BEL)",11 SEP 2015,1173
33,13:10.38,Hassan MEAD,28 AUG 1989,USA,2,,"Olympiastadion, Berlin (GER)",06 SEP 2015,1172
34,13:10.48,Thomas FARRELL,23 MAR 1991,GBR,7f1,,Heusden-Zolder (BEL),18 JUL 2015,1171
35,13:10.54,Yomif KEJELCHA,01 AUG 1997,ETH,1,,"Hayward Field, Eugene, OR (USA)",29 MAY 2015,1171
36,13:10.67,Yasin HAJI,22 JAN 1996,ETH,13,,"Boudewijnstadion, Bruxelles (BEL)",11 SEP 2015,1171
37,13:10.69,Phillip KIPYEKO,10 JAN 1995,UGA,8f1,,Heusden-Zolder (BEL),18 JUL 2015,1171
38,13:10.83,Bernard KIMANI,30 SEP 1993,KEN,9f1,,Heusden-Zolder (BEL),18 JUL 2015,1170
39,13:10.94,Richard RINGER,27 FEB 1989,GER,10f1,,Heusden-Zolder (BEL),18 JUL 2015,1170
40,13:11.22,Isiah Kiplangat KOECH,19 DEC 1993,KEN,2,,"Alexander Stadium, Birmingham (GBR)",07 JUN 2015,1169
41,13:11.44,Stephen MOKOKA,31 JAN 1985,RSA,1,,Stellenbosch (RSA),18 APR 2015,1168
42,13:11.77,Mo FARAH,23 MAR 1983,GBR,1,,"Stade Olympique de la Pontaise, Lausanne (SUI)",09 JUL 2015,1167
43,13:11.96,Sindre BURAAS,08 MAY 1989,NOR,11f1,,Heusden-Zolder (BEL),18 JUL 2015,1166
44,13:11.97,Edwin Cheruiyot SOI,03 MAR 1986,KEN,2,,"Hayward Field, Eugene, OR (USA)",29 MAY 2015,1166
44,13:11.97,Paul Kipngetich TANUI,22 DEC 1990,KEN,1f2,,Imari (JPN),04 JUL 2015,1166
46,13:12.36,Galen RUPP,08 MAY 1986,USA,3,,"Hayward Field, Eugene, OR (USA)",29 MAY 2015,1165
47,13:12.59,Yomif KEJELCHA,01 AUG 1997,ETH,2,,"Stade Olympique de la Pontaise, Lausanne (SUI)",09 JUL 2015,1164
48,13:12.63,Tetsuya YOROIZAKA,20 MAR 1990,JPN,12f1,,Heusden-Zolder (BEL),18 JUL 2015,1164
49,13:13.16,Jonathan Muia NDIKU,18 SEP 1991,KEN,1f21,,Tokyo (JPN),03 OCT 2015,1162
50,13:13.17,Abadi HADIS,06 NOV 1997,ETH,13f1,,Heusden-Zolder (BEL),18 JUL 2015,1162
51,13:13.28,Geoffrey KAMWOROR,22 NOV 1992,KEN,1h2,,Nairobi (KEN),09 JUL 2015,1161
52,13:13.66,Hiran NGATIA,1992,KEN,1f5,,Kumamoto (JPN),04 APR 2015,1160
53,13:14.00,Abrar OSMAN,01 JAN 1994,ERI,1,,Bottrop (GER),21 JUN 2015,1159
54,13:14.7h,Geoffrey KAMWOROR,22 NOV 1992,KEN,1,,Nairobi (KEN),11 JUL 2015,1156
55,13:14.85,Ilias FIFA,16 MAY 1989,MAR,1,,Huelva (ESP),10 JUN 2015,1156
56,13:14.97,Bernard LAGAT,12 DEC 1974,USA,4,,"Hayward Field, Eugene, OR (USA)",29 MAY 2015,1155
57,13:15.07,Leul GEBRESILASE,20 SEP 1992,ETH,1,,Barcelona (ESP),08 JUL 2015,1155
58,13:15.56,Moses KOECH,05 AUG 1997,KEN,2,,Barcelona (ESP),08 JUL 2015,1153
59,13:15.66,Albert ROP,17 JUL 1992,BRN,5,,"Hayward Field, Eugene, OR (USA)",29 MAY 2015,1153
60,13:15.71,Juan Luis BARRIOS,24 JUN 1983,MEX,1f1,,"Palo Alto, CA (USA)",02 MAY 2015,1153
61,13:15.92,Ryan HILL,31 JAN 1990,USA,6,,"Hayward Field, Eugene, OR (USA)",29 MAY 2015,1152
62,13:16.11,Lawi LALANG,15 JUN 1991,KEN,7,,"Hayward Field, Eugene, OR (USA)",29 MAY 2015,1151
63,13:16.14,Ronald KWEMOI,19 SEP 1995,KEN,1f3,,Nobeoka (JPN),09 MAY 2015,1151
64,13:16.25,Leonard BARSOTON,21 OCT 1994,KEN,1f1,,Hiroshima (JPN),18 APR 2015,1151
65,13:16.31,Garrett HEATH,03 NOV 1985,USA,2f1,,"Palo Alto, CA (USA)",02 MAY 2015,1151
66,13:16.98,Alemayehu BEZABEH,22 SEP 1986,ESP,14f1,,Heusden-Zolder (BEL),18 JUL 2015,1148
67,13:17.16,Hiran NGATIA,1992,KEN,2f1,,Hiroshima (JPN),18 APR 2015,1147
68,13:17.17,Edwin Cheruiyot SOI,03 MAR 1986,KEN,3,,"Stade Olympique de la Pontaise, Lausanne (SUI)",09 JUL 2015,1147
69,13:17.30,Diego ESTRADA,19 DEC 1989,USA,3f1,,"Palo Alto, CA (USA)",02 MAY 2015,1147
70,13:17.36,Paul Kipngetich TANUI,22 DEC 1990,KEN,1f5,,Fukuoka (JPN),19 DEC 2015,1147
71,13:17.49,Collis BIRMINGHAM,27 DEC 1984,AUS,8,,"Hayward Field, Eugene, OR (USA)",29 MAY 2015,1146
72,13:17.58,Bernard LAGAT,12 DEC 1974,USA,3,,"Olympiastadion, Berlin (GER)",06 SEP 2015,1146
73,13:17.62,Aron KIFLE,20 FEB 1998,ERI,3,,Barcelona (ESP),08 JUL 2015,1146
74,13:17.85,Will GEOGHEGAN,15 JUL 1992,USA,15f1,,Heusden-Zolder (BEL),18 JUL 2015,1145
75,13:17.87,Thomas FARRELL,23 MAR 1991,GBR,4f1,,"Palo Alto, CA (USA)",02 MAY 2015,1145
76,13:17.97,Ayanleh SOULEIMAN,03 DEC 1992,DJI,1,,Manama (BRN),27 APR 2015,1145
76,13:17.97,Riley MASTERS,05 APR 1990,USA,5f1,,"Palo Alto, CA (USA)",02 MAY 2015,1145
78,13:18.00,Richard RINGER,27 FEB 1989,GER,4,,"Olympiastadion, Berlin (GER)",06 SEP 2015,1144
79,13:18.18,Yasin HAJI,22 JAN 1996,ETH,4,,"Stade Olympique de la Pontaise, Lausanne (SUI)",09 JUL 2015,1144
80,13:18.54,Paul Kipngetich TANUI,22 DEC 1990,KEN,3f1,,Hiroshima (JPN),18 APR 2015,1143
81,13:18.55,Albert ROP,17 JUL 1992,BRN,2,,Manama (BRN),27 APR 2015,1143
82,13:18.95,Younéss ESSALHI,20 FEB 1993,MAR,16f1,,Heusden-Zolder (BEL),18 JUL 2015,1141
83,13:19.14,Birhan NEBEBEW,14 AUG 1994,ETH,9,,"Hayward Field, Eugene, OR (USA)",29 MAY 2015,1140
84,13:19.17,Muktar EDRIS,14 JAN 1994,ETH,5,,"Stade Olympique de la Pontaise, Lausanne (SUI)",09 JUL 2015,1140
85,13:19.33,Ronald KWEMOI,19 SEP 1995,KEN,1,,Kumagaya (JPN),17 MAY 2015,1140
86,13:19.38,Yomif KEJELCHA,01 AUG 1997,ETH,1h2,,"National Stadium, Beijing (CHN)",26 AUG 2015,1140
87,13:19.42,Emmanuel KIPSANG,13 JUN 1991,KEN,2h2,,Nairobi (KEN),09 JUL 2015,1139
88,13:19.44,Mo FARAH,23 MAR 1983,GBR,2h2,,"National Stadium, Beijing (CHN)",26 AUG 2015,1139
89,13:19.56,Matthew HUGHES,03 AUG 1989,CAN,6f1,,"Palo Alto, CA (USA)",02 MAY 2015,1139
89,13:19.56,Chris DERRICK,17 OCT 1990,USA,17f1,,Heusden-Zolder (BEL),18 JUL 2015,1139
91,13:19.58,Mohammed AHMED,05 JAN 1991,CAN,3h2,,"National Stadium, Beijing (CHN)",26 AUG 2015,1139
91,13:19.58,Caleb Mwangangi NDIKU,09 OCT 1992,KEN,4h2,,"National Stadium, Beijing (CHN)",26 AUG 2015,1139
93,13:19.61,Albert ROP,17 JUL 1992,BRN,5h2,,"National Stadium, Beijing (CHN)",26 AUG 2015,1139
94,13:19.62,Paul Kipngetich TANUI,22 DEC 1990,KEN,2f5,,Kumamoto (JPN),04 APR 2015,1139
94,13:19.62,Kota MURAYAMA,23 FEB 1993,JPN,2f3,,Nobeoka (JPN),09 MAY 2015,1139
96,13:19.67,Ryan HILL,31 JAN 1990,USA,6h2,,"National Stadium, Beijing (CHN)",26 AUG 2015,1139
97,13:19.80,Aweke AYALEW,23 FEB 1993,BRN,11,,"Stadio Olimpico, Roma (ITA)",04 JUN 2015,1138
98,13:19.84,Richard RINGER,27 FEB 1989,GER,7h2,,"National Stadium, Beijing (CHN)",26 AUG 2015,1138
99,13:20.16,Ali KAYA,20 APR 1994,TUR,1,,Tallinn (EST),11 JUL 2015,1137
100,13:20.21,Ibrahim JEILAN,12 JUN 1989,ETH,10,,"Hayward Field, Eugene, OR (USA)",29 MAY 2015,1137
101,13:20.22,Stephen MOKOKA,31 JAN 1985,RSA,3,,"Alexander Stadium, Birmingham (GBR)",07 JUN 2015,1137
102,13:20.34,Victor Kimutai CHUMO,19 MAR 1987,KEN,2,,Huelva (ESP),10 JUN 2015,1136
102,13:20.34,Andy VERNON,07 JAN 1986,GBR,1f1,,Ninove (BEL),01 AUG 2015,1136
104,13:20.39,Kemoy CAMPBELL,14 JAN 1991,JAM,7f1,,"Palo Alto, CA (USA)",02 MAY 2015,1136
105,13:20.67,Mohammed AHMED,05 JAN 1991,CAN,11,,"Hayward Field, Eugene, OR (USA)",29 MAY 2015,1135
106,13:20.68,Cameron LEVINS,28 MAR 1989,CAN,1f1,,"Portland, OR (USA)",14 JUN 2015,1135
107,13:20.78,Galen RUPP,08 MAY 1986,USA,8h2,,"National Stadium, Beijing (CHN)",26 AUG 2015,1135
108,13:21.07,Edwin Cheruiyot SOI,03 MAR 1986,KEN,4,,"Alexander Stadium, Birmingham (GBR)",07 JUN 2015,1134
109,13:21.16,Jeff SEE,06 JUN 1986,USA,8f1,,"Palo Alto, CA (USA)",02 MAY 2015,1133
110,13:21.23,Brett ROBINSON,08 MAY 1991,AUS,5,,"Alexander Stadium, Birmingham (GBR)",07 JUN 2015,1133
111,13:21.26,Bedan KAROKI,21 AUG 1990,KEN,6,,"Stade Olympique de la Pontaise, Lausanne (SUI)",09 JUL 2015,1133
112,13:21.32,Lopez LOMONG,01 JAN 1985,USA,9f1,,"Palo Alto, CA (USA)",02 MAY 2015,1133
113,13:21.41,Moses KOECH,05 AUG 1997,KEN,1,,Boissano (ITA),01 JUL 2015,1132
114,13:21.46,Ali KAYA,20 APR 1994,TUR,9h2,,"National Stadium, Beijing (CHN)",26 AUG 2015,1132
115,13:21.52,Paul KAMAIS,24 OCT 1996,KEN,1f2,,Hiroshima (JPN),18 APR 2015,1132
116,13:21.72,Jonathan Muia NDIKU,18 SEP 1991,KEN,3f3,,Nobeoka (JPN),09 MAY 2015,1131
116,13:21.72,Aweke AYALEW,23 FEB 1993,BRN,7,,"Stade Olympique de la Pontaise, Lausanne (SUI)",09 JUL 2015,1131
118,13:21.88,Getaneh MOLLA,10 JAN 1994,ETH,1,,Brazzaville (CGO),17 SEP 2015,1131
119,13:22.01,Bernard KIMANI,30 SEP 1993,KEN,4f3,,Nobeoka (JPN),09 MAY 2015,1130
120,13:22.04,Alfred NGENO,02 MAY 1997,KEN,2,,Bottrop (GER),21 JUN 2015,1130
121,13:22.11,Nick WILLIS,25 APR 1983,NZL,1,,Auckland (NZL),26 FEB 2015,1130
121,13:22.11,Hayle IBRAHIMOV,18 JAN 1990,AZE,2f1,,Ninove (BEL),01 AUG 2015,1130
123,13:22.13,Leul GEBRESILASE,20 SEP 1992,ETH,2,,Brazzaville (CGO),17 SEP 2015,1130
124,13:22.33,Isiah Kiplangat KOECH,19 DEC 1993,KEN,14,,"Boudewijnstadion, Bruxelles (BEL)",11 SEP 2015,1129
125,13:22.36,William Malel SITONIK,01 MAR 1994,KEN,1f37,,Yokohama (JPN),14 NOV 2015,1129
126,13:22.42,Abiyote ABINET,10 MAY 1989,ETH,1f16,,Saitama (JPN),24 OCT 2015,1129
126,13:22.42,Abiyote ABINET,10 MAY 1989,ETH,1,,Konosu (JPN),24 OCT 2015,1129
128,13:22.45,Yenew ALAMIREW,27 MAY 1990,ETH,12,,"Stadio Olimpico, Roma (ITA)",04 JUN 2015,1129
129,13:22.68,Yenew ALAMIREW,27 MAY 1990,ETH,8,,"Stade Olympique de la Pontaise, Lausanne (SUI)",09 JUL 2015,1128
130,13:22.72,William Malel SITONIK,01 MAR 1994,KEN,5f3,,Nobeoka (JPN),09 MAY 2015,1128
130,13:22.72,Thomas Pkemei LONGOSIWA,14 JAN 1982,KEN,3,,Brazzaville (CGO),17 SEP 2015,1128
132,13:22.91,Leonard BARSOTON,21 OCT 1994,KEN,2,,Kumagaya (JPN),17 MAY 2015,1127
133,13:22.92,Jesús ESPAÑA,21 AUG 1978,ESP,13,,"Stadio Olimpico, Roma (ITA)",04 JUN 2015,1127
134,13:23.00,Dennis LICHT,30 MAY 1984,NED,10f1,,"Palo Alto, CA (USA)",02 MAY 2015,1127
135,13:23.26,Birhanu LEGESE,11 SEP 1994,ETH,3,,Bottrop (GER),21 JUN 2015,1126
136,13:23.3h,Isiah Kiplangat KOECH,19 DEC 1993,KEN,2,,Nairobi (KEN),11 JUL 2015,1126
137,13:23.51,Isiah Kiplangat KOECH,19 DEC 1993,KEN,10h2,,"National Stadium, Beijing (CHN)",26 AUG 2015,1125
138,13:23.65,Hiran NGATIA,1992,KEN,1f1,,Gifu (JPN),27 SEP 2015,1124
139,13:23.66,Frederick Kipkosgei KIPTOO,13 NOV 1996,KEN,1f1,,Oordegem (BEL),23 MAY 2015,1124
140,13:23.69,Paul KAMAIS,24 OCT 1996,KEN,6f3,,Nobeoka (JPN),09 MAY 2015,1124
141,13:23.70,Albert ROP,17 JUL 1992,BRN,1,,Mungyeong (KOR),08 OCT 2015,1124
142,13:23.72,Dejen GEBREMESKEL,24 NOV 1989,ETH,1,,"Mestský Stadion, Ostrava (CZE)",26 MAY 2015,1124
143,13:23.79,Abrar OSMAN,01 JAN 1994,ERI,4,,Brazzaville (CGO),17 SEP 2015,1124
144,13:23.80,Ambrose BORE,08 AUG 1995,KEN,2f1,,Oordegem (BEL),23 MAY 2015,1124
145,13:23.91,Aras KAYA,04 APR 1994,KEN,1f2,,Cheboksary (RUS),03 AUG 2015,1124
146,13:23.93,Jonathan Muia NDIKU,18 SEP 1991,KEN,4f1,,Hiroshima (JPN),18 APR 2015,1123
147,13:24.21,John MAINA,14 JUL 1993,KEN,7f3,,Nobeoka (JPN),09 MAY 2015,1122
148,13:24.41,Ronald MUSAGALA,16 DEC 1992,UGA,1f1,,Nijmegen (NED),27 MAY 2015,1122
149,13:24.50,James WANGARI,23 MAR 1994,KEN,1f11,,Shizuoka (JPN),27 JUN 2015,1121
150,13:24.63,Getaneh MOLLA,10 JAN 1994,ETH,9,,"Stade Olympique de la Pontaise, Lausanne (SUI)",09 JUL 2015,1121
151,13:24.69,David NJUGUNA,06 SEP 1989,KEN,8f3,,Nobeoka (JPN),09 MAY 2015,1121
152,13:24.80,Victor Kimutai CHUMO,19 MAR 1987,KEN,5,,Brazzaville (CGO),17 SEP 2015,1120
153,13:24.87,Kassa MAKASHAW,19 MAR 1984,ETH,2f16,,Saitama (JPN),24 OCT 2015,1120
153,13:24.87,Kassa MAKASHAW,19 MAR 1984,ETH,2,,Konosu (JPN),24 OCT 2015,1120
155,13:24.96,Abiyote ABINET,10 MAY 1989,ETH,1f30,,Yokohama (JPN),07 JUN 2015,1120
156,13:25.00,Cyrus RUTTO,21 APR 1992,KEN,2f1,,Nijmegen (NED),27 MAY 2015,1120
156,13:25.00,Tariq Ahmed AL AMRI,23 DEC 1990,KSA,1f1,,Kessel-Lo (BEL),08 AUG 2015,1120
158,13:25.03,Stephen MOKOKA,31 JAN 1985,RSA,6,,Brazzaville (CGO),17 SEP 2015,1120
159,13:25.09,Abdelaati IGUIDER,25 MAR 1987,MAR,10,,"Stade Olympique de la Pontaise, Lausanne (SUI)",09 JUL 2015,1119
160,13:25.13,Stephen SAMBU,07 JUL 1988,KEN,6,,"Alexander Stadium, Birmingham (GBR)",07 JUN 2015,1119
161,13:25.23,Chris DERRICK,17 OCT 1990,USA,15,,"Boudewijnstadion, Bruxelles (BEL)",11 SEP 2015,1119
162,13:25.24,Johana MAINA,24 DEC 1990,KEN,2f30,,Yokohama (JPN),07 JUN 2015,1119
163,13:25.4h,Emmanuel KIPSANG,13 JUN 1991,KEN,3,,Nairobi (KEN),11 JUL 2015,1118
164,13:25.41,Zane ROBERTSON,14 NOV 1989,NZL,2,,Auckland (NZL),26 FEB 2015,1118
164,13:25.41,Ali KAYA,20 APR 1994,TUR,1,,Rovereto (ITA),08 SEP 2015,1118
166,13:25.46,James WANGARI,23 MAR 1994,KEN,5f1,,Hiroshima (JPN),18 APR 2015,1118
167,13:25.52,Andy VERNON,07 JAN 1986,GBR,5,,"Olympiastadion, Berlin (GER)",06 SEP 2015,1118
168,13:25.70,Dejene DEBELA,09 JAN 1995,ETH,1f1,,Carquefou (FRA),19 JUN 2015,1117
169,13:25.85,Aron KIFLE,20 FEB 1998,ERI,11h2,,"National Stadium, Beijing (CHN)",26 AUG 2015,1117
170,13:26.19,Zouhaïr AWAD,07 APR 1989,BRN,2,,Mungyeong (KOR),08 OCT 2015,1115
171,13:26.20,Phillip KIPYEKO,10 JAN 1995,UGA,12h2,,"National Stadium, Beijing (CHN)",26 AUG 2015,1115
172,13:26.25,Joseph CHACHA,05 SEP 1992,KEN,2f21,,Tokyo (JPN),03 OCT 2015,1115
173,13:26.61,Yasin HAJI,22 JAN 1996,ETH,7,,Brazzaville (CGO),17 SEP 2015,1114
174,13:26.69,Ambrose BORE,08 AUG 1995,KEN,3f1,,Nijmegen (NED),27 MAY 2015,1114
175,13:26.77,Hayle IBRAHIMOV,18 JAN 1990,AZE,2,,"Mestský Stadion, Ostrava (CZE)",26 MAY 2015,1113
176,13:26.85,Aron KIFLE,20 FEB 1998,ERI,8,,Brazzaville (CGO),17 SEP 2015,1113
177,13:26.86,William Malel SITONIK,01 MAR 1994,KEN,3f5,,Kumamoto (JPN),04 APR 2015,1113
178,13:26.98,Antonio ABADÍA,02 JUL 1990,ESP,1,,Mataró (ESP),18 JUL 2015,1113
179,13:27.05,Bernard KIMANI,30 SEP 1993,KEN,6f1,,Hiroshima (JPN),18 APR 2015,1112
180,13:27.10,Henrik INGEBRIGTSEN,24 FEB 1991,NOR,11f1,,"Palo Alto, CA (USA)",02 MAY 2015,1112
181,13:27.25,Soufiyan BOUQANTAR,30 AUG 1993,MAR,2f1,,Carquefou (FRA),19 JUN 2015,1112
182,13:27.31,Isiah Kiplangat KOECH,19 DEC 1993,KEN,6,,"Olympiastadion, Berlin (GER)",06 SEP 2015,1112
183,13:27.32,Frederick Kipkosgei KIPTOO,13 NOV 1996,KEN,4f1,,Nijmegen (NED),27 MAY 2015,1111
184,13:27.38,Thierry NDIKUMWENAYO,26 MAR 1997,BDI,9,,Brazzaville (CGO),17 SEP 2015,1111
185,13:27.44,Daniel KIPKEMBOI,05 JUL 1996,KEN,1f29,,Yokohama (JPN),26 APR 2015,1111
186,13:27.66,Samuel MWANGI,19 SEP 1997,KEN,3f21,,Tokyo (JPN),03 OCT 2015,1110
187,13:27.70,Seifu TURA,19 JUN 1997,ETH,4,,Barcelona (ESP),08 JUL 2015,1110
188,13:28.07,Bashir ABDI,10 FEB 1989,BEL,3,,"Mestský Stadion, Ostrava (CZE)",26 MAY 2015,1109
188,13:28.07,Geoffrey KOECH,28 AUG 1993,KEN,1h1,,Nairobi (KEN),09 JUL 2015,1109
190,13:28.13,Emmanuel Kipkemei BETT,29 MAR 1985,KEN,2h1,,Nairobi (KEN),09 JUL 2015,1109
191,13:28.18,Paul KUIRA,25 JAN 1991,KEN,2f29,,Yokohama (JPN),26 APR 2015,1108
192,13:28.21,Paul KUIRA,25 JAN 1991,KEN,1f1,,Kitami (JPN),12 JUL 2015,1108
193,13:28.26,David MCNEILL,06 OCT 1986,AUS,1,,Joensuu (FIN),23 JUL 2015,1108
194,13:28.29,Ilias FIFA,16 MAY 1989,ESP,13h2,,"National Stadium, Beijing (CHN)",26 AUG 2015,1108
195,13:28.32,Frederick Kipkosgei KIPTOO,13 NOV 1996,KEN,1f2,,Heusden-Zolder (BEL),18 JUL 2015,1108
196,13:28.35,Antonio ABADÍA,02 JUL 1990,ESP,14,,"Stadio Olimpico, Roma (ITA)",04 JUN 2015,1108
197,13:28.39,Afewerki BERHANE,06 MAY 1996,ERI,3f1,,Carquefou (FRA),19 JUN 2015,1108
198,13:28.41,Enock OMWAMBA,04 APR 1993,KEN,4f5,,Kumamoto (JPN),04 APR 2015,1108
199,13:28.50,Joshua CHEPTEGEI,12 SEP 1996,UGA,1f1,,Kampala (UGA),17 JUL 2015,1107
200,13:28.56,Teklit TEWELDEBRHAN,01 OCT 1993,ERI,4f1,,Carquefou (FRA),19 JUN 2015,1107
201,13:28.58,Juan Luis BARRIOS,24 JUN 1983,MEX,12,,"Hayward Field, Eugene, OR (USA)",29 MAY 2015,1107
202,13:28.61,Shuho DAIROKUNO,23 DEC 1992,JPN,2f2,,Heusden-Zolder (BEL),18 JUL 2015,1107
203,13:28.62,Rodgers KWEMOI,03 MAR 1998,KEN,2f1,,Kitami (JPN),12 JUL 2015,1107
204,13:28.67,Hassan CHANI,05 MAY 1988,BRN,5f1,,Carquefou (FRA),19 JUN 2015,1107
205,13:28.69,Elroy GELANT,25 AUG 1986,RSA,4,,"Mestský Stadion, Ostrava (CZE)",26 MAY 2015,1107
206,13:28.71,Hassan CHANI,05 MAY 1988,BRN,2,,Mataró (ESP),18 JUL 2015,1107
207,13:28.77,Hayle IBRAHIMOV,18 JAN 1990,AZE,14h2,,"National Stadium, Beijing (CHN)",26 AUG 2015,1106
208,13:28.86,Rodgers KWEMOI,03 MAR 1998,KEN,1f7,,Nagoya (JPN),30 MAY 2015,1106
209,13:28.95,John MAINA,14 JUL 1993,KEN,3f30,,Yokohama (JPN),07 JUN 2015,1106
210,13:29.01,Japhet Kipyegon KORIR,30 JUN 1993,KEN,5,,"Mestský Stadion, Ostrava (CZE)",26 MAY 2015,1106
211,13:29.03,Aweke AYALEW,23 FEB 1993,BRN,3,,Manama (BRN),27 APR 2015,1105
212,13:29.27,Cyrus RUTTO,21 APR 1992,KEN,3f1,,Oordegem (BEL),23 MAY 2015,1105
213,13:29.32,Ross PROUDFOOT,04 JUL 1992,CAN,3f2,,Heusden-Zolder (BEL),18 JUL 2015,1104
214,13:29.40,Paul KUIRA,25 JAN 1991,KEN,4f30,,Yokohama (JPN),07 JUN 2015,1104
215,13:29.43,Bernard KIMANI,30 SEP 1993,KEN,3,,Kumagaya (JPN),17 MAY 2015,1104
216,13:29.48,Ben TRUE,29 DEC 1985,USA,1,,"Icahn Stadium, New York, NY (USA)",13 JUN 2015,1104
217,13:29.49,Andrew BUTCHART,14 OCT 1991,GBR,3f1,,Ninove (BEL),01 AUG 2015,1104
218,13:29.53,James WANGARI,23 MAR 1994,KEN,2f7,,Nagoya (JPN),30 MAY 2015,1104
219,13:29.54,Martin SPERLICH,28 AUG 1991,GER,4f1,,Ninove (BEL),01 AUG 2015,1104
220,13:29.63,Florian ORTH,24 JUL 1989,GER,4f1,,Oordegem (BEL),23 MAY 2015,1103
221,13:29.77,Marouan RAZINE,09 APR 1991,ITA,2,,Rovereto (ITA),08 SEP 2015,1103
222,13:29.78,Nick WILLIS,25 APR 1983,NZL,2,,"Icahn Stadium, New York, NY (USA)",13 JUN 2015,1103
223,13:29.79,Lucas BRUCHET,23 FEB 1991,CAN,5f1,,Ninove (BEL),01 AUG 2015,1103
224,13:30.09,Brian SHRADER,22 JUL 1991,USA,4f2,,Heusden-Zolder (BEL),18 JUL 2015,1102
225,13:30.11,Youssouf HISS BACHIR,01 JAN 1987,DJI,5f1,,Nijmegen (NED),27 MAY 2015,1102
226,13:30.20,Rodgers KWEMOI,03 MAR 1998,KEN,3f29,,Yokohama (JPN),26 APR 2015,1101
226,13:30.20,Nixon Kiplimo CHEPSEBA,12 DEC 1990,KEN,5,,Barcelona (ESP),08 JUL 2015,1101
228,13:30.22,Nguse AMLOSOM,10 NOV 1986,ERI,3,,"Icahn Stadium, New York, NY (USA)",13 JUN 2015,1101
228,13:30.22,Samuel MWANGI,19 SEP 1997,KEN,2f37,,Yokohama (JPN),14 NOV 2015,1101
230,13:30.26,Thomas Pkemei LONGOSIWA,14 JAN 1982,KEN,4,,"Icahn Stadium, New York, NY (USA)",13 JUN 2015,1101
231,13:30.35,David TORRENCE,26 NOV 1985,USA,2f1,,"Portland, OR (USA)",14 JUN 2015,1101
232,13:30.50,Sam STABLER,17 MAY 1992,GBR,1f1,,"Palo Alto, CA (USA)",03 APR 2015,1100
233,13:30.60,Olivier IRABARUTA,25 AUG 1990,BDI,6f1,,Ninove (BEL),01 AUG 2015,1100
234,13:30.76,Polat Kemboi ARIKAN,12 DEC 1990,TUR,1,,Mersin (TUR),30 MAY 2015,1099
234,13:30.76,Alexander Mutiso MUNYAO,10 SEP 1996,KEN,3f37,,Yokohama (JPN),14 NOV 2015,1099
236,13:30.81,Jose Juan ESPARZA,26 AUG 1990,MEX,2f1,,"Palo Alto, CA (USA)",03 APR 2015,1099
237,13:30.83,Stefano LA ROSA,28 SEP 1985,ITA,5f1,,Oordegem (BEL),23 MAY 2015,1099
237,13:30.83,Edwin Cheruiyot SOI,03 MAR 1986,KEN,1,,Nairobi (KEN),01 AUG 2015,1099
239,13:30.94,Melaku ABERA,20 APR 1994,ETH,2f2,,Hiroshima (JPN),18 APR 2015,1099
240,13:30.95,Haron LAGAT,15 AUG 1983,KEN,7,,"Olympiastadion, Berlin (GER)",06 SEP 2015,1099
241,13:30.98,Abraham HABTE,14 JUL 1996,ERI,2,,Joensuu (FIN),23 JUL 2015,1099
242,13:31.00,Patrick MWAKA,02 NOV 1992,KEN,5f5,,Kumamoto (JPN),04 APR 2015,1099
243,13:31.02,Said EL OTMANI,14 OCT 1991,MAR,3,,Rovereto (ITA),08 SEP 2015,1099
244,13:31.14,Tsegay TUEMAY,20 DEC 1995,ERI,3,,Joensuu (FIN),23 JUL 2015,1098
245,13:31.19,David NJUGUNA,06 SEP 1989,KEN,3f2,,Hiroshima (JPN),18 APR 2015,1098
246,13:31.23,Cornelius KANGOGO,15 DEC 1993,KEN,1,,Nairobi (KEN),20 JUN 2015,1098
247,13:31.24,John MAINA,14 JUL 1993,KEN,4f21,,Tokyo (JPN),03 OCT 2015,1098
248,13:31.25,Bernard KIMANI,30 SEP 1993,KEN,5f30,,Yokohama (JPN),07 JUN 2015,1098
249,13:31.33,Tarik HADDADI,07 JUN 1990,MAR,7f1,,Ninove (BEL),01 AUG 2015,1097
250,13:31.34,Japhet Kipyegon KORIR,30 JUN 1993,KEN,2,,Turku (FIN),25 JUN 2015,1097
251,13:31.35,Kota MURAYAMA,23 FEB 1993,JPN,7f1,,Hiroshima (JPN),18 APR 2015,1097
252,13:31.37,Moses Ndiema KIPSIRO,02 SEP 1986,UGA,5,,"Icahn Stadium, New York, NY (USA)",13 JUN 2015,1097
253,13:31.41,Roy HOORNWEG,08 MAY 1989,NED,5f2,,Heusden-Zolder (BEL),18 JUL 2015,1097
254,13:31.42,Olivier IRABARUTA,25 AUG 1990,BDI,6,,Barcelona (ESP),08 JUL 2015,1097
255,13:31.44,Olivier IRABARUTA,25 AUG 1990,BDI,4,,Rovereto (ITA),08 SEP 2015,1097
256,13:31.48,Emmanuel KIPSANG,13 JUN 1991,KEN,3,,Mungyeong (KOR),08 OCT 2015,1097
257,13:31.59,Anthony ROTICH,20 OCT 1990,USA,3f1,,"Palo Alto, CA (USA)",03 APR 2015,1097
258,13:31.64,Diego ESTRADA,19 DEC 1989,USA,1f1,,"Walnut, CA (USA)",17 APR 2015,1096
259,13:31.66,Brett ROBINSON,08 MAY 1991,AUS,3,,Auckland (NZL),26 FEB 2015,1096
260,13:31.88,Geoffrey KORIR,01 DEC 1996,KEN,6,,"Mestský Stadion, Ostrava (CZE)",26 MAY 2015,1096
261,13:32.06,Tyler PENNEL,21 DEC 1987,USA,3f1,,"Portland, OR (USA)",14 JUN 2015,1095
262,13:32.10,Mohammed AHMED,05 JAN 1991,CAN,4f1,,"Palo Alto, CA (USA)",03 APR 2015,1095
263,13:32.16,Edwin Nyandusi MOKUA,31 DEC 1993,KEN,4f29,,Yokohama (JPN),26 APR 2015,1095
264,13:32.21,Joe STILIN,05 DEC 1989,USA,8f1,,Ninove (BEL),01 AUG 2015,1094
265,13:32.23,Reed CONNOR,25 SEP 1990,USA,6f2,,Heusden-Zolder (BEL),18 JUL 2015,1094
266,13:32.35,Caleb Mwangangi NDIKU,09 OCT 1992,KEN,11,,"Stade Olympique de la Pontaise, Lausanne (SUI)",09 JUL 2015,1094
267,13:32.36,Diego ESTRADA,19 DEC 1989,USA,8,,"Olympiastadion, Berlin (GER)",06 SEP 2015,1094
268,13:32.39,Mohamed ALI,11 NOV 1989,SOM,9f1,,Ninove (BEL),01 AUG 2015,1094
269,13:32.41,Hersuato MAMIYO,13 FEB 1982,ETH,1f1,,Shibetsu (JPN),05 JUL 2015,1094
270,13:32.51,Alexander Mutiso MUNYAO,10 SEP 1996,KEN,5f21,,Tokyo (JPN),03 OCT 2015,1093
271,13:32.54,Brett ROBINSON,08 MAY 1991,AUS,1f1,,"Albert Park, Melbourne (AUS)",21 MAR 2015,1093
272,13:32.62,Alemayehu BEZABEH,22 SEP 1986,ESP,3,,Huelva (ESP),10 JUN 2015,1093
273,13:32.68,Arne GABIUS,22 MAR 1981,GER,6,,"Icahn Stadium, New York, NY (USA)",13 JUN 2015,1093
274,13:32.71,Dawit WOLDE,19 MAY 1991,ETH,7,,"Mestský Stadion, Ostrava (CZE)",26 MAY 2015,1093
275,13:32.72,Naohiro DOMOTO,23 JUL 1989,JPN,8f1,,Hiroshima (JPN),18 APR 2015,1093
276,13:32.80,Willy KWEMOI,08 OCT 1997,KEN,3h1,,Nairobi (KEN),09 JUL 2015,1092
277,13:32.91,Ibrahim HASSAN,01 JAN 1997,DJI,10f1,,Ninove (BEL),01 AUG 2015,1092
278,13:33.00,Imane MERGA,15 OCT 1988,ETH,12,,"Stade Olympique de la Pontaise, Lausanne (SUI)",09 JUL 2015,1092
279,13:33.04,Andrew BUTCHART,14 OCT 1991,GBR,6f1,,Oordegem (BEL),23 MAY 2015,1091
280,13:33.08,Aitor FERNÁNDEZ,13 AUG 1991,ESP,7f2,,Heusden-Zolder (BEL),18 JUL 2015,1091
281,13:33.09,William Malel SITONIK,01 MAR 1994,KEN,6f30,,Yokohama (JPN),07 JUN 2015,1091
282,13:33.14,Merhawi GHEBRESELASSIE,1998,ERI,7f1,,Oordegem (BEL),23 MAY 2015,1091
283,13:33.16,Ben ST. LAWRENCE,07 NOV 1981,AUS,2f1,,"Albert Park, Melbourne (AUS)",21 MAR 2015,1091
283,13:33.16,George ALEX,20 JAN 1990,USA,8f2,,Heusden-Zolder (BEL),18 JUL 2015,1091
285,13:33.17,Jonathan PETERSON,06 JAN 1989,USA,9f2,,Heusden-Zolder (BEL),18 JUL 2015,1091
286,13:33.18,Jeff SEE,06 JUN 1986,USA,3f1,,"Albert Park, Melbourne (AUS)",21 MAR 2015,1091
287,13:33.24,Yemane HAILESELASSIE,21 FEB 1998,ERI,3,,Mataró (ESP),18 JUL 2015,1091
288,13:33.29,Thomas AWAD,27 MAY 1994,USA,5f1,,"Palo Alto, CA (USA)",03 APR 2015,1091
289,13:33.30,Tetsuya YOROIZAKA,20 MAR 1990,JPN,1f1,,Nobeoka (JPN),09 MAY 2015,1091
290,13:33.39,Samuel MWANGI,19 SEP 1997,KEN,3f1,,Kitami (JPN),12 JUL 2015,1090
291,13:33.43,Jose Juan ESPARZA,26 AUG 1990,MEX,2f1,,"Walnut, CA (USA)",17 APR 2015,1090
292,13:33.45,Dawit WOLDE,19 MAY 1991,ETH,3,,Turku (FIN),25 JUN 2015,1090
293,13:33.56,Joseph Kitur KIPLIMO,20 JUL 1988,KEN,4h1,,Nairobi (KEN),09 JUL 2015,1090
294,13:33.58,Teressa NYAKORA,16 FEB 1995,ETH,7f30,,Yokohama (JPN),07 JUN 2015,1090
294,13:33.58,David MCNEILL,06 OCT 1986,AUS,11f1,,Ninove (BEL),01 AUG 2015,1090
296,13:33.64,Charles NDIRANGU,08 FEB 1993,KEN,4f2,,Hiroshima (JPN),18 APR 2015,1089
297,13:33.73,Bernard KIPKEMOI,03 MAY 1994,KEN,5h1,,Nairobi (KEN),09 JUL 2015,1089
298,13:33.77,Rodgers KWEMOI,03 MAR 1998,KEN,9f3,,Nobeoka (JPN),09 MAY 2015,1089
299,13:33.84,Emmanuel KIPSANG,13 JUN 1991,KEN,2,,Nairobi (KEN),01 AUG 2015,1089
300,13:33.90,Mang'ata Kimai NDIWA,12 DEC 1987,KEN,6h1,,Nairobi (KEN),09 JUL 2015,1088
301,13:33.92,Daniel KIPKEMBOI,05 JUL 1996,KEN,1f1,,Abashiri (JPN),16 JUL 2015,1088
302,13:34.00,Aaron BRAUN,28 MAY 1987,USA,4f1,,"Portland, OR (USA)",14 JUN 2015,1088
303,13:34.02,Yuichiro UENO,29 JUL 1985,JPN,9f1,,Hiroshima (JPN),18 APR 2015,1088
304,13:34.16,Vedic KIPKOECH,05 MAR 1996,KEN,8,,"Mestský Stadion, Ostrava (CZE)",26 MAY 2015,1088
305,13:34.21,Leonard OLOITIPTIP,1990,KEN,7h1,,Nairobi (KEN),09 JUL 2015,1087
305,13:34.21,Craig FORYS,13 JUL 1989,USA,1f3,,Heusden-Zolder (BEL),18 JUL 2015,1087
307,13:34.37,Shuho DAIROKUNO,23 DEC 1992,JPN,2f1,,Nobeoka (JPN),09 MAY 2015,1087
308,13:34.42,Thomas JOYCE,20 JUL 1993,USA,1f2,,"Palo Alto, CA (USA)",02 MAY 2015,1087
309,13:34.43,David MCNEILL,06 OCT 1986,AUS,4,,Auckland (NZL),26 FEB 2015,1087
310,13:34.47,Mohamed AL GARNI,02 JUL 1992,QAT,1,,Wuhan (CHN),04 JUN 2015,1086
311,13:34.48,Enock OMWAMBA,04 APR 1993,KEN,1f1,,Fukagawa (JPN),09 JUL 2015,1086
312,13:34.58,Collis BIRMINGHAM,27 DEC 1984,AUS,15h2,,"National Stadium, Beijing (CHN)",26 AUG 2015,1086
313,13:34.63,Alemu BEKELE,23 MAR 1990,BRN,9,,"Mestský Stadion, Ostrava (CZE)",26 MAY 2015,1086
314,13:34.68,Yuta SHITARA,18 DEC 1991,JPN,10f1,,Hiroshima (JPN),18 APR 2015,1086
314,13:34.68,Reed CONNOR,25 SEP 1990,USA,1,,"Concord, MA (USA)",04 JUN 2015,1086
316,13:34.76,Debeli GEZMU,14 APR 1996,ETH,10,,"Mestský Stadion, Ostrava (CZE)",26 MAY 2015,1085
317,13:34.77,Yuichiro UENO,29 JUL 1985,JPN,2f1,,Fukagawa (JPN),09 JUL 2015,1085
318,13:34.85,Alexander Mutiso MUNYAO,10 SEP 1996,KEN,8f30,,Yokohama (JPN),07 JUN 2015,1085
318,13:34.85,Joseph ONSARIGO,1992,KEN,2f1,,Abashiri (JPN),16 JUL 2015,1085
320,13:34.86,Justyn KNIGHT,19 JUL 1996,CAN,2f2,,"Palo Alto, CA (USA)",02 MAY 2015,1085
321,13:34.89,Tariq Ahmed AL AMRI,23 DEC 1990,KSA,4,,Mungyeong (KOR),08 OCT 2015,1085
322,13:34.96,Jason WITT,09 DEC 1989,USA,3f1,,"Walnut, CA (USA)",17 APR 2015,1085
323,13:35.14,Isiah Kiplangat KOECH,19 DEC 1993,KEN,3h2,,Nairobi (KEN),09 JUL 2015,1084
324,13:35.17,Stephen Omiso ARITA,26 JUN 1988,KEN,2,,Nairobi (KEN),12 JUN 2015,1084
325,13:35.26,Albert ROP,17 JUL 1992,BRN,2,,Wuhan (CHN),04 JUN 2015,1084
326,13:35.32,Edward RONO,06 AUG 1998,KEN,4h2,,Nairobi (KEN),09 JUL 2015,1084
327,13:35.35,Enock OMWAMBA,04 APR 1993,KEN,1,,Yokohama (JPN),16 MAY 2015,1083
328,13:35.43,Anatoliy RYBAKOV,27 FEB 1985,RUS,1,,Sochi (RUS),28 MAY 2015,1083
329,13:35.44,Paul KUIRA,25 JAN 1991,KEN,2f1,,Shibetsu (JPN),05 JUL 2015,1083
330,13:35.54,Andrew J. ACOSTA,13 APR 1988,USA,6f1,,"Palo Alto, CA (USA)",03 APR 2015,1083
331,13:35.67,Ben BRUCE,10 SEP 1982,USA,7f1,,"Palo Alto, CA (USA)",03 APR 2015,1082
332,13:35.70,Martin HEHIR,19 DEC 1992,USA,3f2,,"Palo Alto, CA (USA)",02 MAY 2015,1082
333,13:35.75,Rinas AKHMADEYEV,25 MAY 1989,RUS,2,,Sochi (RUS),28 MAY 2015,1082
334,13:35.77,Zouhair TALBI,08 APR 1995,MAR,6f1,,Carquefou (FRA),19 JUN 2015,1082
335,13:35.91,Faisa Dame TASAMA,12 OCT 1987,ETH,8f1,,Oordegem (BEL),23 MAY 2015,1081
336,13:35.99,Andrew SPRINGER,10 MAR 1991,USA,2,,"Concord, MA (USA)",04 JUN 2015,1081
337,13:36.01,Tetsuya YOROIZAKA,20 MAR 1990,JPN,9f30,,Yokohama (JPN),07 JUN 2015,1081
338,13:36.09,Takashi ICHIDA,16 JUN 1992,JPN,3f1,,Nobeoka (JPN),09 MAY 2015,1081
339,13:36.17,Collis BIRMINGHAM,27 DEC 1984,AUS,7,,"Alexander Stadium, Birmingham (GBR)",07 JUN 2015,1081
339,13:36.17,Tsegay TUEMAY,20 DEC 1995,ERI,7f1,,Carquefou (FRA),19 JUN 2015,1081
341,13:36.19,Bashir ABDI,10 FEB 1989,BEL,4,,Huelva (ESP),10 JUN 2015,1081
342,13:36.20,Jim SPISAK,18 NOV 1990,USA,3,,"Concord, MA (USA)",04 JUN 2015,1080
343,13:36.22,Morgan PEARSON,22 SEP 1993,USA,4f1,,"Walnut, CA (USA)",17 APR 2015,1080
344,13:36.25,Nixon Kiplimo CHEPSEBA,12 DEC 1990,KEN,7,,"Icahn Stadium, New York, NY (USA)",13 JUN 2015,1080
345,13:36.29,Jonathan PETERSON,06 JAN 1989,USA,8f1,,"Palo Alto, CA (USA)",03 APR 2015,1080
346,13:36.42,Masaki TODA,21 JUN 1993,JPN,3f1,,Abashiri (JPN),16 JUL 2015,1080
347,13:36.62,Lakshmanan GOVINDAN,05 JUN 1990,IND,3,,Wuhan (CHN),04 JUN 2015,1079
348,13:36.66,Joseph MUMO,25 NOV 1994,KEN,6f21,,Tokyo (JPN),03 OCT 2015,1079
349,13:36.69,Christopher LANDRY,29 APR 1986,USA,5f1,,"Walnut, CA (USA)",17 APR 2015,1079
350,13:36.70,Daniel KIPKEMBOI,05 JUL 1996,KEN,1,,Gifu (JPN),10 MAY 2015,1079
350,13:36.7h,James KIBET,10 NOV 1988,KEN,4,,Nairobi (KEN),11 JUL 2015,1079
352,13:36.76,Samuel MWANGI,19 SEP 1997,KEN,3f1,,Shibetsu (JPN),05 JUL 2015,1079
352,13:36.76,Yuma HATTORI,13 NOV 1993,JPN,4f1,,Kitami (JPN),12 JUL 2015,1079
354,13:36.77,Erik OLSON,15 MAR 1992,USA,4f2,,"Palo Alto, CA (USA)",02 MAY 2015,1079
355,13:36.80,David MCNEILL,06 OCT 1986,AUS,4f1,,"Albert Park, Melbourne (AUS)",21 MAR 2015,1078
355,13:36.80,Carlos MAYO,18 SEP 1995,ESP,1f2,,Oordegem (BEL),23 MAY 2015,1078
357,13:36.81,Marc SCOTT,21 DEC 1993,GBR,5f2,,"Palo Alto, CA (USA)",02 MAY 2015,1078
358,13:36.9h,Matthew RAMSDEN,23 JUL 1997,AUS,1,,Perth (AUS),22 JAN 2015,1078
359,13:37.02,Alex KIBET,10 NOV 1990,KEN,1,,Doha (QAT),29 APR 2015,1078
359,13:37.02,Paul CHELIMO,27 OCT 1990,USA,12f1,,"Palo Alto, CA (USA)",02 MAY 2015,1078
361,13:37.05,Pierce MURPHY,23 AUG 1993,USA,6f2,,"Palo Alto, CA (USA)",02 MAY 2015,1078
362,13:37.18,Kassa MAKASHAW,19 MAR 1984,ETH,4,,Kumagaya (JPN),17 MAY 2015,1077
362,13:37.18,Bira SEBOKA,16 NOV 1994,ETH,4,,Bottrop (GER),21 JUN 2015,1077
364,13:37.22,Kota MURAYAMA,23 FEB 1993,JPN,1,,Nagoya (JPN),28 JUN 2015,1077
365,13:37.27,Joe STILIN,05 DEC 1989,USA,10f2,,Heusden-Zolder (BEL),18 JUL 2015,1077
366,13:37.3h,Nixon Kiplimo CHEPSEBA,12 DEC 1990,KEN,1,,Nakuru (KEN),18 APR 2015,1077
366,13:37.30,Hassan MEAD,28 AUG 1989,USA,13,,"Stade Olympique de la Pontaise, Lausanne (SUI)",09 JUL 2015,1077
368,13:37.40,Gurmessa NEGA,1997,ETH,8f1,,Carquefou (FRA),19 JUN 2015,1076
368,13:37.40,Cornelius KANGOGO,15 DEC 1993,KEN,5h2,,Nairobi (KEN),09 JUL 2015,1076
370,13:37.41,Patrick MATHENGE,02 NOV 1997,KEN,2,,Yokohama (JPN),16 MAY 2015,1076
371,13:37.44,Merhawi GHEBRESELASSIE,1998,ERI,6f1,,Nijmegen (NED),27 MAY 2015,1076
372,13:37.50,Jonathan MELLOR,27 DEC 1986,GBR,7f2,,"Palo Alto, CA (USA)",02 MAY 2015,1076
373,13:37.53,Hersuato MAMIYO,13 FEB 1982,ETH,3,,Kitakyushu (JPN),03 NOV 2015,1076
374,13:37.54,Isaac KIMELI,09 MAR 1994,BEL,9f1,,Oordegem (BEL),23 MAY 2015,1076
375,13:37.65,Andrew SPRINGER,10 MAR 1991,USA,8f2,,"Palo Alto, CA (USA)",02 MAY 2015,1075
376,13:37.72,Suguru OSAKO,23 MAY 1991,JPN,2,,Nagoya (JPN),28 JUN 2015,1075
376,13:37.72,Japhet Kipyegon KORIR,30 JUN 1993,KEN,6h2,,Nairobi (KEN),09 JUL 2015,1075
378,13:37.76,Yuta SHITARA,18 DEC 1991,JPN,11f2,,Heusden-Zolder (BEL),18 JUL 2015,1075
379,13:37.79,Jon GREY,13 FEB 1988,USA,9f1,,"Palo Alto, CA (USA)",03 APR 2015,1075
380,13:37.89,Kensuke TAKEZAWA,11 OCT 1986,JPN,4f1,,Nobeoka (JPN),09 MAY 2015,1075
380,13:37.89,Yassine RACHIK,11 JUN 1993,MAR,7f1,,Nijmegen (NED),27 MAY 2015,1075
382,13:37.90,Chiharu NAKAGAWA,08 APR 1986,JPN,5f1,,Kitami (JPN),12 JUL 2015,1075
383,13:37.94,Abdallah Kibet MANDE,10 MAY 1995,UGA,5,,Bottrop (GER),21 JUN 2015,1074
384,13:37.95,Mykola NYZHNYK,26 JUL 1995,UKR,5,,Rovereto (ITA),08 SEP 2015,1074
385,13:37.98,Paul CHELIMO,27 OCT 1990,USA,5f1,,"Portland, OR (USA)",14 JUN 2015,1074
386,13:38.01,Thomas LANCASHIRE,02 JUL 1985,GBR,9f2,,"Palo Alto, CA (USA)",02 MAY 2015,1074
387,13:38.02,Tim RITCHIE,07 AUG 1987,USA,4,,"Concord, MA (USA)",04 JUN 2015,1074
388,13:38.1h,Emmanuel Kipkemei BETT,29 MAR 1985,KEN,5,,Nairobi (KEN),11 JUL 2015,1074
389,13:38.17,Agato Yashin HASSAN,19 JAN 1986,ETH,3f7,,Nagoya (JPN),30 MAY 2015,1074
390,13:38.18,Alexander Mutiso MUNYAO,10 SEP 1996,KEN,1,,Yokohama (JPN),06 DEC 2015,1074
391,13:38.32,Ross PROUDFOOT,04 JUL 1992,CAN,10f2,,"Palo Alto, CA (USA)",02 MAY 2015,1073
392,13:38.4h,Jairus Kipchoge BIRECH,14 DEC 1992,KEN,2,,Nakuru (KEN),18 APR 2015,1073
393,13:38.42,Yevgeniy RYBAKOV,27 FEB 1985,RUS,3,,Sochi (RUS),28 MAY 2015,1073
394,13:38.45,Hazuma HATTORI,07 FEB 1995,JPN,1,,Osaka (JPN),12 SEP 2015,1073
395,13:38.47,Stephen KIBET,09 NOV 1986,KEN,1,,Luanda (ANG),02 JAN 2015,1073
396,13:38.50,Jeremiah KAREMI,07 JUL 1994,KEN,4,,Kitakyushu (JPN),03 NOV 2015,1073
396,13:38.50,Jeremiah KAREMI,07 JUL 1994,KEN,1f1,,Kitakyushu (JPN),03 NOV 2015,1073
398,13:38.51,David NJUGUNA,06 SEP 1989,KEN,1f2,,Gifu (JPN),27 SEP 2015,1073
399,13:38.52,Henry KIPLAGAT,16 DEC 1992,KEN,2,,Doha (QAT),29 APR 2015,1072
400,13:38.53,Tsuyoshi UGACHI,27 APR 1987,JPN,6f1,,Kitami (JPN),12 JUL 2015,1072
400,13:38.53,Albert ROP,17 JUL 1992,BRN,1,,Qatif (KSA),25 OCT 2015,1072
402,13:38.56,Yudai OKAMOTO,29 DEC 1991,JPN,7f1,,Kitami (JPN),12 JUL 2015,1072
403,13:38.57,Jonathan PETERSON,06 JAN 1989,USA,13f1,,"Palo Alto, CA (USA)",02 MAY 2015,1072
404,13:38.60,Kaito KITA,23 FEB 1992,JPN,5f1,,Nobeoka (JPN),09 MAY 2015,1072
405,13:38.67,John MAINA,14 JUL 1993,KEN,3f1,,Fukagawa (JPN),09 JUL 2015,1072
406,13:38.68,Berhane AMANUEL,27 JAN 1996,ERI,4,,Mataró (ESP),18 JUL 2015,1072
407,13:38.72,Aritaka KAJIWARA,16 JUN 1988,JPN,2,,Yokohama (JPN),06 DEC 2015,1072
408,13:38.75,Ronald KWEMOI,19 SEP 1995,KEN,1f3,,Gifu (JPN),27 SEP 2015,1072
409,13:38.78,Jake EDWARDS,27 APR 1988,USA,10f1,,"Palo Alto, CA (USA)",03 APR 2015,1072
409,13:38.78,Soufiane BOUCHIKHI,22 MAR 1990,BEL,12f1,,Ninove (BEL),01 AUG 2015,1072
411,13:38.98,Naohiro DOMOTO,23 JUL 1989,JPN,4,,Wuhan (CHN),04 JUN 2015,1071
412,13:38.99,Alexander Mutiso MUNYAO,10 SEP 1996,KEN,4f1,,Fukagawa (JPN),09 JUL 2015,1071
413,13:39.00,Mitchel BROWN,30 OCT 1988,AUS,5f1,,"Albert Park, Melbourne (AUS)",21 MAR 2015,1071
414,13:39.01,Tsuyoshi UGACHI,27 APR 1987,JPN,4f1,,Shibetsu (JPN),05 JUL 2015,1071
415,13:39.06,Brandon DOUGHTY,14 MAY 1993,USA,11f1,,"Palo Alto, CA (USA)",03 APR 2015,1071
416,13:39.10,Marcel FEHR,20 JUN 1992,GER,10f1,,Oordegem (BEL),23 MAY 2015,1070
417,13:39.15,Alexander Mutiso MUNYAO,10 SEP 1996,KEN,4f1,,Abashiri (JPN),16 JUL 2015,1070
418,13:39.26,Aleksey POPOV,17 JUN 1987,RUS,2f2,,Cheboksary (RUS),03 AUG 2015,1070
419,13:39.29,Dan QUIGLEY,14 JAN 1989,USA,11f2,,"Palo Alto, CA (USA)",02 MAY 2015,1070
420,13:39.36,Alex KIBET,20 OCT 1994,KEN,11,,"Mestský Stadion, Ostrava (CZE)",26 MAY 2015,1070
421,13:39.44,Joseph ONSARIGO,1992,KEN,3f16,,Saitama (JPN),24 OCT 2015,1069
422,13:39.48,David TORRENCE,26 NOV 1985,USA,14f1,,"Palo Alto, CA (USA)",02 MAY 2015,1069
423,13:39.50,Joseph Kitur KIPLIMO,20 JUL 1988,KEN,12,,"Mestský Stadion, Ostrava (CZE)",26 MAY 2015,1069
423,13:39.50,Joseph ONSARIGO,1992,KEN,7f21,,Tokyo (JPN),03 OCT 2015,1069
425,13:39.52,Dan LOWRY,30 OCT 1989,USA,5,,"Concord, MA (USA)",04 JUN 2015,1069
425,13:39.52,Kazuya DEGUCHI,14 AUG 1988,JPN,3,,Nagoya (JPN),28 JUN 2015,1069
427,13:39.53,Paul CHELIMO,27 OCT 1990,USA,6f1,,"Walnut, CA (USA)",17 APR 2015,1069
428,13:39.61,Kevin BATT,28 FEB 1991,IRL,12f1,,"Palo Alto, CA (USA)",03 APR 2015,1069
429,13:39.62,Dishon Karukwa MAINA,19 JUN 1991,KEN,3,,Yokohama (JPN),06 DEC 2015,1069
430,13:39.63,Sindre BURAAS,08 MAY 1989,NOR,11f1,,Oordegem (BEL),23 MAY 2015,1069
431,13:39.64,Mitchel BROWN,30 OCT 1988,AUS,12f2,,"Palo Alto, CA (USA)",02 MAY 2015,1069
432,13:39.65,Birhanu BALEW,27 FEB 1996,BRN,2,,Qatif (KSA),25 OCT 2015,1069
433,13:39.71,Akihiko TSUMURAI,10 JUL 1984,JPN,5f1,,Abashiri (JPN),16 JUL 2015,1068
434,13:39.76,Diego Alberto BORREGO,01 SEP 1988,MEX,7f1,,"Walnut, CA (USA)",17 APR 2015,1068
435,13:39.85,Andrey MINZHULIN,06 SEP 1987,RUS,4,,Sochi (RUS),28 MAY 2015,1068
436,13:39.86,Joseph MUMO,25 NOV 1994,KEN,8f1,,Kitami (JPN),12 JUL 2015,1068
437,13:39.87,Isaac PRESSON,07 FEB 1992,USA,13f2,,"Palo Alto, CA (USA)",02 MAY 2015,1068
438,13:39.91,Lucas BRUCHET,23 FEB 1991,CAN,6f1,,"Portland, OR (USA)",14 JUN 2015,1068
439,13:40.03,Hiroyuki ONO,03 OCT 1986,JPN,4,,Nagoya (JPN),28 JUN 2015,1067
440,13:40.06,Vladimir NIKITIN,05 AUG 1992,RUS,3f2,,Cheboksary (RUS),03 AUG 2015,1067
441,13:40.21,Chris DERRICK,17 OCT 1990,USA,7f1,,"Portland, OR (USA)",14 JUN 2015,1067
442,13:40.22,Patrick MATHENGE,02 NOV 1997,KEN,2,,Osaka (JPN),12 SEP 2015,1067
443,13:40.28,Aitor FERNÁNDEZ,13 AUG 1991,ESP,12f1,,Oordegem (BEL),23 MAY 2015,1066
444,13:40.31,Joseph ONSARIGO,1992,KEN,10f30,,Yokohama (JPN),07 JUN 2015,1066
444,13:40.31,Ibrahim HASSAN,01 JAN 1997,DJI,7,,Barcelona (ESP),08 JUL 2015,1066
446,13:40.39,Byron PIEDRA,19 AUG 1982,ECU,1f1,,"Los Angeles, CA (USA)",09 MAY 2015,1066
447,13:40.43,Yevgeniy KUNTS,21 APR 1993,RUS,5,,Sochi (RUS),28 MAY 2015,1066
448,13:40.59,Paul KUIRA,25 JAN 1991,KEN,5,,Kumagaya (JPN),17 MAY 2015,1065
449,13:40.65,Keisuke TANAKA,06 SEP 1988,JPN,6f1,,Nobeoka (JPN),09 MAY 2015,1065
450,13:40.68,Yuta MATSUDA,12 APR 1988,JPN,6f1,,Abashiri (JPN),16 JUL 2015,1065
451,13:40.70,Brian SHRADER,22 JUL 1991,USA,13f1,,"Palo Alto, CA (USA)",03 APR 2015,1065
452,13:40.75,Moses KIBET,23 MAR 1991,UGA,9f1,,Carquefou (FRA),19 JUN 2015,1065
453,13:40.78,Enock OMWAMBA,04 APR 1993,KEN,3,,Osaka (JPN),12 SEP 2015,1065
454,13:40.80,Brett ROBINSON,08 MAY 1991,AUS,13,,"Mestský Stadion, Ostrava (CZE)",26 MAY 2015,1065
455,13:40.87,David NJUGUNA,06 SEP 1989,KEN,6,,Kumagaya (JPN),17 MAY 2015,1064
455,13:40.87,Tetsuya YOROIZAKA,20 MAR 1990,JPN,5,,Nagoya (JPN),28 JUN 2015,1064
457,13:40.88,Zane ROBERTSON,14 NOV 1989,NZL,8,,"Alexander Stadium, Birmingham (GBR)",07 JUN 2015,1064
458,13:40.93,David MCNEILL,06 OCT 1986,AUS,13,,"Hayward Field, Eugene, OR (USA)",29 MAY 2015,1064
458,13:40.93,Tadashi ISSHIKI,05 JUN 1994,JPN,4,,Osaka (JPN),12 SEP 2015,1064
460,13:40.96,Tyler PENNEL,21 DEC 1987,USA,8f1,,"Walnut, CA (USA)",17 APR 2015,1064
460,13:40.96,Joseph MUMO,25 NOV 1994,KEN,11f30,,Yokohama (JPN),07 JUN 2015,1064
462,13:40.97,Gladwin Sibabalwe MZAZI,28 AUG 1988,RSA,2,,Stellenbosch (RSA),18 APR 2015,1064
463,13:41.02,Daniel KIPKEMBOI,05 JUL 1996,KEN,4f7,,Nagoya (JPN),30 MAY 2015,1064
464,13:41.04,Keita SHITARA,18 DEC 1991,JPN,6f5,,Kumamoto (JPN),04 APR 2015,1064
465,13:41.06,Aleksey POPOV,17 JUN 1987,RUS,6,,Sochi (RUS),28 MAY 2015,1064
466,13:41.09,Joseph ONSARIGO,1992,KEN,7f5,,Kumamoto (JPN),04 APR 2015,1064
467,13:41.13,Shuho DAIROKUNO,23 DEC 1992,JPN,6,,Nagoya (JPN),28 JUN 2015,1063
468,13:41.17,Altobeli SILVA,03 DEC 1990,BRA,1,,São Paulo (BRA),21 MAR 2015,1063
469,13:41.19,Isiah Kiplangat KOECH,19 DEC 1993,KEN,3,,Nairobi (KEN),01 AUG 2015,1063
470,13:41.32,Masahiro TAKAYA,26 OCT 1986,JPN,5f1,,Fukagawa (JPN),09 JUL 2015,1063
471,13:41.48,Tiidrek NURME,18 NOV 1985,EST,13f1,,Oordegem (BEL),23 MAY 2015,1062
472,13:41.66,Yuta SHITARA,18 DEC 1991,JPN,8f5,,Kumamoto (JPN),04 APR 2015,1062
472,13:41.66,Patrick MWAKA,02 NOV 1992,KEN,5f7,,Nagoya (JPN),30 MAY 2015,1062
474,13:41.69,Joseph MUMO,25 NOV 1994,KEN,10f3,,Nobeoka (JPN),09 MAY 2015,1062
475,13:41.74,Ken YOKOTE,27 APR 1993,JPN,7,,Nagoya (JPN),28 JUN 2015,1061
476,13:41.77,Jose Mauricio GONZÁLEZ,14 OCT 1988,COL,2f1,,"Los Angeles, CA (USA)",09 MAY 2015,1061
477,13:41.78,Hideyuki TANAKA,23 FEB 1984,JPN,9f1,,Kitami (JPN),12 JUL 2015,1061
478,13:41.81,Chiharu NAKAGAWA,08 APR 1986,JPN,8,,Nagoya (JPN),28 JUN 2015,1061
479,13:41.83,Kemal KOYUNCU,25 JAN 1985,TUR,12f2,,Heusden-Zolder (BEL),18 JUL 2015,1061
480,13:41.84,Takanori ICHIKAWA,03 NOV 1990,JPN,1f4,,Kumamoto (JPN),04 APR 2015,1061
481,13:41.85,Yassine RACHIK,11 JUN 1993,ITA,6,,Rovereto (ITA),08 SEP 2015,1061
482,13:41.87,Ammar MOUSSA,01 DEC 1993,USA,9f1,,"Walnut, CA (USA)",17 APR 2015,1061
483,13:41.90,Joseph KAMAIS,,KEN,6f7,,Nagoya (JPN),30 MAY 2015,1061
484,13:41.91,Sibusiso NZIMA,23 NOV 1986,RSA,3,,Stellenbosch (RSA),18 APR 2015,1061
485,13:42.00,Chris O'HARE,23 NOV 1990,GBR,14f1,,"Palo Alto, CA (USA)",03 APR 2015,1060
486,13:42.10,Marco Najibe SALAMI,07 JUL 1985,ITA,14f1,,Oordegem (BEL),23 MAY 2015,1060
487,13:42.16,Hironori TSUETAKI,08 MAY 1993,JPN,2f4,,Kumamoto (JPN),04 APR 2015,1060
488,13:42.20,Chiharu NAKAGAWA,08 APR 1986,JPN,1f15,,Yokohama (JPN),24 MAY 2015,1060
488,13:42.20,Thomas FARRELL,23 MAR 1991,GBR,1,,Birmingham (GBR),04 JUL 2015,1060
490,13:42.29,Joe STILIN,05 DEC 1989,USA,14f2,,"Palo Alto, CA (USA)",02 MAY 2015,1059
491,13:42.3h,Vedic KIPKOECH,05 MAR 1996,KEN,3,,Nakuru (KEN),18 APR 2015,1059
492,13:42.31,Daniel MATEO,31 AUG 1989,ESP,13f2,,Heusden-Zolder (BEL),18 JUL 2015,1059
493,13:42.34,Igor MAKSIMOV,26 APR 1992,RUS,7,,Sochi (RUS),28 MAY 2015,1059
493,13:42.34,Hiroki MATSUEDA,20 MAY 1993,JPN,6f1,,Fukagawa (JPN),09 JUL 2015,1059
495,13:42.36,James WANGARI,23 MAR 1994,KEN,4,,Yokohama (JPN),06 DEC 2015,1059
496,13:42.41,Mitsunori ASAOKA,11 JAN 1993,JPN,7f1,,Nobeoka (JPN),09 MAY 2015,1059
497,13:42.46,Hersuato MAMIYO,13 FEB 1982,ETH,8f21,,Tokyo (JPN),03 OCT 2015,1059
498,13:42.48,Yuichiro UENO,29 JUL 1985,JPN,7,,Kumagaya (JPN),17 MAY 2015,1059
498,13:42.48,Teressa NYAKORA,16 FEB 1995,ETH,7f1,,Abashiri (JPN),16 JUL 2015,1059
498,13:42.48,Aritaka KAJIWARA,16 JUN 1988,JPN,8f1,,Abashiri (JPN),16 JUL 2015,1059
501,13:42.51,Shadrack KIPCHIRCHIR,22 FEB 1989,USA,10f1,,"Walnut, CA (USA)",17 APR 2015,1059
502,13:42.54,Daniel KIPKEMBOI,05 JUL 1996,KEN,1,,Aichi (JPN),05 APR 2015,1059
502,13:42.54,John KARIUKI,24 NOV 1997,KEN,5,,Yokohama (JPN),06 DEC 2015,1059
504,13:42.57,Kensuke TAKEZAWA,11 OCT 1986,JPN,9,,Nagoya (JPN),28 JUN 2015,1059
505,13:42.59,Daiki HIROSE,06 OCT 1991,JPN,8f1,,Nobeoka (JPN),09 MAY 2015,1058
506,13:42.62,Soufiane BOUCHIKHI,22 MAR 1990,BEL,10f1,,Carquefou (FRA),19 JUN 2015,1058
507,13:42.67,Kaito KITA,23 FEB 1992,JPN,10,,Nagoya (JPN),28 JUN 2015,1058
508,13:42.68,Kaan Kigen ÖZBILEN,15 JAN 1986,KEN,3,,Doha (QAT),29 APR 2015,1058
509,13:42.75,Patrick MATHENGE,02 NOV 1997,KEN,1,,Kanazawa (JPN),11 APR 2015,1058
510,13:42.79,Taku FUJIMOTO,11 SEP 1989,JPN,9f1,,Nobeoka (JPN),09 MAY 2015,1058
511,13:42.82,Shuho DAIROKUNO,23 DEC 1992,JPN,9f5,,Kumamoto (JPN),04 APR 2015,1058
512,13:42.85,Daniel KIPKEMBOI,05 JUL 1996,KEN,2f3,,Gifu (JPN),27 SEP 2015,1058
513,13:42.86,Tetsuya YOROIZAKA,20 MAR 1990,JPN,11f1,,Hiroshima (JPN),18 APR 2015,1058
514,13:42.87,Melaku ABERA,20 APR 1994,ETH,5,,Kitakyushu (JPN),03 NOV 2015,1057
515,13:42.89,Sondre Nordstad MOEN,12 JAN 1991,NOR,15f1,,Oordegem (BEL),23 MAY 2015,1057
516,13:42.90,Paul KAMAIS,24 OCT 1996,KEN,1f12,,Oita (JPN),17 OCT 2015,1057
517,13:42.94,Taku FUJIMOTO,11 SEP 1989,JPN,10f1,,Kitami (JPN),12 JUL 2015,1057
518,13:42.95,Yuta SHITARA,18 DEC 1991,JPN,12f30,,Yokohama (JPN),07 JUN 2015,1057
519,13:43.00,Samuel MATSEPE,,RSA,4,,Stellenbosch (RSA),18 APR 2015,1057
519,13:43.0h,Geoffrey KOECH,28 AUG 1993,KEN,6,,Nairobi (KEN),11 JUL 2015,1057
521,13:43.02,Charles NDIRANGU,08 FEB 1993,KEN,1,,Miyoshi (JPN),09 MAY 2015,1057
522,13:43.03,Stephen Omiso ARITA,26 JUN 1988,KEN,5,,Mungyeong (KOR),08 OCT 2015,1057
523,13:43.07,Teressa NYAKORA,16 FEB 1995,ETH,11f1,,Kitami (JPN),12 JUL 2015,1057
524,13:43.12,Aritaka KAJIWARA,16 JUN 1988,JPN,7f1,,Fukagawa (JPN),09 JUL 2015,1057
525,13:43.13,Brett ROBINSON,08 MAY 1991,AUS,1,,Hobart (AUS),25 JAN 2015,1057
525,13:43.13,Keita BABA,28 APR 1986,JPN,10f1,,Nobeoka (JPN),09 MAY 2015,1057
527,13:43.14,Shogo NAKAMURA,16 SEP 1992,JPN,11f1,,Nobeoka (JPN),09 MAY 2015,1057
528,13:43.27,Shota SHINJO,11 OCT 1992,JPN,2f15,,Yokohama (JPN),24 MAY 2015,1056
529,13:43.28,Cyrus KINGORI,05 JAN 1997,KEN,5f29,,Yokohama (JPN),26 APR 2015,1056
530,13:43.32,Liam ADAMS,04 SEP 1986,AUS,6f1,,"Albert Park, Melbourne (AUS)",21 MAR 2015,1056
531,13:43.36,Akihiko TSUMURAI,10 JUL 1984,JPN,3f4,,Kumamoto (JPN),04 APR 2015,1056
532,13:43.38,Takashi ICHIDA,16 JUN 1992,JPN,4f4,,Kumamoto (JPN),04 APR 2015,1056
533,13:43.48,Awet Nftalem KIBRAB,09 MAY 1995,ERI,1f1,,Oslo (NOR),28 JUN 2015,1055
534,13:43.54,Samuel MWANGI,19 SEP 1997,KEN,6f29,,Yokohama (JPN),26 APR 2015,1055
535,13:43.62,Zouhair TALBI,08 APR 1995,MAR,13f1,,Ninove (BEL),01 AUG 2015,1055
536,13:43.66,Amos KIRUI,09 FEB 1998,KEN,9f1,,Abashiri (JPN),16 JUL 2015,1055
536,13:43.66,Mohamed ALI,11 NOV 1989,SOM,2f3,,Heusden-Zolder (BEL),18 JUL 2015,1055
538,13:43.74,Jonathan DAVIES,28 OCT 1994,GBR,2f2,,Oordegem (BEL),23 MAY 2015,1055
539,13:43.80,Amos KIRUI,09 FEB 1998,KEN,4f16,,Saitama (JPN),24 OCT 2015,1054
540,13:43.83,Fred MUSOBO,12 AUG 1996,UGA,16f1,,Oordegem (BEL),23 MAY 2015,1054
541,13:43.91,Kaito KITA,23 FEB 1992,JPN,14f2,,Heusden-Zolder (BEL),18 JUL 2015,1054
541,13:43.91,David GREY,,KEN,2f12,,Oita (JPN),17 OCT 2015,1054
543,13:43.92,Alberto SÁNCHEZ,19 OCT 1988,ESP,7,,Rovereto (ITA),08 SEP 2015,1054
544,13:44.00,Keita SHITARA,18 DEC 1991,JPN,8f1,,Fukagawa (JPN),09 JUL 2015,1054
545,13:44.03,Thomas CURTIN,08 AUG 1993,USA,1f3,,"Palo Alto, CA (USA)",02 MAY 2015,1054
546,13:44.11,Jonathan TAYLOR,10 OCT 1987,GBR,14f1,,Ninove (BEL),01 AUG 2015,1053
547,13:44.12,Jose Juan ESPARZA,26 AUG 1990,MEX,6,,"Concord, MA (USA)",04 JUN 2015,1053
548,13:44.22,Hazuma HATTORI,07 FEB 1995,JPN,10f1,,Abashiri (JPN),16 JUL 2015,1053
549,13:44.27,Andy VERNON,07 JAN 1986,GBR,2,,Birmingham (GBR),04 JUL 2015,1053
550,13:44.28,Ryo KINAME,22 JAN 1991,JPN,12f1,,Nobeoka (JPN),09 MAY 2015,1053
550,13:44.28,Hayle IBRAHIMOV,18 JAN 1990,AZE,1,,"Main Stadium, Gwangju (KOR)",12 JUL 2015,1053
552,13:44.3h,Frederick Kipkosgei KIPTOO,13 NOV 1996,KEN,4,,Nakuru (KEN),18 APR 2015,1053
553,13:44.31,Tariq Ahmed AL AMRI,23 DEC 1990,KSA,3,,Qatif (KSA),25 OCT 2015,1053
554,13:44.47,Moses Ndiema KIPSIRO,02 SEP 1986,UGA,14,,"Stade Olympique de la Pontaise, Lausanne (SUI)",09 JUL 2015,1052
555,13:44.57,Moses KIBET,23 MAR 1991,UGA,5,,Huelva (ESP),10 JUN 2015,1052
555,13:44.57,Juan Antonio PÉREZ,06 NOV 1988,ESP,5,,Mataró (ESP),18 JUL 2015,1052
557,13:44.63,Peter CORRIGAN,10 MAR 1989,CAN,15f1,,Ninove (BEL),01 AUG 2015,1051
558,13:44.64,Keijiro MOGI,21 OCT 1995,JPN,1f4,,Nobeoka (JPN),09 MAY 2015,1051
559,13:44.65,Andrey MINZHULIN,06 SEP 1987,RUS,4f2,,Cheboksary (RUS),03 AUG 2015,1051
560,13:44.67,John MAINA,14 JUL 1993,KEN,3f3,,Gifu (JPN),27 SEP 2015,1051
561,13:44.69,Moses Martin KURONG,07 JUL 1994,UGA,8,,Barcelona (ESP),08 JUL 2015,1051
562,13:44.71,Yuichiro UENO,29 JUL 1985,JPN,11,,Nagoya (JPN),28 JUN 2015,1051
563,13:44.74,Clemens BLEISTEIN,29 SEP 1990,GER,8,,Rovereto (ITA),08 SEP 2015,1051
564,13:44.78,Takayuki MATSUMIYA,21 FEB 1980,JPN,9f1,,Fukagawa (JPN),09 JUL 2015,1051
565,13:44.87,Olivier IRABARUTA,25 AUG 1990,BDI,17f1,,Oordegem (BEL),23 MAY 2015,1051
566,13:44.91,Antonio ABADÍA,02 JUL 1990,ESP,8,,"Icahn Stadium, New York, NY (USA)",13 JUN 2015,1051
567,13:44.96,Tadashi ISSHIKI,05 JUN 1994,JPN,1f10,,Tokyo (JPN),04 APR 2015,1050
567,13:44.96,Zach ZARDA,14 MAR 1990,USA,7,,"Concord, MA (USA)",04 JUN 2015,1050
569,13:44.98,Ibrahim HASSAN,01 JAN 1997,DJI,4,,Manama (BRN),27 APR 2015,1050
570,13:45.00,Hagos GEBRHIWET,11 MAY 1994,ETH,1h1,,"National Stadium, Beijing (CHN)",26 AUG 2015,1050
571,13:45.05,Steven CASTEELE,11 JUL 1994,BEL,18f1,,Oordegem (BEL),23 MAY 2015,1050
572,13:45.08,Sean QUIGLEY,08 FEB 1985,USA,11f1,,"Walnut, CA (USA)",17 APR 2015,1050
573,13:45.09,Ben TRUE,29 DEC 1985,USA,2h1,,"National Stadium, Beijing (CHN)",26 AUG 2015,1050
574,13:45.17,Kassa MAKASHAW,19 MAR 1984,ETH,2f10,,Tokyo (JPN),04 APR 2015,1050
575,13:45.21,Marius VEDVIK,18 MAR 1992,NOR,3f3,,Heusden-Zolder (BEL),18 JUL 2015,1049
576,13:45.22,Benjamin NGANDU,21 MAR 1990,KEN,7f29,,Yokohama (JPN),26 APR 2015,1049
577,13:45.25,Edward CHESEREK,02 FEB 1994,KEN,1,,"Los Angeles, CA (USA)",17 MAY 2015,1049
578,13:45.28,Edwin Cheruiyot SOI,03 MAR 1986,KEN,3h1,,"National Stadium, Beijing (CHN)",26 AUG 2015,1049
579,13:45.29,Thomas FARRELL,23 MAR 1991,GBR,4h1,,"National Stadium, Beijing (CHN)",26 AUG 2015,1049
580,13:45.33,Eric JENKINS,24 NOV 1991,USA,2,,"Los Angeles, CA (USA)",17 MAY 2015,1049
581,13:45.34,Clemens BLEISTEIN,29 SEP 1990,GER,19f1,,Oordegem (BEL),23 MAY 2015,1049
582,13:45.39,Mohamed HREZI,28 OCT 1991,USA,1,,Guelph (CAN),30 MAY 2015,1049
583,13:45.41,Titus Kipjumba MBISHEI,28 OCT 1990,KEN,2,,Luanda (ANG),02 JAN 2015,1049
583,13:45.41,Imane MERGA,15 OCT 1988,ETH,5h1,,"National Stadium, Beijing (CHN)",26 AUG 2015,1049
585,13:45.45,Shota SHINJO,11 OCT 1992,JPN,9f21,,Tokyo (JPN),03 OCT 2015,1049
586,13:45.47,Sean QUIGLEY,08 FEB 1985,USA,15f1,,"Palo Alto, CA (USA)",03 APR 2015,1049
587,13:45.51,Daniel MUIVA KITONYI,12 JAN 1994,KEN,5,,Osaka (JPN),12 SEP 2015,1048
588,13:45.53,Phillip KIPYEKO,10 JAN 1995,UGA,14,,"Mestský Stadion, Ostrava (CZE)",26 MAY 2015,1048
589,13:45.54,Samuel MWANGI,19 SEP 1997,KEN,13f30,,Yokohama (JPN),07 JUN 2015,1048
590,13:45.55,Abrar OSMAN,01 JAN 1994,ERI,6h1,,"National Stadium, Beijing (CHN)",26 AUG 2015,1048
591,13:45.56,David MCNEILL,06 OCT 1986,AUS,2,,Hobart (AUS),25 JAN 2015,1048
591,13:45.56,Benjamin NGANDU,21 MAR 1990,KEN,2,,Kanazawa (JPN),11 APR 2015,1048
593,13:45.57,Adam BITCHELL,23 JUN 1991,GBR,12f1,,"Walnut, CA (USA)",17 APR 2015,1048
594,13:45.58,Hironori TSUETAKI,08 MAY 1993,JPN,12,,Nagoya (JPN),28 JUN 2015,1048
594,13:45.58,Shogo NAKAMURA,16 SEP 1992,JPN,2f2,,Gifu (JPN),27 SEP 2015,1048
596,13:45.59,Stephen KISSA,01 DEC 1988,UGA,2f1,,Kampala (UGA),17 JUL 2015,1048
597,13:45.75,Hiroyuki YAMAMOTO,30 APR 1986,JPN,1f2,,Nobeoka (JPN),09 MAY 2015,1048
598,13:45.77,Moses Martin KURONG,07 JUL 1994,UGA,6,,Mataró (ESP),18 JUL 2015,1048
599,13:45.79,Keijiro MOGI,21 OCT 1995,JPN,4f3,,Gifu (JPN),27 SEP 2015,1048
600,13:45.8h,Thomas Pkemei LONGOSIWA,14 JAN 1982,KEN,1h2,,Nakuru (KEN),17 APR 2015,1047
601,13:45.82,Jack KEELAN,02 FEB 1995,USA,2f3,,"Palo Alto, CA (USA)",02 MAY 2015,1047
601,13:45.82,Yassine RACHIK,11 JUN 1993,MAR,6,,Huelva (ESP),10 JUN 2015,1047
601,13:45.82,Suguru OSAKO,23 MAY 1991,JPN,7h1,,"National Stadium, Beijing (CHN)",26 AUG 2015,1047
604,13:45.83,Kirubel ERASSA,17 JUN 1993,USA,1f3,,"Palo Alto, CA (USA)",03 APR 2015,1047
605,13:45.85,Lakshmanan GOVINDAN,05 JUN 1990,IND,6,,Mungyeong (KOR),08 OCT 2015,1047
606,13:45.92,Olivier IRABARUTA,25 AUG 1990,BDI,2,,Boissano (ITA),01 JUL 2015,1047
606,13:45.92,Hiroto INOUE,06 JAN 1993,JPN,15f2,,Heusden-Zolder (BEL),18 JUL 2015,1047
608,13:45.94,Krystian ZALEWSKI,11 APR 1989,POL,1,,Bialogard (POL),29 AUG 2015,1047
609,13:45.97,Kazuya WATANABE,07 JUL 1987,JPN,11f1,,Abashiri (JPN),16 JUL 2015,1047
610,13:46.01,Peter CORRIGAN,10 MAR 1989,CAN,3f3,,"Palo Alto, CA (USA)",02 MAY 2015,1047
611,13:46.06,Richard PETERS,18 FEB 1990,GBR,16f1,,"Palo Alto, CA (USA)",03 APR 2015,1047
612,13:46.15,Vladimir NIKITIN,05 AUG 1992,RUS,8,,Sochi (RUS),28 MAY 2015,1046
612,13:46.15,Masaru AOKI,16 MAY 1990,JPN,12f1,,Abashiri (JPN),16 JUL 2015,1046
614,13:46.17,Jake SHELLEY,16 MAR 1991,GBR,13f1,,"Walnut, CA (USA)",17 APR 2015,1046
615,13:46.18,Keijiro MOGI,21 OCT 1995,JPN,12f1,,Kitami (JPN),12 JUL 2015,1046
616,13:46.2h,Frederick Kipkosgei KIPTOO,13 NOV 1996,KEN,1,,Nairobi (KEN),18 FEB 2015,1046
616,13:46.2h,Jairus Kipchoge BIRECH,14 DEC 1992,KEN,2h2,,Nakuru (KEN),17 APR 2015,1046
618,13:46.29,Charles NDUNGU,20 FEB 1996,KEN,11f3,,Nobeoka (JPN),09 MAY 2015,1046
619,13:46.41,Alex KORIO,20 NOV 1990,KEN,3,,Luanda (ANG),02 JAN 2015,1045
620,13:46.43,Emmanuel KIPSANG,13 JUN 1991,KEN,8h1,,"National Stadium, Beijing (CHN)",26 AUG 2015,1045
621,13:46.44,Rinas AKHMADEYEV,25 MAY 1989,RUS,5f2,,Cheboksary (RUS),03 AUG 2015,1045
622,13:46.46,Nicholas CHEPSEBA,12 OCT 1994,KEN,6f2,,Cheboksary (RUS),03 AUG 2015,1045
623,13:46.47,Juan Luis BARRIOS,24 JUN 1983,MEX,1,,"CIBC, Toronto (CAN)",25 JUL 2015,1045
624,13:46.59,Kazuharu TAKAI,10 MAY 1984,JPN,13f1,,Nobeoka (JPN),09 MAY 2015,1045
625,13:46.60,David TORRENCE,26 NOV 1985,USA,2,,"CIBC, Toronto (CAN)",25 JUL 2015,1045
626,13:46.64,Jake LEINGANG,06 SEP 1994,USA,4f3,,"Palo Alto, CA (USA)",02 MAY 2015,1045
627,13:46.71,Richard WEIR,07 AUG 1984,GBR,3f2,,Oordegem (BEL),23 MAY 2015,1044
628,13:46.73,David NJUGUNA,06 SEP 1989,KEN,14f30,,Yokohama (JPN),07 JUN 2015,1044
629,13:46.75,Teshome MEKONEN,05 AUG 1995,ETH,4,,Luanda (ANG),02 JAN 2015,1044
630,13:46.79,Tom MUTIE,30 DEC 1994,KEN,7h2,,Nairobi (KEN),09 JUL 2015,1044
631,13:46.83,Takanori ICHIKAWA,03 NOV 1990,JPN,13f1,,Abashiri (JPN),16 JUL 2015,1044
632,13:46.84,Zelalem BACHA,10 JAN 1988,BRN,15,,"Mestský Stadion, Ostrava (CZE)",26 MAY 2015,1044
633,13:46.89,Mason FERLIC,05 AUG 1993,USA,5f3,,"Palo Alto, CA (USA)",02 MAY 2015,1044
634,13:46.91,Yegor NIKOLAYEV,28 APR 1988,RUS,9,,Sochi (RUS),28 MAY 2015,1044
635,13:46.94,Victor ARAVENA PINCHEIRA,05 FEB 1990,CHI,3,,"CIBC, Toronto (CAN)",25 JUL 2015,1044
636,13:47.02,Yuki SATO,26 NOV 1986,JPN,10f5,,Kumamoto (JPN),04 APR 2015,1043
637,13:47.04,Daniel MWIBA,,KEN,8f29,,Yokohama (JPN),26 APR 2015,1043
638,13:47.07,Ryota MATONO,17 AUG 1992,JPN,14f1,,Abashiri (JPN),16 JUL 2015,1043
639,13:47.17,Garrett HEATH,03 NOV 1985,USA,4,,"CIBC, Toronto (CAN)",25 JUL 2015,1043
640,13:47.19,David DE MACEDO,07 MAY 1984,BRA,2,,São Paulo (BRA),21 MAR 2015,1043
641,13:47.23,Akihiko TSUMURAI,10 JUL 1984,JPN,5f3,,Gifu (JPN),27 SEP 2015,1043
642,13:47.25,Kei FUMIMOTO,29 SEP 1992,JPN,15f1,,Abashiri (JPN),16 JUL 2015,1043
643,13:47.27,Rabah ABOUD,01 JAN 1981,ALG,1,,Algiers (ALG),08 AUG 2015,1042
644,13:47.29,Tarik HADDADI,07 JUN 1990,MAR,2f1,,Kessel-Lo (BEL),08 AUG 2015,1042
645,13:47.42,Cyrus KINGORI,05 JAN 1997,KEN,1,,Wakayama (JPN),01 AUG 2015,1042
646,13:47.51,Hugo BEAMISH,18 JAN 1989,NZL,3f1,,"Los Angeles, CA (USA)",09 MAY 2015,1042
647,13:47.57,Amos KIRUI,09 FEB 1998,KEN,1,,Tokyo (JPN),04 JUL 2015,1041
648,13:47.59,Toshihiro KENMOTSU,25 JUN 1990,JPN,16f1,,Abashiri (JPN),16 JUL 2015,1041
649,13:47.60,Yannick MICHIELS,29 JUL 1991,BEL,20f1,,Oordegem (BEL),23 MAY 2015,1041
650,13:47.65,Kei FUMIMOTO,29 SEP 1992,JPN,10f21,,Tokyo (JPN),03 OCT 2015,1041
651,13:47.67,Charles NDIRANGU,08 FEB 1993,KEN,1,,Hiroshima (JPN),11 APR 2015,1041
651,13:47.67,Charles NDIRANGU,08 FEB 1993,KEN,1,,Kure (JPN),11 APR 2015,1041
653,13:47.69,François BARRER,08 JUN 1993,FRA,11f1,,Carquefou (FRA),19 JUN 2015,1041
654,13:47.70,Lucas BRUCHET,23 FEB 1991,CAN,2,,Guelph (CAN),30 MAY 2015,1041
655,13:47.74,Hiroto INOUE,06 JAN 1993,JPN,14f1,,Nobeoka (JPN),09 MAY 2015,1041
656,13:47.80,Hillary LANGAT,14 AUG 1995,KEN,15f30,,Yokohama (JPN),07 JUN 2015,1041
656,13:47.8h,Willy KWEMOI,08 OCT 1997,KEN,7,,Nairobi (KEN),11 JUL 2015,1041
658,13:47.81,Yuta TAKAHASHI,13 APR 1987,JPN,3f2,,Gifu (JPN),27 SEP 2015,1041
659,13:47.83,Morgan PEARSON,22 SEP 1993,USA,3,,"Los Angeles, CA (USA)",17 MAY 2015,1041
660,13:47.85,Rabeh KHAOUAS,05 OCT 1986,ALG,2,,Algiers (ALG),08 AUG 2015,1040
661,13:47.88,Kensuke TAKEZAWA,11 OCT 1986,JPN,6f3,,Gifu (JPN),27 SEP 2015,1040
662,13:47.91,Oleg ILYIN,01 MAR 1989,RUS,7f2,,Cheboksary (RUS),03 AUG 2015,1040
663,13:47.93,Mykola LABOVSKIY,04 MAY 1983,UKR,1,,Kirovograd (UKR),09 JUN 2015,1040
664,13:47.96,Toshiyuki YANAGI,23 APR 1993,JPN,17f1,,Abashiri (JPN),16 JUL 2015,1040
665,13:47.97,Ivan Dario GONZALEZ,14 AUG 1987,COL,14f1,,"Walnut, CA (USA)",17 APR 2015,1040
665,13:47.97,Andy VERNON,07 JAN 1986,GBR,15,,"Stade Olympique de la Pontaise, Lausanne (SUI)",09 JUL 2015,1040
667,13:48.03,Cameron LEVINS,28 MAR 1989,CAN,5,,"CIBC, Toronto (CAN)",25 JUL 2015,1040
668,13:48.07,Masato KIKUCHI,18 SEP 1990,JPN,16f2,,Heusden-Zolder (BEL),18 JUL 2015,1040
669,13:48.12,Alex KIBET,10 NOV 1990,KEN,8h1,,Nairobi (KEN),09 JUL 2015,1040
670,13:48.13,Sean MCGORTY,08 MAR 1995,USA,15f2,,"Palo Alto, CA (USA)",02 MAY 2015,1040
671,13:48.15,Richard RINGER,27 FEB 1989,GER,15,,"Stadio Olimpico, Roma (ITA)",04 JUN 2015,1039
672,13:48.21,Julien WANDERS,18 MAR 1996,SUI,4f2,,Oordegem (BEL),23 MAY 2015,1039
673,13:48.23,Jeremiah KAREMI,07 JUL 1994,KEN,1f5,,Yamaguchi (JPN),27 JUN 2015,1039
674,13:48.27,William KINCAID,21 SEP 1992,USA,1h2,,"Austin, TX (USA)",30 MAY 2015,1039
674,13:48.27,Takanori ICHIKAWA,03 NOV 1990,JPN,13,,Nagoya (JPN),28 JUN 2015,1039
676,13:48.36,Geoff MARTINSON,26 MAR 1986,CAN,3,,Guelph (CAN),30 MAY 2015,1039
677,13:48.38,Koki ITO,15 FEB 1994,JPN,2,,Tokyo (JPN),04 JUL 2015,1039
678,13:48.43,Pierce MURPHY,23 AUG 1993,USA,4,,"Los Angeles, CA (USA)",17 MAY 2015,1039
679,13:48.44,Patrick MWAKA,02 NOV 1992,KEN,2f1,,Gifu (JPN),27 SEP 2015,1038
680,13:48.55,Jack RAYNER,19 DEC 1995,AUS,7f1,,"Albert Park, Melbourne (AUS)",21 MAR 2015,1038
681,13:48.63,Brendan GREGG,15 MAY 1989,USA,8f1,,"Portland, OR (USA)",14 JUN 2015,1038
682,13:48.64,Akihiko TSUMURAI,10 JUL 1984,JPN,14,,Nagoya (JPN),28 JUN 2015,1038
683,13:48.67,Edward CHESEREK,02 FEB 1994,KEN,1,,"Eugene, OR (USA)",12 JUN 2015,1038
684,13:48.72,Omar OUGZIF,25 AUG 1985,MAR,7,,Huelva (ESP),10 JUN 2015,1038
684,13:48.72,Cameron LEVINS,28 MAR 1989,CAN,9h1,,"National Stadium, Beijing (CHN)",26 AUG 2015,1038
686,13:48.74,Patrick MATHENGE,02 NOV 1997,KEN,9f29,,Yokohama (JPN),26 APR 2015,1037
687,13:48.83,Andy VERNON,07 JAN 1986,GBR,9,,"Alexander Stadium, Birmingham (GBR)",07 JUN 2015,1037
688,13:48.85,Philipp PFLIEGER,16 JUL 1987,GER,21f1,,Oordegem (BEL),23 MAY 2015,1037
689,13:48.88,Minato OISHI,19 MAY 1988,JPN,15,,Nagoya (JPN),28 JUN 2015,1037
690,13:48.9h,Bernard KIPKEMOI,03 MAY 1994,KEN,8,,Nairobi (KEN),11 JUL 2015,1037
691,13:48.92,Eric JENKINS,24 NOV 1991,USA,2,,"Eugene, OR (USA)",12 JUN 2015,1037
692,13:48.95,David Kiprotich BETT,18 OCT 1992,KEN,8h2,,Nairobi (KEN),09 JUL 2015,1037
693,13:49.00,Altobeli SILVA,03 DEC 1990,BRA,6,,"CIBC, Toronto (CAN)",25 JUL 2015,1037
694,13:49.14,George ALEX,20 JAN 1990,USA,9f1,,"Portland, OR (USA)",14 JUN 2015,1036
695,13:49.17,Melaku ABERA,20 APR 1994,ETH,1f3,,Hiroshima (JPN),03 OCT 2015,1036
696,13:49.20,Amos KIRUI,09 FEB 1998,KEN,6,,Yokohama (JPN),06 DEC 2015,1036
697,13:49.21,Alexandre SADDEDINE,29 SEP 1994,FRA,12f1,,Carquefou (FRA),19 JUN 2015,1036
697,13:49.21,Ryo KINAME,22 JAN 1991,JPN,16,,Nagoya (JPN),28 JUN 2015,1036
699,13:49.23,Kemoy CAMPBELL,14 JAN 1991,JAM,3,,"Eugene, OR (USA)",12 JUN 2015,1036
700,13:49.24,Zakaria MAZOUZI,15 JUN 1985,MAR,1,,Rabat (MAR),09 MAY 2015,1036
701,13:49.26,Diego ESTRADA,19 DEC 1989,USA,1f1,,Merksem (BEL),22 AUG 2015,1036
702,13:49.27,Kazuma KUBOTA,24 SEP 1993,JPN,3f10,,Tokyo (JPN),04 APR 2015,1036
703,13:49.33,Charles NDIRANGU,08 FEB 1993,KEN,7f3,,Gifu (JPN),27 SEP 2015,1035
703,13:49.33,Kazuto KAWABATA,20 DEC 1995,JPN,11f21,,Tokyo (JPN),03 OCT 2015,1035
705,13:49.34,Futsum ZIENASELLASSIE,16 DEC 1992,ERI,6f3,,"Palo Alto, CA (USA)",02 MAY 2015,1035
706,13:49.35,Soufiyan BOUQANTAR,30 AUG 1993,MAR,1,,Rabat (MAR),07 JUN 2015,1035
706,13:49.35,Will GEOGHEGAN,15 JUL 1992,USA,4,,"Eugene, OR (USA)",12 JUN 2015,1035
708,13:49.39,Ivan Dario GONZALEZ,14 AUG 1987,COL,4f1,,"Los Angeles, CA (USA)",09 MAY 2015,1035
709,13:49.42,Masaru AOKI,16 MAY 1990,JPN,10f1,,Fukagawa (JPN),09 JUL 2015,1035
710,13:49.44,Samuel MWANGI,19 SEP 1997,KEN,3f15,,Yokohama (JPN),24 MAY 2015,1035
711,13:49.50,Tomoyuki MORITA,08 JUL 1984,JPN,10f29,,Yokohama (JPN),26 APR 2015,1035
712,13:49.54,Mitchel BROWN,30 OCT 1988,AUS,5,,Auckland (NZL),26 FEB 2015,1035
712,13:49.54,William KINCAID,21 SEP 1992,USA,5,,"Eugene, OR (USA)",12 JUN 2015,1035
714,13:49.57,Gladwin Sibabalwe MZAZI,28 AUG 1988,RSA,1,,Stellenbosch (RSA),24 APR 2015,1035
715,13:49.60,Keisuke NAKATANI,06 APR 1981,JPN,17,,Nagoya (JPN),28 JUN 2015,1035
716,13:49.63,Kazuya WATANABE,07 JUL 1987,JPN,4f15,,Yokohama (JPN),24 MAY 2015,1034
716,13:49.63,Brett ROBINSON,08 MAY 1991,AUS,10h1,,"National Stadium, Beijing (CHN)",26 AUG 2015,1034
718,13:49.64,Joseph MUMO,25 NOV 1994,KEN,5f15,,Yokohama (JPN),24 MAY 2015,1034
718,13:49.64,Malcolm HICKS,19 OCT 1987,NZL,1f1,,Auckland (NZL),15 DEC 2015,1034
720,13:49.66,Manuel DAMIAO,19 JUL 1978,POR,8,,Huelva (ESP),10 JUN 2015,1034
721,13:49.71,Kazuhiro KUGA,07 MAR 1991,JPN,11f29,,Yokohama (JPN),26 APR 2015,1034
722,13:49.73,Yasunori MURAKAMI,30 DEC 1983,JPN,3f1,,Gifu (JPN),27 SEP 2015,1034
723,13:49.74,Hiroki MATSUEDA,20 MAY 1993,JPN,5f4,,Kumamoto (JPN),04 APR 2015,1034
724,13:49.80,Kevin BATT,28 FEB 1991,IRL,16f2,,"Palo Alto, CA (USA)",02 MAY 2015,1034
725,13:49.83,Travis MAHONEY,25 JUL 1990,USA,4,,Joensuu (FIN),23 JUL 2015,1034
726,13:49.89,Genki YAGISAWA,18 FEB 1993,JPN,18,,Nagoya (JPN),28 JUN 2015,1034
727,13:49.95,Paul KAMAIS,24 OCT 1996,KEN,1,,Hiroshima (JPN),30 MAY 2015,1033
728,13:49.98,Joseph KAMATHI,23 NOV 1996,KEN,2,,Gifu (JPN),10 MAY 2015,1033
729,13:49.99,Eduard MBENGANI,08 JAN 1985,POR,22f1,,Oordegem (BEL),23 MAY 2015,1033
730,13:50.03,Ederson VILELA PEREIRA,06 JUN 1990,BRA,3,,São Paulo (BRA),21 MAR 2015,1033
731,13:50.05,Lakshmanan GOVINDAN,05 JUN 1990,IND,1,,Thiruvanthapuram (IND),09 FEB 2015,1033
731,13:50.05,Kohei MATSUMURA,05 NOV 1986,JPN,5f1,,Shibetsu (JPN),05 JUL 2015,1033
731,13:50.05,Cyrus RUTTO,21 APR 1992,KEN,9h2,,Nairobi (KEN),09 JUL 2015,1033
734,13:50.10,David ELLIOTT,21 JUL 1993,USA,1f2,,"Palo Alto, CA (USA)",03 APR 2015,1033
734,13:50.10,Fred HUXHAM,,USA,7f3,,"Palo Alto, CA (USA)",02 MAY 2015,1033
734,13:50.1h,Edward RONO,06 AUG 1998,KEN,9,,Nairobi (KEN),11 JUL 2015,1033
737,13:50.13,Samuele DINI,02 OCT 1994,ITA,23f1,,Oordegem (BEL),23 MAY 2015,1033
738,13:50.21,Will GEOGHEGAN,15 JUL 1992,USA,2h2,,"Austin, TX (USA)",30 MAY 2015,1032
739,13:50.23,Carlos JAMIESON,,USA,8,,"Concord, MA (USA)",04 JUN 2015,1032
740,13:50.24,Dan LOWRY,30 OCT 1989,USA,17f1,,"Palo Alto, CA (USA)",03 APR 2015,1032
741,13:50.29,Albert ROP,17 JUL 1992,BRN,1h2,,Mungyeong (KOR),06 OCT 2015,1032
742,13:50.31,Nate JEWKES,1990,USA,8f3,,"Palo Alto, CA (USA)",02 MAY 2015,1032
743,13:50.32,Koki TAKADA,13 JUN 1993,JPN,6f4,,Kumamoto (JPN),04 APR 2015,1032
744,13:50.34,Takuya FUKATSU,10 NOV 1987,JPN,3,,Tokyo (JPN),04 JUL 2015,1032
745,13:50.35,Jefferson ABBEY,,USA,2f3,,"Palo Alto, CA (USA)",03 APR 2015,1032
746,13:50.38,Parker STINSON,03 MAR 1992,USA,1f2,,"Eugene, OR (USA)",17 APR 2015,1032
746,13:50.38,Sota HOSHI,06 JAN 1988,JPN,19,,Nagoya (JPN),28 JUN 2015,1032
746,13:50.38,Mo FARAH,23 MAR 1983,GBR,1,,"National Stadium, Beijing (CHN)",29 AUG 2015,1032
749,13:50.39,Jonathan PETERSON,06 JAN 1989,USA,10f1,,"Portland, OR (USA)",14 JUN 2015,1032
750,13:50.40,Ryuta MATOBA,16 JUN 1989,JPN,6f15,,Yokohama (JPN),24 MAY 2015,1032
751,13:50.43,Charles NDUNGU,20 FEB 1996,KEN,4f37,,Yokohama (JPN),14 NOV 2015,1032
752,13:50.48,Evans Rutto CHEMATOT,19 MAR 1996,BRN,4,,Doha (QAT),29 APR 2015,1032
753,13:50.50,Tsubasa HAYAKAWA,02 JUL 1990,JPN,13f1,,Kitami (JPN),12 JUL 2015,1031
754,13:50.51,Hyuga ENDO,05 AUG 1998,JPN,6f1,,Shibetsu (JPN),05 JUL 2015,1031
754,13:50.51,Sam MCENTEE,03 FEB 1992,AUS,1,,Solihull (GBR),22 AUG 2015,1031
756,13:50.52,Nanami ARAI,26 DEC 1994,JPN,14f1,,Kitami (JPN),12 JUL 2015,1031
757,13:50.60,Shota SHINJO,11 OCT 1992,JPN,20,,Nagoya (JPN),28 JUN 2015,1031
758,13:50.62,Jacob RILEY,02 NOV 1988,USA,4,,Guelph (CAN),30 MAY 2015,1031
759,13:50.64,Will GEOGHEGAN,15 JUL 1992,USA,5,,"Los Angeles, CA (USA)",17 MAY 2015,1031
759,13:50.64,Thierry NDIKUMWENAYO,26 MAR 1997,BDI,3f1,,Kampala (UGA),17 JUL 2015,1031
761,13:50.66,Maverick DARLING,09 JUN 1989,USA,9,,"Concord, MA (USA)",04 JUN 2015,1031
762,13:50.67,Tiidrek NURME,18 NOV 1985,EST,17f2,,Heusden-Zolder (BEL),18 JUL 2015,1031
762,13:50.67,Keita YOSHIDA,31 AUG 1998,JPN,3f12,,Oita (JPN),17 OCT 2015,1031
764,13:50.69,Ryan HILL,31 JAN 1990,USA,1,,"Hayward Field, Eugene, OR (USA)",28 JUN 2015,1031
765,13:50.70,Naohiro YAMADA,18 DEC 1984,JPN,15f1,,Kitami (JPN),12 JUL 2015,1031
766,13:50.72,Yuki MUTA,26 MAY 1993,JPN,18f1,,Abashiri (JPN),16 JUL 2015,1031
767,13:50.77,Awet Nftalem KIBRAB,09 MAY 1995,ERI,4f3,,Heusden-Zolder (BEL),18 JUL 2015,1031
768,13:50.82,Zach ZARDA,14 MAR 1990,USA,1f2,,"Portland, OR (USA)",14 JUN 2015,1030
769,13:50.87,Marouan RAZINE,09 APR 1991,ITA,1,,Torino (ITA),25 JUL 2015,1030
770,13:50.90,Kemoy CAMPBELL,14 JAN 1991,JAM,3h2,,"Austin, TX (USA)",30 MAY 2015,1030
770,13:50.90,Yuta SHITARA,18 DEC 1991,JPN,4f2,,Gifu (JPN),27 SEP 2015,1030
772,13:50.94,John KARIUKI,24 NOV 1997,KEN,2,,Wakayama (JPN),01 AUG 2015,1030
773,13:50.95,Andrew COLLEY,01 APR 1991,USA,15f1,,"Walnut, CA (USA)",17 APR 2015,1030
774,13:50.96,Justyn KNIGHT,19 JUL 1996,CAN,6,,"Eugene, OR (USA)",12 JUN 2015,1030
775,13:51.00,Goitom KIFLE,03 DEC 1993,ERI,9,,Huelva (ESP),10 JUN 2015,1030
776,13:51.07,Thijs NIJHUIS,20 SEP 1992,DEN,1,,Sollentuna (SWE),25 JUN 2015,1030
777,13:51.09,Ben TRUE,29 DEC 1985,USA,2,,"Hayward Field, Eugene, OR (USA)",28 JUN 2015,1030
777,13:51.09,Dmitriy SAFRONOV,08 OCT 1981,RUS,8f2,,Cheboksary (RUS),03 AUG 2015,1030
779,13:51.15,Joseph ONSARIGO,1992,KEN,5f37,,Yokohama (JPN),14 NOV 2015,1029
780,13:51.18,Matt DANIELS,28 APR 1988,USA,9f3,,"Palo Alto, CA (USA)",02 MAY 2015,1029
781,13:51.20,Seth TOTTEN,27 NOV 1991,USA,3f3,,"Palo Alto, CA (USA)",03 APR 2015,1029
781,13:51.20,Krzysztof ŻEBROWSKI,09 JUL 1990,POL,2,,Bialogard (POL),29 AUG 2015,1029
783,13:51.22,Edwin Nyandusi MOKUA,31 DEC 1993,KEN,8,,Kumagaya (JPN),17 MAY 2015,1029
784,13:51.25,Jake LEINGANG,06 SEP 1994,USA,2f2,,"Eugene, OR (USA)",17 APR 2015,1029
785,13:51.28,Natsuki TERADA,30 AUG 1991,JPN,7f1,,Shibetsu (JPN),05 JUL 2015,1029
786,13:51.30,Matthew MCELROY,27 MAR 1992,USA,10f3,,"Palo Alto, CA (USA)",02 MAY 2015,1029
787,13:51.33,Yuki TAKAMIYA,02 DEC 1987,JPN,4f1,,Gifu (JPN),27 SEP 2015,1029
788,13:51.34,Kemoy CAMPBELL,14 JAN 1991,JAM,1,,Kingston (JAM),26 JUN 2015,1029
788,13:51.34,Cameron LEVINS,28 MAR 1989,CAN,1,,Edmonton (CAN),02 JUL 2015,1029
790,13:51.35,Willy FINK,07 MAR 1994,USA,1f5,,"Raleigh, NC (USA)",27 MAR 2015,1029
791,13:51.37,Takayuki MATSUMIYA,21 FEB 1980,JPN,2f11,,Shizuoka (JPN),27 JUN 2015,1029
792,13:51.39,Yoshihiro NISHIZAWA,03 DEC 1992,JPN,19f1,,Abashiri (JPN),16 JUL 2015,1028
793,13:51.40,Hayle IBRAHIMOV,18 JAN 1990,AZE,1h1,,"Main Stadium, Gwangju (KOR)",10 JUL 2015,1028
794,13:51.43,Mike SANG,1995,KEN,9h1,,Nairobi (KEN),09 JUL 2015,1028
795,13:51.45,Eric JENKINS,24 NOV 1991,USA,4h2,,"Austin, TX (USA)",30 MAY 2015,1028
796,13:51.46,Ryutaro ICHITANI,19 JUN 1995,JPN,12f21,,Tokyo (JPN),03 OCT 2015,1028
797,13:51.47,Jesús ESPAÑA,21 AUG 1978,ESP,16h2,,"National Stadium, Beijing (CHN)",26 AUG 2015,1028
798,13:51.50,Jose Juan ESPARZA,26 AUG 1990,MEX,7,,"CIBC, Toronto (CAN)",25 JUL 2015,1028
799,13:51.54,Patrick CORONA,17 MAR 1994,USA,2f2,,"Palo Alto, CA (USA)",03 APR 2015,1028
799,13:51.54,Galen RUPP,08 MAY 1986,USA,3,,"Hayward Field, Eugene, OR (USA)",28 JUN 2015,1028
801,13:51.55,Phillip REID,25 NOV 1985,USA,11f3,,"Palo Alto, CA (USA)",02 MAY 2015,1028
802,13:51.58,Aritaka KAJIWARA,16 JUN 1988,JPN,21,,Nagoya (JPN),28 JUN 2015,1028
802,13:51.58,James NDEI,,KEN,10h2,,Nairobi (KEN),09 JUL 2015,1028
804,13:51.60,Motoki YAGISAWA,,JPN,16f30,,Yokohama (JPN),07 JUN 2015,1028
804,13:51.6h,Mang'ata Kimai NDIWA,12 DEC 1987,KEN,10,,Nairobi (KEN),11 JUL 2015,1028
806,13:51.61,Garrett HEATH,03 NOV 1985,USA,4,,"Hayward Field, Eugene, OR (USA)",28 JUN 2015,1028
807,13:51.63,Peter CORRIGAN,10 MAR 1989,CAN,11f1,,"Portland, OR (USA)",14 JUN 2015,1028
808,13:51.68,Daniel LUNDGREN,04 JUL 1985,SWE,5f3,,Heusden-Zolder (BEL),18 JUL 2015,1028
809,13:51.69,Robert SANDLIN,,USA,1f1,,"Philadelphia, PA (USA)",23 APR 2015,1027
810,13:51.72,Hayden HAWKS,1991,USA,12f3,,"Palo Alto, CA (USA)",02 MAY 2015,1027
811,13:51.75,Caleb Mwangangi NDIKU,09 OCT 1992,KEN,2,,"National Stadium, Beijing (CHN)",29 AUG 2015,1027
812,13:51.76,Shin KIMURA,08 AUG 1988,JPN,1f2,,Kitami (JPN),12 JUL 2015,1027
813,13:51.78,Gladwin Sibabalwe MZAZI,28 AUG 1988,RSA,1,,Cape Town (RSA),23 MAY 2015,1027
814,13:51.8h,Edward RONO,06 AUG 1998,KEN,1f1,,Eldoret (KEN),23 MAY 2015,1027
815,13:51.82,Ryan HERSON,,USA,16f1,,"Walnut, CA (USA)",17 APR 2015,1027
816,13:51.85,Seki HAYATO,11 APR 1997,JPN,6f37,,Yokohama (JPN),14 NOV 2015,1027
817,13:51.86,Michael VENNARD,19 AUG 1995,GBR,4f3,,"Palo Alto, CA (USA)",03 APR 2015,1027
817,13:51.86,Hagos GEBRHIWET,11 MAY 1994,ETH,3,,"National Stadium, Beijing (CHN)",29 AUG 2015,1027
819,13:51.87,Weston STRUM,17 JAN 1992,USA,13f3,,"Palo Alto, CA (USA)",02 MAY 2015,1027
820,13:51.89,Keisuke NAKATANI,06 APR 1981,JPN,1f3,,Hiroshima (JPN),18 APR 2015,1027
821,13:51.93,Steve FLINT,,USA,5f3,,"Palo Alto, CA (USA)",03 APR 2015,1027
822,13:51.96,Alex GEORGE,06 FEB 1996,GBR,16f1,,Ninove (BEL),01 AUG 2015,1027
823,13:51.97,Minato OISHI,19 MAY 1988,JPN,13f21,,Tokyo (JPN),03 OCT 2015,1027
824,13:51.99,Kenta MATSUBARA,31 AUG 1989,JPN,2f2,,Kitami (JPN),12 JUL 2015,1026
825,13:52.04,Jonathan MELLOR,27 DEC 1986,GBR,3,,Birmingham (GBR),04 JUL 2015,1026
826,13:52.05,Graham CRAWFORD,29 DEC 1992,USA,2f5,,"Raleigh, NC (USA)",27 MAR 2015,1026
826,13:52.05,Jannik ARBOGAST,07 APR 1992,GER,5f2,,Oordegem (BEL),23 MAY 2015,1026
826,13:52.05,Thomas CURTIN,08 AUG 1993,USA,1h2,,"Jacksonville, FL (USA)",30 MAY 2015,1026
829,13:52.08,Hiroki MATSUEDA,20 MAY 1993,JPN,3,,Yokohama (JPN),16 MAY 2015,1026
830,13:52.10,Duncan Maina MUTHEE,08 MAR 1991,KEN,1,,Tokyo (JPN),19 APR 2015,1026
831,13:52.11,Thomas CURTIN,08 AUG 1993,USA,7,,"Eugene, OR (USA)",12 JUN 2015,1026
831,13:52.11,Kensuke TAKEZAWA,11 OCT 1986,JPN,20f1,,Abashiri (JPN),16 JUL 2015,1026
833,13:52.12,Taku FUJIMOTO,11 SEP 1989,JPN,7f4,,Kumamoto (JPN),04 APR 2015,1026
834,13:52.14,Jonathan TAYLOR,10 OCT 1987,GBR,1f1,,Manchester (GBR),30 MAY 2015,1026
835,13:52.24,David TORRENCE,26 NOV 1985,USA,5,,"Hayward Field, Eugene, OR (USA)",28 JUN 2015,1026
836,13:52.25,Taku FUJIMOTO,11 SEP 1989,JPN,12f29,,Yokohama (JPN),26 APR 2015,1026
837,13:52.26,Aaron HENDRIKX,24 MAR 1993,CAN,17f1,,"Walnut, CA (USA)",17 APR 2015,1026
837,13:52.26,Daisuke MATSUFUJI,12 JAN 1986,JPN,11f1,,Fukagawa (JPN),09 JUL 2015,1026
839,13:52.35,Tomoya ONISHI,28 MAR 1987,JPN,3f2,,Kitami (JPN),12 JUL 2015,1025
840,13:52.40,Matthew MELANCON,,USA,3f2,,"Eugene, OR (USA)",17 APR 2015,1025
841,13:52.41,Brett ROBINSON,08 MAY 1991,AUS,16,,"Boudewijnstadion, Bruxelles (BEL)",11 SEP 2015,1025
842,13:52.42,James WANGARI,23 MAR 1994,KEN,1f2,,Gifu (JPN),17 OCT 2015,1025
843,13:52.43,Yomif KEJELCHA,01 AUG 1997,ETH,4,,"National Stadium, Beijing (CHN)",29 AUG 2015,1025
844,13:52.45,Yuta SHITARA,18 DEC 1991,JPN,22,,Nagoya (JPN),28 JUN 2015,1025
845,13:52.46,Keita BABA,28 APR 1986,JPN,5f1,,Gifu (JPN),27 SEP 2015,1025
846,13:52.48,Hayato SAITO,09 JAN 1989,JPN,14f21,,Tokyo (JPN),03 OCT 2015,1025
847,13:52.51,Ben ST. LAWRENCE,07 NOV 1981,AUS,3,,Hobart (AUS),25 JAN 2015,1025
848,13:52.62,Kemoy CAMPBELL,14 JAN 1991,JAM,1,,"Starkville, MS (USA)",16 MAY 2015,1024
849,13:52.70,Barry BRITT,06 SEP 1990,CAN,5,,Guelph (CAN),30 MAY 2015,1024
850,13:52.71,Jacob THOMSON,29 NOV 1994,USA,1f1,,"Charlottesville, VA (USA)",18 APR 2015,1024
851,13:52.73,Caleb HOOVER,22 JUL 1992,USA,1f2,,"Walnut, CA (USA)",17 APR 2015,1024
852,13:52.75,Ryosuke MAKI,25 APR 1986,JPN,8f1,,Shibetsu (JPN),05 JUL 2015,1024
853,13:52.76,Haimro ALAME,08 JUN 1990,ISR,1,,Tel Aviv (ISR),09 MAY 2015,1024
854,13:52.77,Kazuya DEGUCHI,14 AUG 1988,JPN,21f1,,Abashiri (JPN),16 JUL 2015,1024
855,13:52.82,Yimer GETAHUN,28 JUN 1992,ISR,2,,Tel Aviv (ISR),09 MAY 2015,1024
856,13:52.84,Mohammed AHMED,05 JAN 1991,CAN,2,,Edmonton (CAN),02 JUL 2015,1024
857,13:52.85,Yuma HATTORI,13 NOV 1993,JPN,4,,Yokohama (JPN),16 MAY 2015,1024
858,13:52.89,Ryo MATSUMOTO,19 OCT 1990,JPN,8f4,,Kumamoto (JPN),04 APR 2015,1023
859,13:52.91,Thomas Pkemei LONGOSIWA,14 JAN 1982,KEN,4,,Nairobi (KEN),01 AUG 2015,1023
860,13:52.92,Chihaya KASUGA,09 MAY 1995,JPN,15f21,,Tokyo (JPN),03 OCT 2015,1023
861,13:52.94,Jake SHELLEY,16 MAR 1991,GBR,3f2,,"Palo Alto, CA (USA)",03 APR 2015,1023
862,13:52.96,Geoff MARTINSON,26 MAR 1986,CAN,1,,Nanaimo (CAN),10 JUL 2015,1023
863,13:52.97,Naoki KUDO,05 SEP 1995,JPN,11f5,,Kumamoto (JPN),04 APR 2015,1023
864,13:52.98,Lyes BELKHIARI,05 OCT 1987,ALG,3,,Algiers (ALG),08 AUG 2015,1023
865,13:53.0h,John LAGAT,1968,KEN,5,,Nakuru (KEN),18 APR 2015,1023
866,13:53.01,Hiroki MATSUEDA,20 MAY 1993,JPN,16f1,,Kitami (JPN),12 JUL 2015,1023
867,13:53.05,Yasunari KUSU,21 AUG 1993,JPN,7f37,,Yokohama (JPN),14 NOV 2015,1023
868,13:53.07,Keita BABA,28 APR 1986,JPN,17f30,,Yokohama (JPN),07 JUN 2015,1023
869,13:53.10,Sean MCGORTY,08 MAR 1995,USA,5h2,,"Austin, TX (USA)",30 MAY 2015,1023
870,13:53.11,Stanley Kipkoech KEBENEI,06 NOV 1989,USA,2,,"Starkville, MS (USA)",16 MAY 2015,1023
870,13:53.11,Jesper VAN DER WIELEN,02 AUG 1991,NED,8f1,,Nijmegen (NED),27 MAY 2015,1023
872,13:53.13,Reid BUCHANAN,03 FEB 1993,USA,18f1,,"Palo Alto, CA (USA)",03 APR 2015,1023
872,13:53.13,Zhenfei QI,18 MAR 1994,CHN,1,,Suzhou (CHN),23 SEP 2015,1023
874,13:53.15,Takaya SATO,05 MAY 1994,JPN,16f21,,Tokyo (JPN),03 OCT 2015,1023
875,13:53.16,Shogo NAKAMURA,16 SEP 1992,JPN,23,,Nagoya (JPN),28 JUN 2015,1023
876,13:53.2h,Emmanuel KIPSANG,13 JUN 1991,KEN,3h2,,Nakuru (KEN),17 APR 2015,1022
877,13:53.22,Isaac KIMELI,09 MAR 1994,BEL,18f1,,Heusden-Zolder (BEL),18 JUL 2015,1022
878,13:53.25,Peter KIBET,14 JAN 1992,UGA,4f1,,Kampala (UGA),17 JUL 2015,1022
879,13:53.3h,Ambrose BORE,08 AUG 1995,KEN,6,,Nakuru (KEN),18 APR 2015,1022
879,13:53.30,Jacob ALLEN,03 OCT 1994,GBR,17f1,,Ninove (BEL),01 AUG 2015,1022
881,13:53.31,Maverick DARLING,09 JUN 1989,USA,12f1,,"Portland, OR (USA)",14 JUN 2015,1022
882,13:53.32,Hiroyoshi UMEGAE,05 JAN 1984,JPN,7f15,,Yokohama (JPN),24 MAY 2015,1022
883,13:53.35,Abdelaziz DAHI,1986,ALG,6f2,,Oordegem (BEL),23 MAY 2015,1022
883,13:53.35,Hiroyuki SAKAGUCHI,22 DEC 1996,JPN,17f21,,Tokyo (JPN),03 OCT 2015,1022
883,13:53.35,Tariq Ahmed AL AMRI,23 DEC 1990,KSA,2h2,,Mungyeong (KOR),06 OCT 2015,1022
886,13:53.37,Erik OLSON,15 MAR 1992,USA,6h2,,"Austin, TX (USA)",30 MAY 2015,1022
887,13:53.38,Dallin FARNSWORTH,1993,USA,6f3,,"Palo Alto, CA (USA)",03 APR 2015,1022
888,13:53.40,Federico BRUNO,18 JUN 1993,ARG,1f1,,"Walnut, CA (USA)",17 APR 2015,1022
889,13:53.41,Andrew HEYES,22 JUN 1990,GBR,2f1,,Manchester (GBR),30 MAY 2015,1022
890,13:53.48,Justyn KNIGHT,19 JUL 1996,CAN,2h2,,"Jacksonville, FL (USA)",30 MAY 2015,1021
891,13:53.51,Kazuharu TAKAI,10 MAY 1984,JPN,22f1,,Abashiri (JPN),16 JUL 2015,1021
891,13:53.51,Yusuke SATO,20 OCT 1990,JPN,8f3,,Gifu (JPN),27 SEP 2015,1021
893,13:53.52,Malachy SCHROBILGEN,03 JAN 1994,USA,4f2,,"Palo Alto, CA (USA)",03 APR 2015,1021
894,13:53.54,Keisuke TANAKA,06 SEP 1988,JPN,24,,Nagoya (JPN),28 JUN 2015,1021
895,13:53.60,Jose Mauricio GONZÁLEZ,14 OCT 1988,COL,1f1,,"Irvine, CA (USA)",01 MAY 2015,1021
896,13:53.63,Sean MCGORTY,08 MAR 1995,USA,8,,"Eugene, OR (USA)",12 JUN 2015,1021
897,13:53.64,Lopez LOMONG,01 JAN 1985,USA,6,,"Hayward Field, Eugene, OR (USA)",28 JUN 2015,1021
897,13:53.64,Kazuma TAIRA,05 NOV 1994,JPN,25,,Nagoya (JPN),28 JUN 2015,1021
899,13:53.66,Julien WANDERS,18 MAR 1996,SUI,13f1,,Carquefou (FRA),19 JUN 2015,1021
899,13:53.66,Naohiro DOMOTO,23 JUL 1989,JPN,8f37,,Yokohama (JPN),14 NOV 2015,1021
901,13:53.67,Victor Kimutai CHUMO,19 MAR 1987,KEN,5,,Nairobi (KEN),01 AUG 2015,1021
902,13:53.70,Lorenzo DINI,02 OCT 1994,ITA,9,,Rovereto (ITA),08 SEP 2015,1021
903,13:53.74,William MILAM,03 FEB 1992,USA,7f3,,"Palo Alto, CA (USA)",03 APR 2015,1021
904,13:53.75,Yuki MUTA,26 MAY 1993,JPN,5,,Yokohama (JPN),16 MAY 2015,1021
905,13:53.76,Yuhi AKIYAMA,02 MAY 1994,JPN,4,,Tokyo (JPN),04 JUL 2015,1020
906,13:53.78,Jeramy ELKAIM,,USA,4f2,,"Eugene, OR (USA)",17 APR 2015,1020
907,13:53.81,Kenta MURAYAMA,23 FEB 1993,JPN,17f1,,Kitami (JPN),12 JUL 2015,1020
908,13:53.85,Dewi GRIFFITHS,09 AUG 1991,GBR,7f2,,Oordegem (BEL),23 MAY 2015,1020
909,13:53.86,Weve BRIHUN,07 MAR 1982,ISR,3,,Tel Aviv (ISR),09 MAY 2015,1020
909,13:53.86,Shota SHINJO,11 OCT 1992,JPN,2f2,,Nobeoka (JPN),09 MAY 2015,1020
911,13:53.90,Galen RUPP,08 MAY 1986,USA,5,,"National Stadium, Beijing (CHN)",29 AUG 2015,1020
912,13:53.93,Colin BENNIE,03 JUN 1995,USA,8f3,,"Palo Alto, CA (USA)",03 APR 2015,1020
913,13:53.97,Lawrence KIPKOECH,,KEN,2f1,,"Charlottesville, VA (USA)",18 APR 2015,1020
913,13:53.97,Keiji AKUTSU,20 MAR 1987,JPN,8f15,,Yokohama (JPN),24 MAY 2015,1020
915,13:53.99,Stanislav MASLOV,19 JAN 1989,UKR,1,,Kirovograd (UKR),01 AUG 2015,1020
916,13:54.00,Patrick TIERNAN,11 SEP 1994,AUS,3h2,,"Jacksonville, FL (USA)",30 MAY 2015,1020
917,13:54.05,Collin LEIBOLD,13 DEC 1987,USA,4h2,,"Jacksonville, FL (USA)",30 MAY 2015,1020
918,13:54.07,Ben TRUE,29 DEC 1985,USA,6,,"National Stadium, Beijing (CHN)",29 AUG 2015,1019
918,13:54.07,Haruki MINATOYA,25 APR 1996,JPN,18f21,,Tokyo (JPN),03 OCT 2015,1019
920,13:54.09,Shinichiro NAKAMURA,14 APR 1993,JPN,1f2,,Abashiri (JPN),16 JUL 2015,1019
921,13:54.10,Kohei MATSUMURA,05 NOV 1986,JPN,3f2,,Nobeoka (JPN),09 MAY 2015,1019
922,13:54.11,Toshiyuki YANAGI,23 APR 1993,JPN,18f1,,Kitami (JPN),12 JUL 2015,1019
922,13:54.11,Said EL OTMANI,14 OCT 1991,MAR,2,,Torino (ITA),25 JUL 2015,1019
924,13:54.13,Matt TEGENKAMP,19 JAN 1982,USA,13f1,,"Portland, OR (USA)",14 JUN 2015,1019
924,13:54.13,Alemayehu BEZABEH,22 SEP 1986,ESP,11h1,,"National Stadium, Beijing (CHN)",26 AUG 2015,1019
926,13:54.16,Kazuya NISHIYAMA,05 NOV 1998,JPN,9f37,,Yokohama (JPN),14 NOV 2015,1019
927,13:54.20,Hideaki ISHII,30 NOV 1994,JPN,10f37,,Yokohama (JPN),14 NOV 2015,1019
928,13:54.23,Michaël GRAS,15 SEP 1991,FRA,18f1,,Ninove (BEL),01 AUG 2015,1019
928,13:54.23,Jiahui SUN,08 OCT 1987,CHN,2,,Suzhou (CHN),23 SEP 2015,1019
930,13:54.27,Girmaw AMARE,26 OCT 1987,ISR,4,,Tel Aviv (ISR),09 MAY 2015,1019
931,13:54.30,Thiago ANDRÉ,04 AUG 1995,BRA,4,,São Paulo (BRA),21 MAR 2015,1019
932,13:54.31,Matt ELLIOTT,08 SEP 1985,USA,17f2,,"Palo Alto, CA (USA)",02 MAY 2015,1019
932,13:54.31,Matthew BERGIN,02 MAR 1993,IRL,1f4,,"Palo Alto, CA (USA)",02 MAY 2015,1019
934,13:54.33,Isaac KIMELI,09 MAR 1994,BEL,2,,Tallinn (EST),11 JUL 2015,1019
935,13:54.37,Yehor ZHUKOV,26 FEB 1992,UKR,2,,Kirovograd (UKR),01 AUG 2015,1018
936,13:54.39,Tatsuhiko HORI,04 APR 1995,JPN,23f1,,Abashiri (JPN),16 JUL 2015,1018
937,13:54.40,Garrett SWEATT,,USA,14f3,,"Palo Alto, CA (USA)",02 MAY 2015,1018
938,13:54.44,William KINCAID,21 SEP 1992,USA,5f2,,"Palo Alto, CA (USA)",03 APR 2015,1018
939,13:54.45,Hiromitsu KAKUAGE,14 SEP 1990,JPN,24f1,,Abashiri (JPN),16 JUL 2015,1018
940,13:54.48,Elroy GELANT,25 AUG 1986,RSA,6,,Bottrop (GER),21 JUN 2015,1018
941,13:54.50,Daiki HIROSE,06 OCT 1991,JPN,12f1,,Hiroshima (JPN),18 APR 2015,1018
942,13:54.54,John MAINA,14 JUL 1993,KEN,25f1,,Abashiri (JPN),16 JUL 2015,1018
943,13:54.56,Moses KOECH,05 AUG 1997,KEN,6,,Nairobi (KEN),01 AUG 2015,1018
944,13:54.57,Toshihiro KENMOTSU,25 JUN 1990,JPN,2f4,,Nobeoka (JPN),09 MAY 2015,1018
945,13:54.65,David NJUGUNA,06 SEP 1989,KEN,26f1,,Abashiri (JPN),16 JUL 2015,1017
946,13:54.66,Wily CANCHANYA,28 JUN 1991,PER,1,,Santiago de Chile (CHI),09 APR 2015,1017
947,13:54.68,Daiki HIROSE,06 OCT 1991,JPN,26,,Nagoya (JPN),28 JUN 2015,1017
948,13:54.69,Kazuto NISHIIKE,17 FEB 1993,JPN,18f30,,Yokohama (JPN),07 JUN 2015,1017
949,13:54.70,Yuki TAKAMIYA,02 DEC 1987,JPN,9f15,,Yokohama (JPN),24 MAY 2015,1017
950,13:54.71,Ben SATHRE,23 APR 1990,USA,2f1,,"Walnut, CA (USA)",17 APR 2015,1017
951,13:54.72,Jinnosuke MATUMURA,22 MAR 1995,JPN,1,,Saitama (JPN),05 APR 2015,1017
952,13:54.73,Masaru AOKI,16 MAY 1990,JPN,4f2,,Nobeoka (JPN),09 MAY 2015,1017
953,13:54.75,Akira AIZAWA,18 JUL 1997,JPN,11f37,,Yokohama (JPN),14 NOV 2015,1017
954,13:54.76,Mitsunori ASAOKA,11 JAN 1993,JPN,27,,Nagoya (JPN),28 JUN 2015,1017
955,13:54.77,Dan QUIGLEY,14 JAN 1989,USA,5f2,,"Eugene, OR (USA)",17 APR 2015,1017
955,13:54.77,Okubamichael FISSEHATSION,15 SEP 1997,ERI,2f1,,Oslo (NOR),28 JUN 2015,1017
957,13:54.78,Ben PAYNE,16 SEP 1981,USA,7,,Mungyeong (KOR),08 OCT 2015,1017
958,13:54.79,Lakshmanan GOVINDAN,05 JUN 1990,IND,3h2,,Mungyeong (KOR),06 OCT 2015,1017
959,13:54.83,Daniel LUNDGREN,04 JUL 1985,SWE,2f2,,"Walnut, CA (USA)",17 APR 2015,1017
959,13:54.83,Felix BOUR,25 MAR 1994,FRA,14f1,,Carquefou (FRA),19 JUN 2015,1017
961,13:54.86,Stan NIESTEN,19 NOV 1996,NED,8f2,,Oordegem (BEL),23 MAY 2015,1017
962,13:54.89,Ken YOKOTE,27 APR 1993,JPN,6,,Yokohama (JPN),16 MAY 2015,1017
963,13:54.91,Stefano GUIDOTTI ICARDI,01 JAN 1988,ITA,9f2,,Oordegem (BEL),23 MAY 2015,1017
964,13:54.93,Philani BUTHELEZI,07 JUL 1989,RSA,2,,Cape Town (RSA),23 MAY 2015,1017
965,13:54.95,Fabiano Nelson SULLE,01 OCT 1994,TAN,10h1,,Nairobi (KEN),09 JUL 2015,1016
966,13:54.96,Masaki TODA,21 JUN 1993,JPN,12f37,,Yokohama (JPN),14 NOV 2015,1016
967,13:54.98,Tomoyuki MORITA,08 JUL 1984,JPN,28,,Nagoya (JPN),28 JUN 2015,1016
967,13:54.98,Kazuma ITO,17 JUN 1988,JPN,27f1,,Abashiri (JPN),16 JUL 2015,1016
969,13:54.99,Jackson ELLIOT,05 DEC 1981,AUS,8f1,,"Albert Park, Melbourne (AUS)",21 MAR 2015,1016
969,13:54.99,Joseph ONSARIGO,1992,KEN,7,,Yokohama (JPN),06 DEC 2015,1016
971,13:55.0h,Japhet Kipyegon KORIR,30 JUN 1993,KEN,11,,Nairobi (KEN),11 JUL 2015,1016
972,13:55.01,Tomoyuki MORITA,08 JUL 1984,JPN,10f15,,Yokohama (JPN),24 MAY 2015,1016
973,13:55.08,Roy HOORNWEG,08 MAY 1989,NED,24f1,,Oordegem (BEL),23 MAY 2015,1016
974,13:55.09,Nemanja CEROVAC,16 NOV 1991,SRB,15f3,,"Palo Alto, CA (USA)",02 MAY 2015,1016
974,13:55.09,Kazuki MIYAKE,09 MAY 1993,JPN,7,,Yokohama (JPN),16 MAY 2015,1016
976,13:55.10,Ryan HILL,31 JAN 1990,USA,7,,"National Stadium, Beijing (CHN)",29 AUG 2015,1016
977,13:55.12,Alex MONROE,30 MAR 1992,USA,3f1,,"Walnut, CA (USA)",17 APR 2015,1016
978,13:55.14,Jack RAYNER,19 DEC 1995,AUS,4,,Hobart (AUS),25 JAN 2015,1016
979,13:55.18,Jerrell MOCK,24 MAY 1995,USA,3f2,,"Walnut, CA (USA)",17 APR 2015,1016
980,13:55.19,Carlos MAYO,18 SEP 1995,ESP,3,,Tallinn (EST),11 JUL 2015,1016
981,13:55.20,Mikael EKVALL,18 JUN 1989,SWE,6f3,,Heusden-Zolder (BEL),18 JUL 2015,1016
982,13:55.23,Kaito KITA,23 FEB 1992,JPN,1f4,,Hiroshima (JPN),18 APR 2015,1016
983,13:55.24,Hiroshi ICHIDA,16 JUN 1992,JPN,5f2,,Nobeoka (JPN),09 MAY 2015,1016
984,13:55.26,Eric FINAN,09 JUN 1987,USA,18f2,,"Palo Alto, CA (USA)",02 MAY 2015,1015
984,13:55.26,Chiharu NAKAGAWA,08 APR 1986,JPN,7f7,,Nagoya (JPN),30 MAY 2015,1015
986,13:55.27,Rorey HUNTER,02 FEB 1993,AUS,6f2,,"Palo Alto, CA (USA)",03 APR 2015,1015
986,13:55.27,Michael CALLEGARI,01 SEP 1994,GBR,3f1,,Manchester (GBR),30 MAY 2015,1015
988,13:55.34,Yuki IWASAKI,23 MAR 1992,JPN,29,,Nagoya (JPN),28 JUN 2015,1015
989,13:55.38,Daisuke MATSUFUJI,12 JAN 1986,JPN,19f30,,Yokohama (JPN),07 JUN 2015,1015
990,13:55.39,Kazuma TASHIRO,02 FEB 1994,JPN,19f21,,Tokyo (JPN),03 OCT 2015,1015
991,13:55.41,Travis NEUMAN,,USA,6f2,,"Eugene, OR (USA)",17 APR 2015,1015
992,13:55.47,Hiroya INOUE,04 JUL 1995,JPN,9f1,,Shibetsu (JPN),05 JUL 2015,1015
993,13:55.49,Nathan WEITZ,14 FEB 1994,USA,9f3,,"Palo Alto, CA (USA)",03 APR 2015,1015
993,13:55.49,Sindre BURAAS,08 MAY 1989,NOR,16,,"Stadio Olimpico, Roma (ITA)",04 JUN 2015,1015
995,13:55.52,Kenta MATSUBARA,31 AUG 1989,JPN,4f10,,Tokyo (JPN),04 APR 2015,1015
996,13:55.53,Bujie DUO,16 FEB 1994,CHN,3,,Suzhou (CHN),23 SEP 2015,1015
997,13:55.55,Teklit TEWELDEBRHAN,01 OCT 1993,ERI,10,,Brazzaville (CGO),17 SEP 2015,1014
998,13:55.57,JJ WEBBER,,USA,4f1,,"Walnut, CA (USA)",17 APR 2015,1014
999,13:55.58,Bujie DUO,16 FEB 1994,CHN,5,,Wuhan (CHN),04 JUN 2015,1014
1000,13:55.59,Bobby CURTIS,28 NOV 1984,USA,14f1,,"Portland, OR (USA)",14 JUN 2015,1014
