Rank,Mark,Competitor,DOB,Nat,Pos,,Venue,Date,ResultScore
1,15:25.15,,Megan WRIGHT,27 JAN 1982,CAN,1f1,,"Boston, MA (USA) (i)",11 FEB 2011,1138
2,15:39.25,,Natalya POPKOVA,21 SEP 1988,RUS,1,,Moskva (RUS) (i),18 FEB 2011,1111
3,15:39.40,,Natalya GORCHAKOVA,17 APR 1983,RUS,2,,Moskva (RUS) (i),18 FEB 2011,1111
3,15:39.40,,Natalya PUCHKOVA,28 JAN 1987,RUS,2,,Moskva (RUS) (i),18 FEB 2011,1111
5,15:40.00,,Yuliya VASILYEVA,23 MAR 1987,RUS,4,,Moskva (RUS) (i),18 FEB 2011,1110
6,15:42.58,,Megan BROWN,30 APR 1985,CAN,2f1,,"Boston, MA (USA) (i)",11 FEB 2011,1105
7,15:42.65,,Yelena NAGOVITSYNA,07 DEC 1982,RUS,5,,Moskva (RUS) (i),18 FEB 2011,1105
8,15:46.47,,Stephanie REILLY,23 FEB 1978,IRL,1,,"New York, NY (USA) (i)",04 MAR 2011,1097
9,15:53.50,,Oksana BELYAKOVA,09 SEP 1975,RUS,6,,Moskva (RUS) (i),18 FEB 2011,1084
10,15:53.54,,Natalya KOLOSKOVA,19 JUL 1988,RUS,7,,Moskva (RUS) (i),18 FEB 2011,1084
11,15:56.82,,Holly VAN DALEN,18 NOV 1988,NZL,2,,"New York, NY (USA) (i)",04 MAR 2011,1078
12,15:59.56,,Risper KIMAIYO,26 JUN 1979,KEN,3,,"New York, NY (USA) (i)",04 MAR 2011,1072
13,16:01.09,,Neely SPENCE GRACEY,16 APR 1990,USA,1,,"New York, NY (USA) (i)",04 FEB 2011,1070
14,16:04.16,,Jackie ARESON,31 MAR 1988,USA,1,,"College Station, TX (USA) (i)",11 MAR 2011,1064
15,16:06.18,,Corey CONNER,07 MAY 1990,USA,1,,"Boston, MA (USA) (i)",29 JAN 2011,1060
16,16:06.38,,Katie MATTHEWS,19 NOV 1990,USA,1,,"Boston, MA (USA) (i)",19 FEB 2011,1060
17,16:08.56,,Mia BEHM,26 JAN 1990,USA,2,,"College Station, TX (USA) (i)",11 MAR 2011,1056
18,16:09.12,,Betsy SAINA,30 JUN 1988,KEN,3,,"College Station, TX (USA) (i)",11 MAR 2011,1055
19,16:09.64,,Anna NOSENKO,01 OCT 1988,UKR,1f2,,"Blacksburg, VA (USA) (i)",25 FEB 2011,1054
20,16:10.38,,Juliet BOTTORFF,29 JAN 1991,USA,2f2,,"Blacksburg, VA (USA) (i)",25 FEB 2011,1052
21,16:10.52,,Annie KEOWN,16 NOV 1990,NZL,3f1,,"Boston, MA (USA) (i)",11 FEB 2011,1052
22,16:10.86,,Shelby GREANY,01 APR 1991,USA,2,,"Boston, MA (USA) (i)",29 JAN 2011,1051
23,16:11.06,,Liz COSTELLO,23 FEB 1988,USA,5,,"College Station, TX (USA) (i)",11 MAR 2011,1051
24,16:14.38,,Aliphine Chepkerker TULIAMUK,05 APR 1989,KEN,8,,"College Station, TX (USA) (i)",11 MAR 2011,1045
25,16:14.90,,Hannah MOEN,01 NOV 1989,USA,1,,"Fayetteville, AR (USA) (i)",28 JAN 2011,1044
26,16:15.65,,Katie DICAMILLO,14 DEC 1986,USA,4,,"Boston, MA (USA) (i)",29 JAN 2011,1042
27,16:16.26,,Kathya GARCIA,03 DEC 1987,MEX,4,,"New York, NY (USA) (i)",04 MAR 2011,1041
28,16:18.11,,Pasca CHERUIYOT,27 JUL 1986,KEN,9,,"College Station, TX (USA) (i)",11 MAR 2011,1038
29,16:18.38,,Ruth SENIOR,16 OCT 1987,GBR,10,,"College Station, TX (USA) (i)",11 MAR 2011,1037
30,16:19.05,,Jessica ENGEL,03 APR 1989,USA,2,,"Lincoln, NE (USA) (i)",25 FEB 2011,1036
31,16:19.49,,Winrose KARUNDE,04 NOV 1983,KEN,3,,"Lincoln, NE (USA) (i)",25 FEB 2011,1035
32,16:20.24,,Morgan HAWS,15 MAR 1987,USA,2,,"New York, NY (USA) (i)",04 FEB 2011,1034
33,16:21.16,,Ashley HIGGINSON,17 MAR 1989,USA,1,,"New York, NY (USA) (i)",26 FEB 2011,1032
34,16:22.14,,Hollie KNIGHT,25 NOV 1988,IRL,12,,"College Station, TX (USA) (i)",11 MAR 2011,1030
35,16:22.52,,Alexandra BANFICH,02 NOV 1989,USA,2,,"New York, NY (USA) (i)",26 FEB 2011,1030
36,16:23.56,,Jennifer DONOVAN,04 MAY 1982,USA,5,,"Boston, MA (USA) (i)",29 JAN 2011,1028
37,16:23.96,,Rose TANUI,22 DEC 1988,KEN,4,,"Lincoln, NE (USA) (i)",25 FEB 2011,1027
38,16:24.09,,Erica JESSEMAN,21 JAN 1989,USA,1f2,,"Boston, MA (USA) (i)",05 MAR 2011,1027
39,16:24.62,,Katherine DEVLIN,12 OCT 1989,USA,3,,"New York, NY (USA) (i)",04 FEB 2011,1026
40,16:25.19,,Clara GRANDT,24 MAR 1987,USA,1,,"Morgantown, WV (USA) (i)",22 JAN 2011,1025
41,16:25.54,,Natalya PENDYUKHOVA,09 OCT 1988,RUS,8,,Moskva (RUS) (i),18 FEB 2011,1024
42,16:25.65,,Emily MACLEOD,06 JUN 1988,USA,1,,"Lafayette, LA (USA) (i)",27 FEB 2011,1024
43,16:25.67,,Betsy FLOOD,24 MAR 1990,USA,2,,"Lafayette, LA (USA) (i)",27 FEB 2011,1024
44,16:25.83,,Sarah CUMMINGS,03 JAN 1989,USA,3,,"New York, NY (USA) (i)",26 FEB 2011,1024
45,16:25.94,,Katie BOWEN,18 MAR 1987,USA,4,,"New York, NY (USA) (i)",04 FEB 2011,1023
46,16:25.96,,Yelena SEDOVA,01 MAR 1990,RUS,9,,Moskva (RUS) (i),18 FEB 2011,1023
47,16:26.42,,Katy ANDREWS,,USA,5,,"New York, NY (USA) (i)",04 FEB 2011,1023
47,16:26.42,,Tonya NERO,27 NOV 1988,TTO,13,,"College Station, TX (USA) (i)",11 MAR 2011,1023
49,16:28.02,,Rochelle SCEATS-BASIL,01 AUG 1990,NZL,2f2,,"Boston, MA (USA) (i)",05 MAR 2011,1020
49,16:28.02,,Monica KINNEY,,USA,1,,"Albuquerque, NM (USA) (i)",12 MAR 2011,1020
51,16:28.45,,Hayley GREEN,20 MAY 1989,NZL,2,,"Boston, MA (USA) (i)",19 FEB 2011,1019
52,16:28.87,,Regina KASHAYEVA,17 MAY 1979,RUS,10,,Moskva (RUS) (i),18 FEB 2011,1018
53,16:29.95,,Dani STACK,05 MAR 1990,USA,5,,"Lincoln, NE (USA) (i)",25 FEB 2011,1016
54,16:30.24,,Aleksandra ZHAVORONKOVA,15 APR 1989,RUS,11,,Moskva (RUS) (i),18 FEB 2011,1016
55,16:30.82,,Kamila KHANIPOVA,02 JUL 1983,RUS,12,,Moskva (RUS) (i),18 FEB 2011,1014
56,16:30.83,,Diana BOWSER,09 MAY 1973,USA,4f1,,"Boston, MA (USA) (i)",11 FEB 2011,1014
57,16:31.68,,Katie KELLNER,04 AUG 1991,USA,3f2,,"Boston, MA (USA) (i)",05 MAR 2011,1013
58,16:31.88,,Stephanie PRICE,30 JUL 1989,USA,3,,"Lafayette, LA (USA) (i)",27 FEB 2011,1013
59,16:32.01,,Rachel PATTERSON,,USA,1,,"Bowling Green, OH (USA) (i)",25 FEB 2011,1012
60,16:32.75,,Octavia RINEHARDT,,USA,6,,"New York, NY (USA) (i)",04 FEB 2011,1011
61,16:33.09,,Shalaya KIPP,19 AUG 1990,USA,6,,"Lincoln, NE (USA) (i)",25 FEB 2011,1010
62,16:34.47,,Caitie MEYER,08 JUL 1991,USA,4,,"New York, NY (USA) (i)",26 FEB 2011,1008
63,16:34.54,,Kara MILLHOUSE,20 MAR 1990,USA,4,,"Lafayette, LA (USA) (i)",27 FEB 2011,1008
64,16:34.63,,Laura THWEATT,17 DEC 1988,USA,8,,"Lincoln, NE (USA) (i)",25 FEB 2011,1008
65,16:35.15,,Wawerly NEER,12 JUL 1992,USA,1,,"New York, NY (USA) (i)",11 MAR 2011,1007
66,16:35.42,,Annie BEECHAM,19 SEP 1987,USA,2,,"Bowling Green, OH (USA) (i)",25 FEB 2011,1006
67,16:35.55,,Emily LANOIS,05 MAY 1991,USA,7,,"New York, NY (USA) (i)",04 FEB 2011,1006
68,16:36.10,,Brooklyne RIDDER,01 SEP 1991,USA,5,,"Lafayette, LA (USA) (i)",27 FEB 2011,1005
69,16:36.21,,Brenae EDWARDS,30 JUL 1989,USA,8,,"New York, NY (USA) (i)",04 FEB 2011,1005
70,16:36.31,,Kelsey KARYS,,USA,5,,"New York, NY (USA) (i)",26 FEB 2011,1004
71,16:36.57,,Emily KROSHUS,02 FEB 1983,CAN,5f1,,"Boston, MA (USA) (i)",11 FEB 2011,1004
72,16:36.95,,Lara CROFFORD,29 MAY 1989,USA,2,,"Fayetteville, AR (USA) (i)",28 JAN 2011,1003
73,16:37.10,,Jeannette FABER,28 APR 1982,USA,6f1,,"Boston, MA (USA) (i)",11 FEB 2011,1003
74,16:37.17,,Courtney CALKA,04 JUN 1991,USA,3,,"Bowling Green, OH (USA) (i)",25 FEB 2011,1003
75,16:37.51,,Taylor POGUE,11 NOV 1991,USA,6,,"Lafayette, LA (USA) (i)",27 FEB 2011,1002
76,16:37.58,,Elise DEROO,,USA,9,,"New York, NY (USA) (i)",04 FEB 2011,1002
77,16:38.10,,Sarah PEASE,09 NOV 1987,USA,1,,"Bloomington, IN (USA) (i)",28 JAN 2011,1001
78,16:38.93,,Leslie KOVACH,,USA,4f2,,"Boston, MA (USA) (i)",05 MAR 2011,1000
79,16:40.00,,Miranda WALKER,29 OCT 1987,USA,3,,"Fayetteville, AR (USA) (i)",26 FEB 2011,998
80,16:40.14,,Kaitlyn PATTERSON,09 NOV 1990,USA,7,,"Lafayette, LA (USA) (i)",27 FEB 2011,997
81,16:40.78,,Kim RUCK,24 MAR 1989,USA,3f2,,"Blacksburg, VA (USA) (i)",25 FEB 2011,996
82,16:40.84,,Erica RIDDERMAN,29 NOV 1990,USA,2,,"Bloomington, IN (USA) (i)",28 JAN 2011,996
83,16:41.77,,Runa Skrove FALCH,23 JUN 1990,NOR,1,,"Bemidji, MN (USA) (i)",26 FEB 2011,995
84,16:42.18,,Camille LOGAN,10 AUG 1991,USA,9,,"Lincoln, NE (USA) (i)",25 FEB 2011,994
85,16:42.29,,Andie COZZARELLI,14 AUG 1990,USA,4f2,,"Blacksburg, VA (USA) (i)",25 FEB 2011,994
86,16:43.70,,Kathryn FLUEHR,13 JUN 1993,USA,2,,"New York, NY (USA) (i)",11 MAR 2011,991
87,16:43.84,,Brett ELY,22 SEP 1979,USA,8f1,,"Boston, MA (USA) (i)",11 FEB 2011,991
88,16:43.86,,Jennifer BERGMAN,01 NOV 1991,USA,3,,"Fayetteville, AR (USA) (i)",28 JAN 2011,991
89,16:43.97,,Martina BARINOVÁ,28 JAN 1990,CZE,11,,"Lincoln, NE (USA) (i)",25 FEB 2011,991
90,16:44.04,,Sarah PORTER,22 AUG 1989,USA,3,,"Albuquerque, NM (USA) (i)",12 MAR 2011,990
91,16:44.36,,Natalie GRAY,17 FEB 1988,GBR,14,,"College Station, TX (USA) (i)",11 MAR 2011,990
92,16:44.67,,Natalie BUSBY,04 APR 1990,USA,6,,"Boston, MA (USA) (i)",29 JAN 2011,989
93,16:44.69,,Natosha ROGERS,07 MAY 1991,USA,10,,"New York, NY (USA) (i)",04 FEB 2011,989
94,16:45.03,,Kate GRIEWISCH,,USA,1,,"Fayetteville, AR (USA) (i)",11 FEB 2011,989
95,16:45.58,,Erika FLUEHR,13 JUL 1993,USA,3,,"New York, NY (USA) (i)",11 MAR 2011,988
96,16:45.73,,Meaghan NELSON,12 FEB 1990,USA,12,,"Lincoln, NE (USA) (i)",25 FEB 2011,987
97,16:45.89,,Kristen MCGLYNN,24 APR 1989,USA,4,,"Albuquerque, NM (USA) (i)",12 MAR 2011,987
98,16:46.02,,Katherine WALKER,,USA,5f2,,"Blacksburg, VA (USA) (i)",25 FEB 2011,987
99,16:46.11,,Elicia ANDERSON,,USA,2,,"Edinboro, PA (USA) (i)",26 FEB 2011,987
100,16:46.54,,Meredith WAGNER,,USA,9,,"Lafayette, LA (USA) (i)",27 FEB 2011,986
101,16:46.59,,Dena O'BRIEN,07 MAR 1992,USA,1,,"Clemson, SC (USA) (i)",27 FEB 2011,986
102,16:46.63,,Courtney DOBBS,17 SEP 1992,USA,6f2,,"Blacksburg, VA (USA) (i)",25 FEB 2011,986
103,16:46.79,,Kathryn HATCH,21 JUN 1976,USA,9f1,,"Boston, MA (USA) (i)",11 FEB 2011,985
104,16:47.50,,Anna CORRIGAN,22 NOV 1990,USA,7f2,,"Blacksburg, VA (USA) (i)",25 FEB 2011,984
105,16:48.02,,Christina REIMER,,USA,3,,"Edinboro, PA (USA) (i)",26 FEB 2011,983
106,16:48.11,,Semehar TESFAYE,09 NOV 1990,USA,13,,"Lincoln, NE (USA) (i)",25 FEB 2011,983
106,16:48.11,,Natalie BOWER,09 OCT 1990,USA,10,,"Lafayette, LA (USA) (i)",27 FEB 2011,983
108,16:48.35,,Natalya SOLOVYOVA,04 JUN 1982,RUS,13,,Moskva (RUS) (i),18 FEB 2011,983
109,16:49.01,,Morgan PLACE,,USA,2,,"Bemidji, MN (USA) (i)",26 FEB 2011,981
110,16:50.55,,Felicity MILTON,22 DEC 1986,GBR,14,,"Lincoln, NE (USA) (i)",25 FEB 2011,979
110,16:50.55,,Wesley FRAZIER,03 SEP 1995,USA,4,,"New York, NY (USA) (i)",11 MAR 2011,979
112,16:50.57,,Lauren KLEPPIN,22 NOV 1988,USA,5,,"Albuquerque, NM (USA) (i)",12 MAR 2011,979
113,16:50.71,,Mariya BABICH,27 FEB 1987,RUS,1,,St. Petersburg (RUS) (i),21 JAN 2011,978
114,16:50.76,,Jenn CAMPBELL,1983,USA,10f1,,"Boston, MA (USA) (i)",11 FEB 2011,978
115,16:50.81,,Lauren SARA,31 MAR 1992,USA,1,,"University Park, PA (USA) (i)",28 JAN 2011,978
116,16:50.86,,Katie HAINES,26 AUG 1989,USA,11,,"Lafayette, LA (USA) (i)",27 FEB 2011,978
117,16:51.08,,Terry PHILLIPS,20 APR 1989,USA,2,,"Fayetteville, AR (USA) (i)",11 FEB 2011,978
118,16:51.21,,Marion KANDIE,12 JUN 1985,KEN,1,,"Jonesboro, AR (USA) (i)",28 FEB 2011,978
119,16:51.35,,Rebekah SMELTZER,18 JUN 1989,USA,12,,"Lafayette, LA (USA) (i)",27 FEB 2011,977
120,16:51.60,,Genevieve LACAZE,04 AUG 1989,AUS,4,,"Fayetteville, AR (USA) (i)",26 FEB 2011,977
121,16:51.78,,Wendy PAVLUS,28 MAR 1989,USA,1,,"Columbus, OH (USA) (i)",12 MAR 2011,976
122,16:52.44,,Maureen BULGRIN,,USA,1,,"Kingston, RI (USA) (i)",18 FEB 2011,975
123,16:52.49,,Amy SCHUMAN,,USA,9,,"Boston, MA (USA) (i)",29 JAN 2011,975
124,16:52.65,,Mary Carleton JOHNSTON,13 NOV 1989,USA,8f2,,"Blacksburg, VA (USA) (i)",25 FEB 2011,975
125,16:53.47,,Sara SUTHERLAND,31 JAN 1992,USA,15,,"Lincoln, NE (USA) (i)",25 FEB 2011,973
126,16:53.49,,Lisa BAUMERT,20 APR 1987,USA,11f1,,"Boston, MA (USA) (i)",11 FEB 2011,973
127,16:54.04,,Megan LUTZ,,USA,2,,"Kingston, RI (USA) (i)",18 FEB 2011,972
128,16:54.20,,Brittany COPELAND,,USA,3,,"Houston, TX (USA) (i)",25 FEB 2011,972
129,16:54.60,,Sydney MESSICK,28 SEP 1988,USA,16,,"Lincoln, NE (USA) (i)",25 FEB 2011,971
130,16:54.78,,Rebecca HALLAM,08 MAR 1989,USA,11,,"New York, NY (USA) (i)",04 FEB 2011,971
131,16:54.88,,Stephanie BARNES,28 JUL 1988,GBR,5,,"Fayetteville, AR (USA) (i)",26 FEB 2011,971
132,16:56.65,,Samantha GINTHER,07 AUG 1990,USA,13,,"Lafayette, LA (USA) (i)",27 FEB 2011,968
133,16:56.74,,Ari FISHER,08 JUN 1989,USA,4,,"Bowling Green, OH (USA) (i)",25 FEB 2011,968
134,16:56.93,,Samantha TOMERLIN,30 AUG 1988,USA,5,,"Bowling Green, OH (USA) (i)",25 FEB 2011,967
135,16:57.00,,Ellen BIRMINGHAM,1988,USA,14,,"Lafayette, LA (USA) (i)",27 FEB 2011,967
136,16:57.27,,Laura PAULSEN,29 MAR 1989,USA,9f2,,"Blacksburg, VA (USA) (i)",25 FEB 2011,967
137,16:57.85,,Callie COOPER,25 JAN 1991,USA,6,,"Fayetteville, AR (USA) (i)",26 FEB 2011,966
138,16:57.98,,Chiara DEL PICCOLO,,USA,1,,"Northampton, MA (USA) (i)",03 DEC 2011,965
139,16:58.05,,Madalyn NUCKOLS,02 SEP 1991,USA,10f2,,"Blacksburg, VA (USA) (i)",25 FEB 2011,965
140,16:58.82,,Rhiannon JOHNS,11 JUN 1990,CAN,4,,"Houston, TX (USA) (i)",25 FEB 2011,964
141,16:59.02,,Samantha NADEL,05 JUN 1994,USA,5,,"New York, NY (USA) (i)",11 MAR 2011,964
142,16:59.65,,Christina VALERIO,,USA,2,,"Columbus, OH (USA) (i)",12 MAR 2011,962
143,16:59.79,,Maureen O'DONNELL,18 OCT 1990,USA,3,,"Kingston, RI (USA) (i)",18 FEB 2011,962
144,16:59.83,,Margaret CONNELLY,,USA,10,,"New York, NY (USA) (i)",26 FEB 2011,962
145,16:59.97,,Heidi CALDWELL,29 FEB 1992,USA,11,,"New York, NY (USA) (i)",26 FEB 2011,962
146,17:00.08,,Crystal BURNICK,,USA,4,,"Edinboro, PA (USA) (i)",26 FEB 2011,962
147,17:01.12,,Liz LAWTON,,USA,1,,"Whitewater, WI (USA) (i)",05 FEB 2011,960
148,17:01.69,,Elizabeth O'BRIEN,14 MAY 1991,USA,5f2,,"Boston, MA (USA) (i)",05 MAR 2011,959
149,17:01.75,,Katie SHAW,13 APR 1988,USA,12,,"New York, NY (USA) (i)",04 FEB 2011,959
150,17:01.93,,Martina TRESCH,10 JUN 1989,SUI,18,,"Lincoln, NE (USA) (i)",25 FEB 2011,958
151,17:02.02,,Emily TOENNIES,10 JUN 1989,USA,3,,"Cedar Falls, IA (USA) (i)",27 FEB 2011,958
152,17:02.11,,Mary Kate CHAMPAGNE,23 OCT 1989,USA,13,,"Boston, MA (USA) (i)",29 JAN 2011,958
153,17:02.28,,Joanna JOHNSON,,USA,12f1,,"Boston, MA (USA) (i)",11 FEB 2011,958
154,17:02.51,,Cali GEORGE,20 MAR 1990,USA,13,,"New York, NY (USA) (i)",04 FEB 2011,957
155,17:02.68,,Simone CHILDS-WALKER,,USA,3,,"Columbus, OH (USA) (i)",12 MAR 2011,957
156,17:02.70,,Sarah LOWE,,USA,15,,"Lafayette, LA (USA) (i)",27 FEB 2011,957
157,17:02.88,,Yelnara LATYPOVA,02 FEB 1989,RUS,14,,Moskva (RUS) (i),18 FEB 2011,957
158,17:02.91,,Noelle VAN RYSSELBERGHE,,USA,14,,"New York, NY (USA) (i)",04 FEB 2011,957
159,17:03.36,,Caitlin ENGEL,15 OCT 1989,USA,3,,"Bloomington, IN (USA) (i)",28 JAN 2011,956
160,17:03.43,,Ann ALYANAK,16 SEP 1978,USA,1,,"Cedarville, OH (USA) (i)",11 FEB 2011,956
161,17:03.66,,Cassie WHITE,01 MAR 1989,USA,14,,"Boston, MA (USA) (i)",29 JAN 2011,955
162,17:04.08,,Megan ROLLAND,30 AUG 1988,USA,4,,"Fayetteville, AR (USA) (i)",11 FEB 2011,955
163,17:04.70,,Maeve EVANS,,USA,5,,"Columbus, OH (USA) (i)",12 MAR 2011,953
164,17:05.32,,Amanda LAESCH,,USA,6,,"Columbus, OH (USA) (i)",12 MAR 2011,952
165,17:05.58,,Malvina PETROVA,21 APR 1989,RUS,15,,Moskva (RUS) (i),18 FEB 2011,952
166,17:05.86,,Stephanie JENSEN,,USA,1f2,,"New York, NY (USA) (i)",05 FEB 2011,951
167,17:05.88,,Haley GREENWELL,,USA,7,,"Fayetteville, AR (USA) (i)",26 FEB 2011,951
168,17:06.09,,Mariana LUCENA,12 OCT 1990,COL,11f2,,"Blacksburg, VA (USA) (i)",25 FEB 2011,951
169,17:06.11,,Darcy MCDONALD,1987,USA,1,,"Blacksburg, VA (USA) (i)",19 FEB 2011,951
169,17:06.11,,Samantha BLUSKE,17 JUN 1991,USA,4,,"Cedar Falls, IA (USA) (i)",27 FEB 2011,951
171,17:06.17,,Brigid BYRNE,,USA,1,,"Annapolis, MD (USA) (i)",01 DEC 2011,951
172,17:06.29,,Hilary ORF,,USA,4,,"Kingston, RI (USA) (i)",18 FEB 2011,951
173,17:06.50,,Emily ZIMMERMAN,01 JUN 1990,USA,5,,"Kingston, RI (USA) (i)",18 FEB 2011,950
174,17:06.86,,Jaclyn ROLLINS,1991,CAN,5,,"Houston, TX (USA) (i)",25 FEB 2011,950
175,17:07.63,,Emma KERTESZ,24 JUL 1990,USA,6,,"Bowling Green, OH (USA) (i)",25 FEB 2011,948
176,17:08.00,,Logan WAITES,,USA,8,,"Fayetteville, AR (USA) (i)",26 FEB 2011,948
177,17:09.10,,Jodie SCHOPPMANN,13 OCT 1984,USA,1,,"Canton, NY (USA) (i)",22 JAN 2011,946
178,17:09.90,,Annie DEAR,,USA,7,,"Columbus, OH (USA) (i)",12 MAR 2011,944
179,17:10.38,,Meghan MCGLINCHEY,,USA,16,,"Boston, MA (USA) (i)",29 JAN 2011,943
180,17:10.52,,Louise HANNALLAH,13 DEC 1989,USA,9,,"Fayetteville, AR (USA) (i)",26 FEB 2011,943
181,17:10.57,,Laleh MOJTABAEEZAMANI,27 OCT 1989,USA,5,,"Fayetteville, AR (USA) (i)",28 JAN 2011,943
182,17:10.92,,Danielle DAKROUB,,USA,7,,"Bowling Green, OH (USA) (i)",25 FEB 2011,942
183,17:11.05,,Courtney SCHULTZ,,USA,1,,"Nampa, ID (USA) (i)",25 FEB 2011,942
184,17:11.23,,Genna HARTUNG,05 AUG 1991,USA,12,,"New York, NY (USA) (i)",26 FEB 2011,942
185,17:11.25,,Gabi ANZALONE,1993,USA,6,,"New York, NY (USA) (i)",11 MAR 2011,942
186,17:11.54,,Audra BROWN,17 SEP 1988,USA,8,,"Bowling Green, OH (USA) (i)",25 FEB 2011,941
187,17:11.56,,Theresa BROKAW,19 JUN 1988,USA,5,,"Cedar Falls, IA (USA) (i)",27 FEB 2011,941
188,17:11.61,,Chelsea BLANCHARD,14 MAR 1990,USA,17,,"Lafayette, LA (USA) (i)",27 FEB 2011,941
189,17:11.73,,Victoria GERLACH,02 JUN 1994,USA,7,,"New York, NY (USA) (i)",11 MAR 2011,941
190,17:12.00,,Anna HOLT-GOSSELIN,,USA,8,,"Columbus, OH (USA) (i)",12 MAR 2011,941
191,17:12.09,,Robin ENGLAND,,USA,17,,"Boston, MA (USA) (i)",29 JAN 2011,940
192,17:12.19,,Heidi ERTL,10 FEB 1988,USA,1,,"Stevens Point, WI (USA) (i)",19 FEB 2011,940
193,17:12.42,,Holly BISCHOF,19 DEC 1993,USA,8,,"New York, NY (USA) (i)",11 MAR 2011,940
194,17:12.83,,Tina YI,04 APR 1982,CHN,5,,"Edinboro, PA (USA) (i)",26 FEB 2011,939
195,17:13.15,,Ruth HILTON,,USA,2,,"Nampa, ID (USA) (i)",25 FEB 2011,938
196,17:13.51,,Dacia BUSHMAN,,USA,1f1,,"Boston, MA (USA) (i)",05 MAR 2011,938
197,17:13.90,,Kailyn KUZMUK,,USA,18,,"Boston, MA (USA) (i)",29 JAN 2011,937
198,17:14.00,,Monica JOYCE,16 JUL 1958,USA,1,,"University Center, MI (USA) (i)",21 JAN 2011,937
199,17:14.45,,Paige MILLS,,USA,9,,"Columbus, OH (USA) (i)",12 MAR 2011,936
200,17:14.57,,Sarah DUGAN,,USA,1,,"University Center, MI (USA) (i)",25 FEB 2011,936
201,17:14.84,,Holly ANDERSON,,USA,9,,"Bowling Green, OH (USA) (i)",25 FEB 2011,936
202,17:15.31,,Jordan HAMRIC,04 OCT 1989,USA,6,,"New York, NY (USA) (i)",04 MAR 2011,935
203,17:15.62,,Julianne QUINN,27 OCT 1988,USA,13,,"New York, NY (USA) (i)",26 FEB 2011,934
204,17:15.82,,Mackenzie HOWE,16 DEC 1988,USA,1,,"Clemson, SC (USA) (i)",28 JAN 2011,934
205,17:16.92,,Taylor CLOY,23 JUL 1990,USA,1,,"Norman, OK (USA) (i)",25 FEB 2011,932
206,17:17.02,,Merel VAN STEENBERGEN,1992,NED,1,,"Landover, MD (USA) (i)",12 FEB 2011,932
207,17:17.06,,Aubrey MOSKAL,20 FEB 1990,USA,7,,"New York, NY (USA) (i)",04 MAR 2011,932
208,17:18.07,,Elissa MASON,13 SEP 1989,USA,7,,"Kingston, RI (USA) (i)",18 FEB 2011,930
209,17:18.63,,Ali SIMEONE,,USA,2f2,,"Boston, MA (USA) (i)",11 FEB 2011,929
210,17:18.65,,Kimberly DELORETO,,USA,2,,"Landover, MD (USA) (i)",12 FEB 2011,929
211,17:18.68,,Kylen CIESLAK,,USA,2,,"University Center, MI (USA) (i)",25 FEB 2011,929
212,17:18.80,,Chistine NELSON,,USA,4,,"Albuquerque, NM (USA) (i)",25 FEB 2011,929
213,17:18.86,,Josie WILCOX,1991,NZL,6,,"Houston, TX (USA) (i)",25 FEB 2011,928
214,17:18.96,,Camille SCHULTZ,,USA,3,,"Nampa, ID (USA) (i)",25 FEB 2011,928
215,17:19.22,,Nicole DIMECURIO,21 MAR 1991,USA,11,,"Fayetteville, AR (USA) (i)",26 FEB 2011,928
216,17:19.34,,Sarah Anne BRAULT,01 DEC 1989,CAN,2,,"Morgantown, WV (USA) (i)",22 JAN 2011,928
217,17:19.35,,Kate HARRISON,20 JUN 1989,CAN,3,,"Morgantown, WV (USA) (i)",22 JAN 2011,928
217,17:19.35,,Jessica O'CONNELL,10 FEB 1989,CAN,4,,"Morgantown, WV (USA) (i)",22 JAN 2011,928
219,17:19.37,,Kaitlyn GILLESPIE,,USA,5,,"Morgantown, WV (USA) (i)",22 JAN 2011,928
220,17:19.38,,Megan HOELSCHER,22 AUG 1989,USA,6,,"Cedar Falls, IA (USA) (i)",27 FEB 2011,928
221,17:19.50,,Ellie KEYSER,27 MAR 1989,USA,5,,"Albuquerque, NM (USA) (i)",25 FEB 2011,927
222,17:20.27,,Samantha PATTY,02 AUG 1990,USA,16,,"New York, NY (USA) (i)",04 FEB 2011,926
223,17:20.33,,Courtney DINNAN,01 SEP 1990,USA,3f2,,"New York, NY (USA) (i)",05 FEB 2011,926
224,17:20.46,,Bradi HUTCHISON,,USA,1,,"Pocatello, ID (USA) (i)",25 FEB 2011,926
225,17:20.59,,Rebecca WHITE,,USA,2f1,,"Boston, MA (USA) (i)",05 MAR 2011,925
226,17:21.03,,Jessie PETERSEN,19 JAN 1993,USA,9,,"New York, NY (USA) (i)",11 MAR 2011,925
227,17:21.51,,Mattie WEBB,12 MAY 1993,USA,10,,"New York, NY (USA) (i)",11 MAR 2011,924
228,17:21.66,,Carly HAMOND,,USA,3f2,,"Boston, MA (USA) (i)",11 FEB 2011,924
229,17:21.67,,Margaret BINGHAM,07 AUG 1989,USA,10,,"Bowling Green, OH (USA) (i)",25 FEB 2011,924
230,17:21.70,,Alyson DALTON,,USA,1,,"Canton, NY (USA) (i)",10 DEC 2011,923
231,17:21.71,,Anisa ARSENAULT,03 JUN 1992,USA,8,,"Kingston, RI (USA) (i)",18 FEB 2011,923
232,17:21.85,,Melissa NASH,16 MAR 1987,USA,1,,"Boston, MA (USA) (i)",20 FEB 2011,923
233,17:22.11,,Sarah WALDRON,11 FEB 1988,GBR,6,,"Albuquerque, NM (USA) (i)",25 FEB 2011,923
234,17:22.24,,Caitlin COMFORT,1990,USA,18,,"Lafayette, LA (USA) (i)",27 FEB 2011,923
235,17:22.37,,Marissa LIBERATI,,USA,19,,"Boston, MA (USA) (i)",29 JAN 2011,922
236,17:22.76,,Leah THOMPSON,10 JAN 1989,USA,1,,"Lincoln, NE (USA) (i)",22 JAN 2011,922
237,17:22.83,,Sara PARKINSON,09 MAR 1988,GBR,4,,"Boston, MA (USA) (i)",19 FEB 2011,922
238,17:22.92,,Jennifer KLUGH,,USA,1,,"Lynchburg, VA (USA) (i)",02 DEC 2011,921
239,17:23.02,,Charity MILES,,USA,1,,"Lincoln, NE (USA) (i)",19 FEB 2011,921
240,17:23.19,,Amy Jo THORNE,19 NOV 1988,USA,1,,"Fargo, ND (USA) (i)",28 FEB 2011,921
241,17:23.55,,Katrina SPRATFORD,15 MAY 1990,USA,4f2,,"New York, NY (USA) (i)",05 FEB 2011,920
242,17:23.79,,Jessica DI CICCO,24 DEC 1988,USA,9,,"Kingston, RI (USA) (i)",18 FEB 2011,920
243,17:23.85,,Katie PIERCE,,USA,3f1,,"Boston, MA (USA) (i)",05 MAR 2011,920
244,17:23.95,,Lauren SMITH,,USA,2,,"Norman, OK (USA) (i)",25 FEB 2011,920
245,17:24.09,,Natalie HAWS,15 DEC 1989,USA,2,,"Pocatello, ID (USA) (i)",25 FEB 2011,919
246,17:24.25,,Aisha PRAUGHT LEER,14 DEC 1989,USA,7,,"Cedar Falls, IA (USA) (i)",27 FEB 2011,919
247,17:24.27,,Taylor THORNLEY,,USA,3,,"Pocatello, ID (USA) (i)",25 FEB 2011,919
248,17:24.32,,Kelsey MCHUGH,,USA,19,,"Lafayette, LA (USA) (i)",27 FEB 2011,919
249,17:24.35,,Jeptui CHERUTICH,,KEN,1,,"Boston, MA (USA) (i)",25 FEB 2011,919
250,17:25.16,,Kristen RADCLIFF,,USA,2,,"Fargo, ND (USA) (i)",28 FEB 2011,917
251,17:25.18,,Hope KRAUSE,17 FEB 1988,USA,13f2,,"Blacksburg, VA (USA) (i)",25 FEB 2011,917
252,17:25.47,,Lindsey LAMBERT,30 DEC 1989,USA,6,,"Edinboro, PA (USA) (i)",26 FEB 2011,917
253,17:25.50,,Kimberly SPANO,06 JUL 1991,USA,20,,"Boston, MA (USA) (i)",29 JAN 2011,917
253,17:25.50,,Laura BRUSTOLON,12 MAR 1988,USA,2,,"Boston, MA (USA) (i)",20 FEB 2011,917
255,17:25.62,,Amber BRUNMEIER,,USA,11,,"Bowling Green, OH (USA) (i)",25 FEB 2011,917
256,17:25.66,,Sylvia BEDFORD,,USA,3,,"Fargo, ND (USA) (i)",28 FEB 2011,917
257,17:26.11,,Bridget END,03 FEB 1992,USA,21,,"Boston, MA (USA) (i)",29 JAN 2011,916
258,17:26.16,,Heidi PETERSON,,USA,4,,"Fargo, ND (USA) (i)",28 FEB 2011,916
259,17:26.24,,Scarla NERO,02 AUG 1990,TTO,8,,"Cedar Falls, IA (USA) (i)",27 FEB 2011,916
260,17:26.47,,Laura MCCARY,07 FEB 1989,USA,3,,"University Park, PA (USA) (i)",28 JAN 2011,915
261,17:26.64,,Allison BISHEL,07 DEC 1987,USA,12,,"Bowling Green, OH (USA) (i)",25 FEB 2011,915
262,17:26.88,,Amy WILFERT,24 SEP 1989,USA,5f2,,"Boston, MA (USA) (i)",11 FEB 2011,914
263,17:26.93,,Hannah ROEDER,27 NOV 1987,USA,20,,"Lafayette, LA (USA) (i)",27 FEB 2011,914
264,17:27.10,,Michelle GUZMAN,20 JUL 1989,USA,6,,"Fayetteville, AR (USA) (i)",11 FEB 2011,914
265,17:27.17,,Marina GORDEYEVA,28 JUN 1989,RUS,16,,Moskva (RUS) (i),18 FEB 2011,914
266,17:27.54,,Lauren KERSJES,13 JUL 1982,USA,22,,"Boston, MA (USA) (i)",29 JAN 2011,913
267,17:27.61,,Kate ROSETTIE,,USA,4f1,,"Boston, MA (USA) (i)",05 MAR 2011,913
268,17:27.66,,Casey MCDERMOTT,19 MAY 1989,USA,9,,"Cedar Falls, IA (USA) (i)",27 FEB 2011,913
269,17:27.82,,Shelby DAVIDSON,1993,USA,11,,"New York, NY (USA) (i)",11 MAR 2011,913
270,17:28.14,,Olivia MYERS,,USA,10,,"Cedar Falls, IA (USA) (i)",27 FEB 2011,912
271,17:28.18,,Kristabel DOEBEL-HICKOK,28 APR 1989,USA,7,,"Fayetteville, AR (USA) (i)",11 FEB 2011,912
272,17:28.60,,Vanessa ORTIZ,,USA,7,,"Albuquerque, NM (USA) (i)",25 FEB 2011,911
273,17:28.61,,Lena EDELSTEIN,,USA,1,,"Haverford, PA (USA) (i)",10 DEC 2011,911
274,17:28.64,,Lindsey ANDERSON,11 NOV 1989,USA,1,,"New York, NY (USA) (i)",27 FEB 2011,911
275,17:28.82,,Megan JENKINS,09 SEP 1987,USA,3,,"Norman, OK (USA) (i)",25 FEB 2011,911
276,17:28.90,,Katie TAYLOR,,USA,2,,"Annapolis, MD (USA) (i)",01 DEC 2011,911
277,17:28.93,,Allison CONNER,,USA,6f2,,"Boston, MA (USA) (i)",11 FEB 2011,911
278,17:29.73,,Kristin BRONDBO,1988,NOR,3,,"Bemidji, MN (USA) (i)",26 FEB 2011,910
279,17:29.84,,Reid WATSON,1994,USA,12,,"New York, NY (USA) (i)",11 MAR 2011,909
280,17:29.88,,Jackie KOSAKOWSKI,09 AUG 1983,USA,1,,"Lynchburg, VA (USA) (i)",28 JAN 2011,909
281,17:30.02,,Erin CAWLEY,13 FEB 1991,USA,7f2,,"Boston, MA (USA) (i)",11 FEB 2011,909
282,17:30.03,,Andrea TORSKE,14 APR 1990,USA,12,,"Fayetteville, AR (USA) (i)",26 FEB 2011,909
283,17:30.04,,Allison PETTIT,,USA,8,,"New York, NY (USA) (i)",04 MAR 2011,909
284,17:30.77,,Karen ROA,05 JUL 1990,USA,2,,"New Haven, CT (USA) (i)",05 FEB 2011,908
285,17:30.90,,Kristina AUBERT,,USA,3,,"Jonesboro, AR (USA) (i)",28 FEB 2011,908
286,17:31.13,,Brenna SYMONIAK,,USA,8f2,,"Boston, MA (USA) (i)",11 FEB 2011,907
287,17:31.30,,Mary Kate DUBARD,07 OCT 1990,USA,14f2,,"Blacksburg, VA (USA) (i)",25 FEB 2011,907
288,17:31.67,,Brittney LANE,,USA,1,,"New Haven, CT (USA) (i)",04 DEC 2011,906
289,17:31.71,,Helene DELONE,04 DEC 1989,USA,2,,"Bloomington, IN (USA) (i)",21 JAN 2011,906
290,17:31.99,,Jamie SMITH,,USA,5,,"Fargo, ND (USA) (i)",28 FEB 2011,906
291,17:32.11,,Courtney YAEGER,01 FEB 1991,USA,21,,"Lafayette, LA (USA) (i)",27 FEB 2011,905
292,17:32.22,,Kyle Lynn MACQUEEN,11 APR 1985,USA,1,,"Roxbury, MA (USA) (i)",03 DEC 2011,905
293,17:32.47,,Yelena PALAGINA,17 FEB 1990,RUS,17,,Moskva (RUS) (i),18 FEB 2011,905
294,17:32.60,,Justine JEROSKI,,USA,2,,"Chicago, IL (USA) (i)",26 FEB 2011,905
295,17:32.73,,Teegan SCHOCH,25 JAN 1990,USA,1,,"New York, NY (USA) (i)",18 FEB 2011,904
296,17:32.74,,Brittni HUTTON,20 SEP 1989,USA,6,,"Fargo, ND (USA) (i)",28 FEB 2011,904
297,17:32.79,,Ashley GREGORY,,USA,3,,"University Center, MI (USA) (i)",25 FEB 2011,904
298,17:32.80,,Jordan BURKE,1990,USA,4,,"Nampa, ID (USA) (i)",25 FEB 2011,904
299,17:32.89,,Jackie KIRBY,24 OCT 1987,USA,3,,"Blacksburg, VA (USA) (i)",19 FEB 2011,904
300,17:33.12,,Catherine CAMPBELL,,USA,2,,"Haverford, PA (USA) (i)",26 FEB 2011,904
301,17:33.32,,Shaylee VANDERBAAN,,USA,4,,"University Center, MI (USA) (i)",25 FEB 2011,903
302,17:33.34,,Brea GOODMAN,08 APR 1991,USA,6f2,,"New York, NY (USA) (i)",05 FEB 2011,903
303,17:33.47,,Kim QUINN,1991,USA,5,,"Nampa, ID (USA) (i)",25 FEB 2011,903
304,17:33.53,,Mary Grace PELLEGRINI,13 SEP 1989,USA,22,,"Lafayette, LA (USA) (i)",27 FEB 2011,903
305,17:33.72,,Elyse BORISKO,05 JUL 1991,USA,1f1,,"Blacksburg, VA (USA) (i)",25 FEB 2011,903
306,17:33.75,,Tricia TERRY,,USA,6,,"Fayetteville, AR (USA) (i)",28 JAN 2011,903
307,17:33.86,,Meg ECKER,14 DEC 1989,USA,10,,"Kingston, RI (USA) (i)",18 FEB 2011,902
308,17:34.16,,Sheilah NDASYM,,USA,7,,"Fargo, ND (USA) (i)",28 FEB 2011,902
309,17:34.53,,Raeanne LOHNER,,USA,13,,"Bowling Green, OH (USA) (i)",25 FEB 2011,901
310,17:35.24,,Sarah TURMAN,28 FEB 1991,USA,2f1,,"Blacksburg, VA (USA) (i)",25 FEB 2011,900
311,17:35.88,,Alex LITZSINGER,,USA,6,,"Nampa, ID (USA) (i)",25 FEB 2011,899
312,17:36.16,,Laura DOCHERTY,19 AUG 1991,USA,1,,"Minneapolis, MN (USA) (i)",21 JAN 2011,898
313,17:36.18,,Dakota GOODMAN,08 APR 1991,USA,7f2,,"New York, NY (USA) (i)",05 FEB 2011,898
314,17:36.25,,Leah BROGAN,1987,USA,23,,"Boston, MA (USA) (i)",29 JAN 2011,898
315,17:36.35,,Ashley UNRUH,,USA,2,,"Lincoln, NE (USA) (i)",19 FEB 2011,898
316,17:36.43,,Andrea WALSH,09 FEB 1990,USA,3,,"Boston, MA (USA) (i)",25 FEB 2011,898
317,17:36.47,,Ann POYTHRESS,14 NOV 1989,USA,7,,"Nampa, ID (USA) (i)",25 FEB 2011,898
318,17:36.53,,Brianna NERUD,16 SEP 1994,USA,13,,"New York, NY (USA) (i)",11 MAR 2011,898
319,17:36.63,,Christina ARGUETA,,USA,4,,"Boston, MA (USA) (i)",25 FEB 2011,898
320,17:37.39,,Lara SHEGOSKI,,USA,9,,"New York, NY (USA) (i)",04 MAR 2011,896
321,17:37.41,,Ashley GORR,29 DEC 1986,USA,3,,"Boston, MA (USA) (i)",20 FEB 2011,896
321,17:37.41,,Kara MCKENNA,17 MAY 1988,USA,15f2,,"Blacksburg, VA (USA) (i)",25 FEB 2011,896
323,17:37.48,,Cecilia FURLONG,,USA,1,,"New York, NY (USA) (i)",14 JAN 2011,896
324,17:37.57,,Emily BEAVER,14 JUL 1991,USA,11,,"Cedar Falls, IA (USA) (i)",27 FEB 2011,896
325,17:37.65,,Rachel YORK,09 JUL 1988,USA,2,,"Lincoln, NE (USA) (i)",22 JAN 2011,896
326,17:37.82,,Jena PEACOCK,29 APR 1990,USA,8f2,,"New York, NY (USA) (i)",05 FEB 2011,896
327,17:37.83,,Crystal REICHERT,,USA,1,,"Angola, IN (USA) (i)",18 FEB 2011,896
328,17:37.88,,Lauren JONES,29 SEP 1987,USA,4,,"Norman, OK (USA) (i)",25 FEB 2011,895
329,17:37.96,,Laurie BYRD,,USA,5,,"Norman, OK (USA) (i)",25 FEB 2011,895
330,17:37.97,,Julie TARALLO,11 APR 1989,USA,4f,,"Annapolis, MD (USA) (i)",19 FEB 2011,895
331,17:38.58,,Ravenna NEVILLE,1988,USA,16f1,,"Boston, MA (USA) (i)",11 FEB 2011,894
332,17:38.81,,Sara PARKS,,USA,5,,"University Center, MI (USA) (i)",25 FEB 2011,894
333,17:38.82,,Kelsey CARMEAN,,USA,8,,"Fargo, ND (USA) (i)",28 FEB 2011,894
334,17:39.15,,Jessica ZANGMEISTER,,USA,13,,"Cedar Falls, IA (USA) (i)",27 FEB 2011,893
335,17:39.17,,Alaina CHODOFF,,USA,5f,,"Annapolis, MD (USA) (i)",19 FEB 2011,893
336,17:39.37,,Dina IACONE,06 APR 1994,USA,14,,"New York, NY (USA) (i)",11 MAR 2011,893
337,17:39.49,,Katherine WARD,22 JUL 1989,USA,8,,"Albuquerque, NM (USA) (i)",25 FEB 2011,893
338,17:39.63,,Katie WHITE,11 JUN 1990,USA,7,,"Fayetteville, AR (USA) (i)",28 JAN 2011,892
339,17:39.76,,Julia NOWAK,,USA,11,,"Albuquerque, NM (USA) (i)",12 MAR 2011,892
340,17:39.78,,Kyle BLAKESLEE,21 JAN 1991,USA,4,,"Bemidji, MN (USA) (i)",26 FEB 2011,892
341,17:39.91,,Elizabeth CALDWELL,1993,USA,15,,"New York, NY (USA) (i)",11 MAR 2011,892
342,17:40.02,,Emma BATES,08 JUL 1992,USA,8,,"Nampa, ID (USA) (i)",25 FEB 2011,892
343,17:40.04,,Kristine TORRES,21 NOV 1988,USA,6,,"Norman, OK (USA) (i)",25 FEB 2011,892
344,17:40.29,,Stephanie FULMER,,USA,1,,"Lewisburg, PA (USA) (i)",03 DEC 2011,891
345,17:40.43,,Taylor LUDMAN,,USA,3,,"Haverford, PA (USA) (i)",26 FEB 2011,891
346,17:40.79,,Alysha HOOPER,,USA,6f,,"Annapolis, MD (USA) (i)",19 FEB 2011,890
347,17:41.09,,Karina GARCÍA,03 DEC 1987,MEX,7,,"Houston, TX (USA) (i)",25 FEB 2011,890
348,17:41.23,,Rochelle KANUHO,04 JUL 1990,USA,4,,"Pocatello, ID (USA) (i)",25 FEB 2011,890
349,17:41.31,,Hannah ECKSTEIN,,USA,2,,"Lewisburg, PA (USA) (i)",03 DEC 2011,890
350,17:41.67,,Amy SHACKELFORD,,USA,7,,"Norman, OK (USA) (i)",25 FEB 2011,889
351,17:41.87,,Emily GIANNOTTI,12 JUL 1992,USA,4,,"University Park, PA (USA) (i)",05 FEB 2011,889
352,17:42.04,,Courtney CLEMENT,,USA,7f,,"Annapolis, MD (USA) (i)",19 FEB 2011,888
353,17:42.24,,Christine COHICK,,USA,1,,"New York, NY (USA) (i)",21 JAN 2011,888
354,17:42.60,,Katie OGDEN,,USA,7f1,,"Boston, MA (USA) (i)",05 MAR 2011,887
355,17:43.03,,Crystina RIDENOUR,06 DEC 1986,USA,2,,"Angola, IN (USA) (i)",18 FEB 2011,887
356,17:43.11,,Sallie POST,1987,USA,4,,"Blacksburg, VA (USA) (i)",19 FEB 2011,886
357,17:43.17,,Annie BEVERIDGE,,USA,3,,"Annapolis, MD (USA) (i)",01 DEC 2011,886
358,17:43.19,,Amelia LANDBERG,,USA,9f2,,"Boston, MA (USA) (i)",11 FEB 2011,886
359,17:43.64,,Colette WHITNEY,,USA,5,,"Boston, MA (USA) (i)",25 FEB 2011,886
360,17:43.76,,Allison PYE,01 JAN 1989,USA,8,,"Houston, TX (USA) (i)",25 FEB 2011,885
361,17:43.80,,Jenna MITCHLER,,USA,,,"Stevens Point, WI (USA) (i)",05 FEB 2011,885
362,17:44.04,,Becca BRANDT,,USA,8,,"Edinboro, PA (USA) (i)",26 FEB 2011,885
363,17:44.24,,Margarita RODIONOVA,21 MAY 1987,RUS,18,,Moskva (RUS) (i),18 FEB 2011,885
364,17:44.28,,Meghan MASON,20 AUG 1987,USA,,,"Minneapolis, MN (USA) (i)",21 JAN 2011,884
364,17:44.28,,Emily LIPMAN,,USA,4,,"Haverford, PA (USA) (i)",26 FEB 2011,884
366,17:44.30,,Monika KORRA,05 SEP 1989,NOR,9,,"Houston, TX (USA) (i)",25 FEB 2011,884
367,17:44.42,,Lauren PISCHEL,,USA,16,,"New York, NY (USA) (i)",26 FEB 2011,884
