Rank,Mark,Competitor,DOB,Nat,Pos,,Venue,Date,ResultScore
1,3:51.48,Asbel KIPROP,30 JUN 1989,KEN,1,,"Bislett Stadion, Oslo (NOR)",09 JUN 2016,1182
2,3:51.54,Asbel KIPROP,30 JUN 1989,KEN,1,,"Hayward Field, Eugene, OR (USA)",28 MAY 2016,1181
3,3:51.96,Abdelaati IGUIDER,25 MAR 1987,MAR,2,,"Hayward Field, Eugene, OR (USA)",28 MAY 2016,1175
4,3:52.04,Elijah Motonei MANANGOI,05 JAN 1993,KEN,2,,"Bislett Stadion, Oslo (NOR)",09 JUN 2016,1174
5,3:52.24,Taoufik MAKHLOUFI,29 APR 1988,ALG,3,,"Bislett Stadion, Oslo (NOR)",09 JUN 2016,1172
6,3:52.26,Nick WILLIS,25 APR 1983,NZL,4,,"Bislett Stadion, Oslo (NOR)",09 JUN 2016,1172
7,3:52.39,Elijah Motonei MANANGOI,05 JAN 1993,KEN,3,,"Hayward Field, Eugene, OR (USA)",28 MAY 2016,1170
8,3:52.59,Ryan GREGSON,26 APR 1990,AUS,5,,"Bislett Stadion, Oslo (NOR)",09 JUN 2016,1167
9,3:52.64,Charlie DA'VALL GRICE,07 NOV 1993,GBR,1,,"Hayward Field, Eugene, OR (USA)",28 MAY 2016,1167
10,3:52.71,Vincent KIBET,06 MAY 1991,KEN,4,,"Hayward Field, Eugene, OR (USA)",28 MAY 2016,1166
11,3:52.85,Charlie DA'VALL GRICE,07 NOV 1993,GBR,6,,"Bislett Stadion, Oslo (NOR)",09 JUN 2016,1164
12,3:52.95,Taoufik MAKHLOUFI,29 APR 1988,ALG,5,,"Hayward Field, Eugene, OR (USA)",28 MAY 2016,1163
13,3:53.04,Silas KIPLAGAT,20 AUG 1989,KEN,1,,"Olympic Stadium, London (GBR)",22 JUL 2016,1162
14,3:53.17,Timothy CHERUIYOT,20 NOV 1995,KEN,2,,"Olympic Stadium, London (GBR)",22 JUL 2016,1160
15,3:53.19,Henrik INGEBRIGTSEN,24 FEB 1991,NOR,7,,"Bislett Stadion, Oslo (NOR)",09 JUN 2016,1160
15,3:53.19,Vincent KIBET,06 MAY 1991,KEN,3,,"Olympic Stadium, London (GBR)",22 JUL 2016,1160
17,3:53.23,Aman WOTE,18 APR 1984,ETH,6,,"Hayward Field, Eugene, OR (USA)",28 MAY 2016,1159
18,3:53.83,Ben BLANKENSHIP,15 DEC 1988,USA,7,,"Hayward Field, Eugene, OR (USA)",28 MAY 2016,1152
19,3:54.20,Jake WIGHTMAN,11 JUL 1994,GBR,4,,"Olympic Stadium, London (GBR)",22 JUL 2016,1147
20,3:54.21,Evan JAGER,08 MAR 1989,USA,8,,"Hayward Field, Eugene, OR (USA)",28 MAY 2016,1147
21,3:54.57,Kyle MERBER,19 NOV 1990,USA,1,,"Raleigh, NC (USA)",05 AUG 2016,1142
22,3:54.94,Colby ALEXANDER,13 JUN 1991,USA,2,,"Raleigh, NC (USA)",05 AUG 2016,1137
23,3:54.99,David TORRENCE,26 NOV 1985,PER,1,,"South Huntington, NY (USA)",31 AUG 2016,1137
24,3:55.01,Johan ROGESTEDT,27 JAN 1993,SWE,5,,"Olympic Stadium, London (GBR)",22 JUL 2016,1137
25,3:55.02,Filip INGEBRIGTSEN,20 APR 1993,NOR,8,,"Bislett Stadion, Oslo (NOR)",09 JUN 2016,1136
26,3:55.25,Charles PHILIBERT-THIBOUTOT,31 DEC 1990,CAN,2,,"South Huntington, NY (USA)",31 AUG 2016,1134
27,3:55.27,John GREGOREK,07 DEC 1991,USA,3,,"Raleigh, NC (USA)",05 AUG 2016,1133
28,3:55.31,Nathan BRANNEN,08 SEP 1982,CAN,6,,"Olympic Stadium, London (GBR)",22 JUL 2016,1133
29,3:55.43,Lee EMANUEL,24 JAN 1985,GBR,7,,"Olympic Stadium, London (GBR)",22 JUL 2016,1131
30,3:55.46,Andrew BAYER,03 FEB 1990,USA,8,,"Olympic Stadium, London (GBR)",22 JUL 2016,1131
31,3:55.56,Nick WILLIS,25 APR 1983,NZL,1,,Wanganui (NZL),19 JAN 2016,1130
32,3:55.57,John GREGOREK,07 DEC 1991,USA,1,,Dublin (IRL),22 JUL 2016,1130
33,3:55.60,Ford PALMER,06 OCT 1990,USA,3,,"South Huntington, NY (USA)",31 AUG 2016,1129
34,3:55.62,Robert BIWOTT,28 JAN 1996,KEN,9,,"Bislett Stadion, Oslo (NOR)",09 JUN 2016,1129
35,3:55.79,Kyle MERBER,19 NOV 1990,USA,2,,Dublin (IRL),22 JUL 2016,1127
36,3:55.80,Dawit WOLDE,19 MAY 1991,ETH,2,,"Hayward Field, Eugene, OR (USA)",28 MAY 2016,1127
37,3:55.93,Colby ALEXANDER,13 JUN 1991,USA,3,,Dublin (IRL),22 JUL 2016,1125
38,3:56.05,Graham CRAWFORD,29 DEC 1992,USA,4,,"Raleigh, NC (USA)",05 AUG 2016,1124
39,3:56.11,Colby ALEXANDER,13 JUN 1991,USA,4,,"South Huntington, NY (USA)",31 AUG 2016,1123
40,3:56.14,Peter CALLAHAN,01 JUN 1991,BEL,4,,Dublin (IRL),22 JUL 2016,1122
41,3:56.19,Kyle MERBER,19 NOV 1990,USA,1f2,,"West Chester, PA (USA)",11 AUG 2016,1122
42,3:56.28,Graham CRAWFORD,29 DEC 1992,USA,2f2,,"West Chester, PA (USA)",11 AUG 2016,1121
43,3:56.39,Jordan MCNAMARA,07 MAR 1987,USA,1,,St. Louis (USA),02 JUN 2016,1119
44,3:56.44,Thomas LANCASHIRE,02 JUL 1985,GBR,9,,"Olympic Stadium, London (GBR)",22 JUL 2016,1119
45,3:56.50,Eric AVILA,03 OCT 1989,USA,5,,"South Huntington, NY (USA)",31 AUG 2016,1118
46,3:56.58,Ford PALMER,06 OCT 1990,USA,5,,"Raleigh, NC (USA)",05 AUG 2016,1117
47,3:56.60,Silas KIPLAGAT,20 AUG 1989,KEN,9,,"Hayward Field, Eugene, OR (USA)",28 MAY 2016,1117
48,3:56.62,Jerry MOTSAU,12 MAR 1990,RSA,5,,Dublin (IRL),22 JUL 2016,1116
49,3:56.67,Ford PALMER,06 OCT 1990,USA,3f2,,"West Chester, PA (USA)",11 AUG 2016,1116
50,3:56.7h,Luke MATHEWS,21 JUN 1995,AUS,1f1,,Melbourne (AUS),23 FEB 2016,1115
50,3:56.70,John GREGOREK,07 DEC 1991,USA,4f2,,"West Chester, PA (USA)",11 AUG 2016,1115
52,3:56.72,Hamish CARSON,01 NOV 1988,NZL,2,,Wanganui (NZL),19 JAN 2016,1115
53,3:56.73,Daniel WINN,30 JUL 1991,USA,6,,Dublin (IRL),22 JUL 2016,1115
54,3:56.89,James Kiplagat MAGUT,20 JUL 1990,KEN,10,,"Hayward Field, Eugene, OR (USA)",28 MAY 2016,1113
55,3:56.91,Jordan MCNAMARA,07 MAR 1987,USA,7,,Dublin (IRL),22 JUL 2016,1113
56,3:57.15,Andrew HUNTER,05 SEP 1997,USA,6,,"Raleigh, NC (USA)",05 AUG 2016,1110
57,3:57.24,Frezer LEGESSE,04 JUN 1990,USA,2,,St. Louis (USA),02 JUN 2016,1109
58,3:57.30,Eric SPEAKMAN,29 AUG 1990,NZL,3,,Wanganui (NZL),19 JAN 2016,1108
59,3:57.39,Cristian SORATOS,26 SEP 1992,USA,3,,St. Louis (USA),02 JUN 2016,1107
60,3:57.58,Mike BRANNIGAN,12 NOV 1996,USA,7,,"Raleigh, NC (USA)",05 AUG 2016,1104
61,3:57.60,Richard DOUMA,17 APR 1993,NED,10,,"Olympic Stadium, London (GBR)",22 JUL 2016,1104
62,3:57.80,Sam PENZENSTADLER,11 SEP 1992,USA,1f1,,"Concord, MA (USA)",02 JUN 2016,1102
63,3:57.97,Ford PALMER,06 OCT 1990,USA,8,,Dublin (IRL),22 JUL 2016,1100
64,3:58.04,Peter CALLAHAN,01 JUN 1991,BEL,6,,"South Huntington, NY (USA)",31 AUG 2016,1099
65,3:58.14,Kyle MERBER,19 NOV 1990,USA,1,,"Falmouth, MA (USA)",20 AUG 2016,1097
66,3:58.15,Colby ALEXANDER,13 JUN 1991,USA,2,,"Falmouth, MA (USA)",20 AUG 2016,1097
67,3:58.20,Kyle MERBER,19 NOV 1990,USA,7,,"South Huntington, NY (USA)",31 AUG 2016,1097
68,3:58.23,Eric AVILA,03 OCT 1989,USA,2f1,,"Concord, MA (USA)",02 JUN 2016,1096
69,3:58.28,Jordan MCNAMARA,07 MAR 1987,USA,3,,"Hayward Field, Eugene, OR (USA)",28 MAY 2016,1096
70,3:58.34,Jakub HOLUŠA,20 FEB 1988,CZE,11,,"Hayward Field, Eugene, OR (USA)",28 MAY 2016,1095
71,3:58.39,Riley MASTERS,05 APR 1990,USA,9,,Dublin (IRL),22 JUL 2016,1094
72,3:58.45,Graham CRAWFORD,29 DEC 1992,USA,1,,"Atlanta, GA (USA)",23 JUL 2016,1094
73,3:58.51,Cory LESLIE,24 OCT 1989,USA,8,,"Raleigh, NC (USA)",05 AUG 2016,1093
74,3:58.53,Pieter-Jan HANNES,30 OCT 1992,BEL,10,,"Bislett Stadion, Oslo (NOR)",09 JUN 2016,1093
75,3:58.61,Marc SEE,07 MAR 1989,AUS,1,,Perth (AUS),29 JAN 2016,1092
76,3:58.69,James WEST,30 JAN 1996,GBR,10,,Dublin (IRL),22 JUL 2016,1091
77,3:58.75,Paul ROBINSON,24 MAY 1991,IRL,11,,Dublin (IRL),22 JUL 2016,1090
78,3:58.86,Andrew HUNTER,05 SEP 1997,USA,12,,"Hayward Field, Eugene, OR (USA)",28 MAY 2016,1088
79,3:58.87,Jordan GUSMAN,30 JAN 1994,AUS,1f1,,Sydney (AUS),10 DEC 2016,1088
80,3:58.96,Reed CONNOR,25 SEP 1990,USA,5f2,,"West Chester, PA (USA)",11 AUG 2016,1087
81,3:59.0h,Sam MCENTEE,03 FEB 1992,AUS,2f1,,Melbourne (AUS),23 FEB 2016,1087
82,3:59.18,Joel HUBBARD,03 JUL 1994,USA,3f1,,"Concord, MA (USA)",02 JUN 2016,1085
83,3:59.3h,Brenton ROWE,17 AUG 1987,AUT,3f1,,Melbourne (AUS),23 FEB 2016,1083
84,3:59.33,Julian OAKLEY,23 JUN 1993,NZL,4f1,,"Concord, MA (USA)",02 JUN 2016,1083
85,3:59.4h,Jake WIGHTMAN,11 JUL 1994,GBR,1,,Nottingham (GBR),28 JUL 2016,1082
86,3:59.46,Andrew BADDELEY,20 JUN 1982,GBR,1f1,,Oxford (GBR),23 JUL 2016,1081
87,3:59.53,Michael SLAGOWSKI,16 JUN 1997,USA,1f1,,"Portland, OR (USA)",29 APR 2016,1080
88,3:59.66,Lee EMANUEL,24 JAN 1985,GBR,1,,Letterkenny (IRL),02 JUL 2016,1079
89,3:59.68,Abraham Kiplagat CHEPLAITI,,KEN,5f1,,"Concord, MA (USA)",02 JUN 2016,1078
90,3:59.73,Nick ROSS,11 NOV 1991,USA,6f1,,"Concord, MA (USA)",02 JUN 2016,1078
91,3:59.78,Michael SLAGOWSKI,16 JUN 1997,USA,4,,"Hayward Field, Eugene, OR (USA)",28 MAY 2016,1077
92,3:59.81,Brandon LASATER,09 OCT 1992,USA,1,,"Atlanta, GA (USA)",24 MAY 2016,1077
93,3:59.83,James Kiplagat MAGUT,20 JUL 1990,KEN,1,,Perth (AUS),12 MAR 2016,1077
94,3:59.98,Jack BOLAS,01 NOV 1987,USA,9,,"Raleigh, NC (USA)",05 AUG 2016,1075
95,4:00.01,Shyan VAZIRI,,USA,1,,"Los Angeles, CA (USA)",02 APR 2016,1074
96,4:00.06,Donnie COWART,24 OCT 1985,USA,10,,"Raleigh, NC (USA)",05 AUG 2016,1074
96,4:00.06,Chris O'HARE,23 NOV 1990,GBR,8,,"South Huntington, NY (USA)",31 AUG 2016,1074
98,4:00.09,Daniel WINN,30 JUL 1991,USA,9,,"South Huntington, NY (USA)",31 AUG 2016,1073
99,4:00.12,Craig HUFFER,27 OCT 1989,AUS,4,,Wanganui (NZL),19 JAN 2016,1073
100,4:00.18,Robbie FITZGIBBON,23 MAR 1996,GBR,2,,Letterkenny (IRL),02 JUL 2016,1072
101,4:00.24,Elijah Kipchirchir KIPTOO,09 JUN 1986,KEN,2,,Perth (AUS),12 MAR 2016,1071
102,4:00.27,Leonel MANZANO,12 SEP 1984,USA,5,,"Hayward Field, Eugene, OR (USA)",28 MAY 2016,1071
103,4:00.51,Patrick CORONA,17 MAR 1994,USA,1,,"Tempe, AZ (USA)",09 APR 2016,1068
104,4:00.54,Ford PALMER,06 OCT 1990,USA,3,,"Falmouth, MA (USA)",20 AUG 2016,1068
105,4:00.59,Donald CABRAL,12 DEC 1989,USA,10,,"South Huntington, NY (USA)",31 AUG 2016,1067
106,4:00.60,John GREGOREK,07 DEC 1991,USA,4,,"Falmouth, MA (USA)",20 AUG 2016,1067
107,4:00.62,Cory LESLIE,24 OCT 1989,USA,2,,"Atlanta, GA (USA)",23 JUL 2016,1067
108,4:00.82,Jonah KOECH,12 DEC 1996,KEN,1,,"Austin, TX (USA)",02 APR 2016,1064
109,4:00.83,Jordan GUSMAN,30 JAN 1994,AUS,1,,Geelong (AUS),17 DEC 2016,1064
110,4:00.86,Julian MATTHEWS,21 JUL 1988,NZL,5,,Wanganui (NZL),19 JAN 2016,1064
111,4:00.87,Jordan WILLIAMSZ,21 AUG 1992,AUS,2,,Geelong (AUS),17 DEC 2016,1064
112,4:00.91,Kirubel ERASSA,17 JUN 1993,USA,3,,"Atlanta, GA (USA)",23 JUL 2016,1063
113,4:01.01,Garrett HEATH,03 NOV 1985,USA,5,,"Falmouth, MA (USA)",20 AUG 2016,1062
114,4:01.04,Austin TAMAGNO,16 NOV 1997,USA,6,,"Hayward Field, Eugene, OR (USA)",28 MAY 2016,1062
115,4:01.11,Alex ROGERS,26 JUN 1997,USA,2,,"Austin, TX (USA)",02 APR 2016,1061
116,4:01.14,Lex WILLIAMS,21 MAR 1987,USA,11,,"Raleigh, NC (USA)",05 AUG 2016,1060
117,4:01.16,Donnie COWART,24 OCT 1985,USA,7f1,,"Concord, MA (USA)",02 JUN 2016,1060
118,4:01.23,Kirubel ERASSA,17 JUN 1993,USA,6f2,,"West Chester, PA (USA)",11 AUG 2016,1059
119,4:01.28,Bryce MCANDREW,20 MAR 1994,USA,3,,"Austin, TX (USA)",02 APR 2016,1059
120,4:01.37,Ryan GREGSON,26 APR 1990,AUS,1,,Cork (IRL),28 JUN 2016,1058
121,4:01.48,Ahmed BILE,21 SEP 1993,USA,3,,Letterkenny (IRL),02 JUL 2016,1056
122,4:01.50,Thomas RATCLIFFE,03 SEP 1997,USA,8f1,,"Concord, MA (USA)",02 JUN 2016,1056
123,4:01.58,Travis MAHONEY,25 JUL 1990,USA,7f2,,"West Chester, PA (USA)",11 AUG 2016,1055
124,4:01.61,Leonel MANZANO,12 SEP 1984,USA,11,,"Olympic Stadium, London (GBR)",22 JUL 2016,1055
125,4:01.77,Robby CREESE,30 AUG 1993,USA,4,,"Atlanta, GA (USA)",23 JUL 2016,1053
126,4:01.78,Brandon HUDGINS,14 JAN 1987,USA,12,,"Raleigh, NC (USA)",05 AUG 2016,1053
127,4:01.84,Alex TOVEY,27 DEC 1989,GBR,2f1,,Oxford (GBR),23 JUL 2016,1052
128,4:01.85,Sam PENZENSTADLER,11 SEP 1992,USA,1,,"Philadelphia, PA (USA)",30 APR 2016,1052
129,4:01.88,Craig FORYS,13 JUL 1989,USA,5,,"Atlanta, GA (USA)",23 JUL 2016,1051
130,4:01.92,Alfredo SANTANA,08 APR 1991,PUR,1f1,,"West Chester, PA (USA)",11 AUG 2016,1051
131,4:01.94,Stephen SCHROEDER,,USA,6,,"Atlanta, GA (USA)",23 JUL 2016,1051
132,4:01.98,Matthew HUGHES,03 AUG 1989,CAN,7,,"Hayward Field, Eugene, OR (USA)",28 MAY 2016,1050
133,4:02.00,Matt DORSEY,,USA,2,,"Tempe, AZ (USA)",09 APR 2016,1050
134,4:02.02,Patrick GREGORY,,USA,9f1,,"Concord, MA (USA)",02 JUN 2016,1050
134,4:02.02,Chris DERRICK,17 OCT 1990,USA,13,,"Raleigh, NC (USA)",05 AUG 2016,1050
136,4:02.05,Eric AVILA,03 OCT 1989,USA,6,,"Falmouth, MA (USA)",20 AUG 2016,1049
137,4:02.07,James HANSEN,27 NOV 1993,AUS,3,,Perth (AUS),12 MAR 2016,1049
138,4:02.12,Malcolm HICKS,19 OCT 1987,NZL,6,,Wanganui (NZL),19 JAN 2016,1049
138,4:02.12,Tripp HURT,30 OCT 1992,USA,10f1,,"Concord, MA (USA)",02 JUN 2016,1049
140,4:02.15,Zach ZARDA,14 MAR 1990,USA,3,,"Tempe, AZ (USA)",09 APR 2016,1048
140,4:02.15,Ahmed BILE,21 SEP 1993,USA,2,,Cork (IRL),28 JUN 2016,1048
142,4:02.16,Dušan MAKEVIĆ,15 MAY 1992,SRB,4,,"Austin, TX (USA)",02 APR 2016,1048
143,4:02.26,George ALEX,20 JAN 1990,USA,11f1,,"Concord, MA (USA)",02 JUN 2016,1047
144,4:02.29,Donald CABRAL,12 DEC 1989,USA,8,,"Hayward Field, Eugene, OR (USA)",28 MAY 2016,1046
145,4:02.4h,Richard WEIR,07 AUG 1984,GBR,2,,Nottingham (GBR),28 JUL 2016,1045
146,4:02.49,Brian SHRADER,22 JUL 1991,USA,4,,"Tempe, AZ (USA)",09 APR 2016,1044
146,4:02.49,Robby NIERMAN,,USA,7,,"Atlanta, GA (USA)",23 JUL 2016,1044
148,4:02.50,Travis BURKSTRAND,22 JUL 1989,USA,4,,St. Louis (USA),02 JUN 2016,1044
149,4:02.54,Chris O'HARE,23 NOV 1990,GBR,12,,"Olympic Stadium, London (GBR)",22 JUL 2016,1043
150,4:02.59,Brandon HUDGINS,14 JAN 1987,USA,2,,"Philadelphia, PA (USA)",30 APR 2016,1043
151,4:02.61,Adrian PLUMMER,18 SEP 1991,AUS,2f1,,Sydney (AUS),10 DEC 2016,1043
152,4:02.62,John Nick HAPPE,11 DEC 1990,USA,5,,St. Louis (USA),02 JUN 2016,1042
153,4:02.66,Kemoy CAMPBELL,14 JAN 1991,JAM,12f1,,"Concord, MA (USA)",02 JUN 2016,1042
154,4:02.70,Charlie MARQUARDT,,USA,3,,"Philadelphia, PA (USA)",30 APR 2016,1042
155,4:03.0h,Jack RAYNER,19 DEC 1995,AUS,4f1,,Melbourne (AUS),23 FEB 2016,1038
156,4:03.06,Reid BUCHANAN,03 FEB 1993,USA,4,,Letterkenny (IRL),02 JUL 2016,1037
157,4:03.07,CJ ALBERTSON,11 OCT 1993,USA,5,,"Tempe, AZ (USA)",09 APR 2016,1037
157,4:03.07,Riley MASTERS,05 APR 1990,USA,7,,"Falmouth, MA (USA)",20 AUG 2016,1037
159,4:03.1h,Cameron BOYEK,09 OCT 1993,GBR,3,,Nottingham (GBR),28 JUL 2016,1037
160,4:03.16,Daniel EVERETT,27 MAY 1993,USA,6,,"Tempe, AZ (USA)",09 APR 2016,1036
161,4:03.21,Austin TAMAGNO,16 NOV 1997,USA,1f1,,"Walnut, CA (USA)",15 APR 2016,1035
161,4:03.21,Nicholas FALK,21 JAN 1991,CAN,3f1,,Oxford (GBR),23 JUL 2016,1035
163,4:03.24,Craig LAUTENSLAGER,30 MAR 1993,NZL,5,,"Austin, TX (USA)",02 APR 2016,1035
164,4:03.28,Kendall MUHAMMAD,29 JUL 1997,USA,1,,"Nashville, TN (USA)",04 JUN 2016,1035
165,4:03.37,Ferdinand Kvan EDMAN,12 FEB 1993,NOR,2,,"Los Angeles, CA (USA)",02 APR 2016,1033
166,4:03.49,Nick ROSS,11 NOV 1991,USA,1f1,,"Providence, RI (USA)",15 APR 2016,1032
167,4:03.5h,Jack STAPLETON,29 SEP 1995,AUS,5f1,,Melbourne (AUS),23 FEB 2016,1032
168,4:03.53,Philip SESEMANN,03 OCT 1992,GBR,3,,Cork (IRL),28 JUN 2016,1032
169,4:03.58,Alec BALDWIN,,USA,3,,"Los Angeles, CA (USA)",02 APR 2016,1031
170,4:03.68,Daniel JASKOWAK,21 APR 1994,USA,2,,"Atlanta, GA (USA)",24 MAY 2016,1030
171,4:03.69,Stephen SCHROEDER,,USA,4,,"Philadelphia, PA (USA)",30 APR 2016,1030
172,4:03.73,Trevor GILLEY,04 OCT 1994,USA,2,,"Nashville, TN (USA)",04 JUN 2016,1029
173,4:03.94,Adam GOODWIN,,USA,1f2,,"Concord, MA (USA)",02 JUN 2016,1027
174,4:04.04,Thomas JOYCE,20 JUL 1993,USA,1,,"Berkeley, CA (USA)",23 APR 2016,1025
174,4:04.04,Leonel MANZANO,12 SEP 1984,USA,11,,"South Huntington, NY (USA)",31 AUG 2016,1025
176,4:04.09,Samuel BAXTER,1994,CAN,4,,"Los Angeles, CA (USA)",02 APR 2016,1025
177,4:04.12,John TRAVERS,16 MAR 1991,IRL,4,,Cork (IRL),28 JUN 2016,1024
178,4:04.20,Jack SALISBURY,05 JAN 1998,USA,1,,"Somerville, MA (USA)",17 JUN 2016,1023
179,4:04.29,Brady TURNBULL,,USA,6,,"Austin, TX (USA)",02 APR 2016,1022
180,4:04.31,Kevin BATT,28 FEB 1991,IRL,5,,Letterkenny (IRL),02 JUL 2016,1022
181,4:04.35,Stephen SCHROEDER,,USA,2f1,,"West Chester, PA (USA)",11 AUG 2016,1022
182,4:04.38,Craig HUFFER,27 OCT 1989,AUS,12,,Dublin (IRL),22 JUL 2016,1021
183,4:04.41,Thomas RATCLIFFE,03 SEP 1997,USA,2,,"Somerville, MA (USA)",17 JUN 2016,1021
183,4:04.41,Joshua TORLEY,30 APR 1999,AUS,3f1,,Sydney (AUS),10 DEC 2016,1021
185,4:04.44,Cody JORDAN,,USA,7,,"Tempe, AZ (USA)",09 APR 2016,1021
186,4:04.48,Jack RAYNER,19 DEC 1995,AUS,7,,Wanganui (NZL),19 JAN 2016,1020
187,4:04.49,Jack BOLAS,01 NOV 1987,USA,8f2,,"West Chester, PA (USA)",11 AUG 2016,1020
188,4:04.50,Gilbert KIGEN,23 DEC 1994,KEN,8,,"Tempe, AZ (USA)",09 APR 2016,1020
188,4:04.50,Jack BOLAS,01 NOV 1987,USA,5,,"Philadelphia, PA (USA)",30 APR 2016,1020
190,4:04.52,Henry STERLING,19 JUL 1991,USA,2f1,,"Providence, RI (USA)",15 APR 2016,1020
191,4:04.59,Connor DUNNE,26 MAY 1998,USA,1f1,,"Azusa, CA (USA)",26 MAR 2016,1019
192,4:04.7h,Mark RICHARDS,07 AUG 1995,AUS,6f1,,Melbourne (AUS),23 FEB 2016,1017
193,4:04.73,Brian LLAMAS,25 MAR 1993,MEX,9,,"Tempe, AZ (USA)",09 APR 2016,1017
193,4:04.73,Reed BROWN,06 AUG 1998,USA,1,,"Eugene, OR (USA)",02 JUL 2016,1017
195,4:04.83,Austin TAMAGNO,16 NOV 1997,USA,2f1,,"Azusa, CA (USA)",26 MAR 2016,1016
196,4:04.85,Valentin PEPIOT,06 JUL 1991,FRA,2,,"Berkeley, CA (USA)",23 APR 2016,1016
197,4:04.86,Samuel WORLEY,10 NOV 1998,USA,2,,"Eugene, OR (USA)",02 JUL 2016,1016
198,4:04.89,Philo SAUNDERS,31 OCT 1976,AUS,3,,"Nashville, TN (USA)",04 JUN 2016,1015
199,4:04.91,Steven MANGAN,14 APR 1992,USA,3f1,,"Providence, RI (USA)",15 APR 2016,1015
200,4:04.99,Eduardo HERRERA,23 SEP 1997,USA,3f1,,"Azusa, CA (USA)",26 MAR 2016,1014
201,4:05.06,Robby NIERMAN,,USA,3f1,,"West Chester, PA (USA)",11 AUG 2016,1013
202,4:05.1h,Mitchel BROWN,30 OCT 1988,AUS,7f1,,Melbourne (AUS),23 FEB 2016,1013
202,4:05.10,Ryan SCHWEIZER,,USA,3,,"Somerville, MA (USA)",17 JUN 2016,1013
204,4:05.21,Aron SEBHAT,,USA,6,,St. Louis (USA),02 JUN 2016,1011
205,4:05.23,Brett ROBINSON,08 MAY 1991,AUS,5,,Cork (IRL),28 JUN 2016,1011
206,4:05.25,Chris WALDEN,,USA,3,,"Berkeley, CA (USA)",23 APR 2016,1011
207,4:05.29,Jonathan DAVIS,10 OCT 1997,USA,1f1,,St. Louis (USA),02 JUN 2016,1010
208,4:05.39,Will SHEERAN,26 JAN 1994,USA,4f1,,"Providence, RI (USA)",15 APR 2016,1009
209,4:05.43,Mason COHEN,19 SEP 1996,AUS,4f1,,Sydney (AUS),10 DEC 2016,1009
210,4:05.44,Daniel WINN,30 JUL 1991,USA,9f2,,"West Chester, PA (USA)",11 AUG 2016,1009
211,4:05.45,Steven SPEVACEK,,USA,4,,"Nashville, TN (USA)",04 JUN 2016,1009
211,4:05.45,Ed VINING,08 MAY 1990,AUS,5f1,,Sydney (AUS),10 DEC 2016,1009
213,4:05.56,Tom HOOK,06 JUN 1995,GBR,4f1,,Oxford (GBR),23 JUL 2016,1007
214,4:05.60,Nick HARTLE,14 JAN 1994,USA,5,,"Los Angeles, CA (USA)",02 APR 2016,1007
215,4:05.61,Richard WEIR,07 AUG 1984,GBR,6,,Cork (IRL),28 JUN 2016,1007
216,4:05.73,Jaret CARPENTER,27 JUN 1998,USA,4,,"Somerville, MA (USA)",17 JUN 2016,1005
217,4:05.76,Abraham Kiplagat CHEPLAITI,,KEN,1,,"Longmont, CO (USA)",13 MAY 2016,1005
218,4:05.77,Michael WILSMORE,08 JUN 1985,GBR,5f1,,Oxford (GBR),23 JUL 2016,1005
219,4:05.79,Stanley Kipkoech KEBENEI,06 NOV 1989,USA,4,,"Berkeley, CA (USA)",23 APR 2016,1004
219,4:05.79,John TRAVERS,16 MAR 1991,IRL,6,,Letterkenny (IRL),02 JUL 2016,1004
221,4:05.81,Mason VILLARMA,,USA,6,,"Los Angeles, CA (USA)",02 APR 2016,1004
222,4:05.9h,Joshua JOHNSON,06 MAR 1992,AUS,8f1,,Melbourne (AUS),23 FEB 2016,1003
223,4:05.96,Casey CLINGER,09 OCT 1998,USA,3,,"Eugene, OR (USA)",02 JUL 2016,1002
224,4:05.97,Tyler JANES,,USA,4f1,,"Azusa, CA (USA)",26 MAR 2016,1002
225,4:05.98,John ASHCROFT,13 NOV 1992,GBR,7,,Cork (IRL),28 JUN 2016,1002
226,4:06.09,Zac GARRARD,,USA,7,,"Los Angeles, CA (USA)",02 APR 2016,1001
227,4:06.10,Mac FLEET,17 OCT 1990,USA,9,,"Hayward Field, Eugene, OR (USA)",28 MAY 2016,1001
227,4:06.10,Szymon KRAWCZYK,29 DEC 1988,POL,8,,Cork (IRL),28 JUN 2016,1001
229,4:06.11,Trevor VAN ACKEREN,01 AUG 1989,USA,6,,"Philadelphia, PA (USA)",30 APR 2016,1001
230,4:06.23,Jake POYNER,,USA,5,,"Nashville, TN (USA)",04 JUN 2016,999
231,4:06.25,Drew PIAZZA,28 JAN 1995,USA,5f1,,"Providence, RI (USA)",15 APR 2016,999
232,4:06.33,Jack YEARIAN,,USA,2f1,,"Portland, OR (USA)",29 APR 2016,998
233,4:06.38,Eduardo HERRERA,23 SEP 1997,USA,5,,"Somerville, MA (USA)",17 JUN 2016,997
234,4:06.42,Julian SAAD,10 SEP 1991,USA,6f1,,"Providence, RI (USA)",15 APR 2016,997
235,4:06.45,Jeremy GREENWALD,20 JUL 1993,USA,3,,"Atlanta, GA (USA)",24 MAY 2016,997
236,4:06.56,Benard KETER,25 MAY 1992,USA,7,,"Austin, TX (USA)",02 APR 2016,995
236,4:06.56,Thomas POSTON,,USA,8,,"Los Angeles, CA (USA)",02 APR 2016,995
238,4:06.63,Kevin GREENE,04 JUN 1992,USA,2f2,,"Concord, MA (USA)",02 JUN 2016,995
239,4:06.69,Nick CARLEO,1997,USA,7f1,,"Providence, RI (USA)",15 APR 2016,994
240,4:06.70,Joe BISTRITZ,,USA,6,,"Somerville, MA (USA)",17 JUN 2016,994
241,4:06.71,Andrew HUNTER,05 SEP 1997,USA,8,,"Falmouth, MA (USA)",20 AUG 2016,994
242,4:06.72,Patrick PARKER,10 JAN 1999,USA,7,,"Somerville, MA (USA)",17 JUN 2016,993
243,4:06.77,Charlie HUNTER,20 JUL 1996,AUS,6f1,,Sydney (AUS),10 DEC 2016,993
244,4:06.79,Cooper TEARE,18 AUG 1999,USA,4,,"Eugene, OR (USA)",02 JUL 2016,993
245,4:06.88,Chad NOELLE,12 APR 1993,USA,8,,"Atlanta, GA (USA)",23 JUL 2016,992
246,4:06.95,Austin WELLS,15 JUN 1995,USA,10,,"Tempe, AZ (USA)",09 APR 2016,991
247,4:06.96,Josh CARR,30 JUL 1994,GBR,1,,Oxford (GBR),07 MAY 2016,991
248,4:07.01,Cosmas BOIT,,KEN,5,,"Berkeley, CA (USA)",23 APR 2016,990
249,4:07.17,Gavin GAYNOR,,USA,8,,"Somerville, MA (USA)",17 JUN 2016,988
250,4:07.22,Alex TOVEY,27 DEC 1989,GBR,1,,Bedford (GBR),31 JUL 2016,988
251,4:07.23,Eli MOSKOWITZ,08 JUL 1997,USA,1f2,,"Providence, RI (USA)",15 APR 2016,987
252,4:07.28,Justin JANKE,AUG 1998,USA,3f1,,"Portland, OR (USA)",29 APR 2016,987
253,4:07.29,Jacob OGDEN,03 MAR 1998,USA,5f1,,"Azusa, CA (USA)",26 MAR 2016,987
254,4:07.33,Noah AFFOLDER,11 FEB 1999,USA,5,,"Eugene, OR (USA)",02 JUL 2016,986
255,4:07.37,Gilbert BOIT,,KEN,1f1,,"Lexington, KY (USA)",07 MAY 2016,986
256,4:07.40,Zach HANSEN,,USA,1f1,,"San Francisco, CA (USA)",02 APR 2016,985
256,4:07.40,Brandon HUDGINS,14 JAN 1987,USA,10f2,,"West Chester, PA (USA)",11 AUG 2016,985
258,4:07.41,Samuel WILLIS,,USA,6,,"Berkeley, CA (USA)",23 APR 2016,985
259,4:07.43,Julian OAKLEY,23 JUN 1993,NZL,8f1,,"Providence, RI (USA)",15 APR 2016,985
259,4:07.43,Jack HALLAS,09 FEB 1991,GBR,2,,Bedford (GBR),31 JUL 2016,985
261,4:07.45,Jakob Dybdal ABRAHAMSEN,29 JUL 1994,DEN,2f1,,"Lexington, KY (USA)",07 MAY 2016,985
262,4:07.52,Jonathan DAVIS,10 OCT 1997,USA,1,,"Renton, WA (USA)",18 JUN 2016,984
263,4:07.55,Ryan SCHWEIZER,,USA,2f1,,St. Louis (USA),02 JUN 2016,984
264,4:07.58,Matthew RAMSDEN,23 JUL 1997,AUS,2,,Perth (AUS),29 JAN 2016,983
265,4:07.60,Leonel MANZANO,12 SEP 1984,USA,9,,"Falmouth, MA (USA)",20 AUG 2016,983
266,4:07.66,David PRINCIPE,10 NOV 1998,USA,6,,"Eugene, OR (USA)",02 JUL 2016,982
267,4:07.73,Matthew DEMPSEY,15 JUL 1996,AUS,7f1,,Sydney (AUS),10 DEC 2016,982
268,4:07.85,Callum BOLGER,,USA,6f1,,"Azusa, CA (USA)",26 MAR 2016,980
269,4:07.92,Brad LITTOOY,,USA,9,,"Los Angeles, CA (USA)",02 APR 2016,979
270,4:07.93,Andrew PITTS,15 SEP 1985,USA,3f2,,"Concord, MA (USA)",02 JUN 2016,979
271,4:07.98,Christian BREWER,,USA,6,,"Nashville, TN (USA)",04 JUN 2016,979
272,4:08.00,Mark PATTON,21 AUG 1997,CAN,13f1,,"Concord, MA (USA)",02 JUN 2016,978
273,4:08.03,Jared WEST,14 JUL 1988,AUS,8f1,,Sydney (AUS),10 DEC 2016,978
274,4:08.07,Zack SIMS,,USA,7,,"Nashville, TN (USA)",04 JUN 2016,978
275,4:08.10,Michael WILSMORE,08 JUN 1985,GBR,7,,Letterkenny (IRL),02 JUL 2016,977
276,4:08.11,Owen DAWSON,19 SEP 1988,USA,7,,"Philadelphia, PA (USA)",30 APR 2016,977
277,4:08.22,Jonathan Kiplimo SAWE,26 NOV 1995,KEN,10,,"Hayward Field, Eugene, OR (USA)",28 MAY 2016,976
278,4:08.26,Christian GRAVEL,11 FEB 1994,CAN,4f2,,"Concord, MA (USA)",02 JUN 2016,975
279,4:08.32,Callum BOLGER,,USA,7,,"Eugene, OR (USA)",02 JUL 2016,975
280,4:08.37,Andrew BURKHARDT,,USA,7f1,,"Azusa, CA (USA)",26 MAR 2016,974
281,4:08.38,Kendall MUHAMMAD,29 JUL 1997,USA,3f1,,"Lexington, KY (USA)",07 MAY 2016,974
282,4:08.41,Dajour BRAXTON,11 APR 1997,USA,8,,"Austin, TX (USA)",02 APR 2016,974
283,4:08.42,Eli MOSKOWITZ,08 JUL 1997,USA,5f2,,"Concord, MA (USA)",02 JUN 2016,973
284,4:08.43,Trent BRENDEL,,USA,7,,"Berkeley, CA (USA)",23 APR 2016,973
285,4:08.49,Adam HICKEY,30 MAY 1988,GBR,3,,Bedford (GBR),31 JUL 2016,973
286,4:08.53,Connor KAMM,,USA,8,,"Nashville, TN (USA)",04 JUN 2016,972
287,4:08.56,Zachary LANIGAN,11 NOV 1997,AUS,4,,Bedford (GBR),31 JUL 2016,972
288,4:08.58,Brandon MCGORTY,23 FEB 1999,USA,8,,"Eugene, OR (USA)",02 JUL 2016,972
289,4:08.60,Kevin GREENE,04 JUN 1992,USA,9,,Cork (IRL),28 JUN 2016,971
290,4:08.63,Ryan GEARD,08 MAR 1992,AUS,3,,Geelong (AUS),17 DEC 2016,971
291,4:08.65,Julian MATTHEWS,21 JUL 1988,NZL,12,,"South Huntington, NY (USA)",31 AUG 2016,971
292,4:08.72,Josh LEWIS,23 APR 1995,USA,8,,"Berkeley, CA (USA)",23 APR 2016,970
293,4:08.77,David MELLY,,USA,6f2,,"Concord, MA (USA)",02 JUN 2016,969
294,4:08.79,Jack AHO,,USA,3f1,,St. Louis (USA),02 JUN 2016,969
295,4:08.83,Stephen PIFER,07 DEC 1984,USA,2,,"Longmont, CO (USA)",13 MAY 2016,969
296,4:08.85,Reed BROWN,06 AUG 1998,USA,2,,"Renton, WA (USA)",18 JUN 2016,968
297,4:08.86,George GLEASON,,USA,10,,"Los Angeles, CA (USA)",02 APR 2016,968
298,4:08.99,Erik BERG,24 NOV 1990,USA,8,,"Philadelphia, PA (USA)",30 APR 2016,967
299,4:09.00,Cameron KUNDE,30 JUN 1998,USA,8f1,,"Azusa, CA (USA)",26 MAR 2016,967
300,4:09.13,Brian GAGNON,08 MAY 1987,USA,4f1,,"West Chester, PA (USA)",11 AUG 2016,965
301,4:09.16,Michael WILSON,04 JAN 1996,GBR,5,,Bedford (GBR),31 JUL 2016,965
302,4:09.18,Chance LAMBERTH,,USA,9f1,,"Azusa, CA (USA)",26 MAR 2016,965
303,4:09.20,David GOODMAN,21 DEC 1988,USA,2f2,,"Providence, RI (USA)",15 APR 2016,964
304,4:09.21,Brody SMITH,,USA,4f1,,St. Louis (USA),02 JUN 2016,964
304,4:09.21,Mac FLEET,17 OCT 1990,USA,11f2,,"West Chester, PA (USA)",11 AUG 2016,964
306,4:09.22,John SCHILKOWSKY,30 JUL 1991,USA,1f1,,"Providence, RI (USA)",01 MAY 2016,964
307,4:09.25,John SANDERSON,27 FEB 1993,GBR,6f1,,Oxford (GBR),23 JUL 2016,964
307,4:09.25,John GREGOREK,07 DEC 1991,USA,13,,"South Huntington, NY (USA)",31 AUG 2016,964
309,4:09.31,Isaac CORTES,,USA,10f1,,"Azusa, CA (USA)",26 MAR 2016,963
310,4:09.32,Chase RATHKE,28 MAR 1993,USA,9,,"Austin, TX (USA)",02 APR 2016,963
311,4:09.39,Bernie MONTOYA,16 DEC 1994,USA,11,,"Tempe, AZ (USA)",09 APR 2016,962
312,4:09.41,Alex PARLANE,31 MAR 1990,NZL,8,,Wanganui (NZL),19 JAN 2016,962
313,4:09.45,Samuel WORLEY,10 NOV 1998,USA,3,,"Renton, WA (USA)",18 JUN 2016,961
314,4:09.59,Brodey HASTY,15 NOV 1999,USA,1,,"Nashville, TN (USA)",04 JUN 2016,960
315,4:09.64,Conor LUNDY,01 MAR 1998,USA,5f1,,St. Louis (USA),02 JUN 2016,959
316,4:09.70,Paul LUEVANO,18 NOV 1998,USA,11f1,,"Azusa, CA (USA)",26 MAR 2016,959
317,4:09.74,Connor DUNNE,26 MAY 1998,USA,2f1,,"Walnut, CA (USA)",15 APR 2016,958
318,4:09.75,Ben BUCKINGHAM,08 NOV 1991,AUS,4,,Geelong (AUS),17 DEC 2016,958
319,4:09.77,Tim CORNISH,10 FEB 1990,NZL,9,,Wanganui (NZL),19 JAN 2016,958
320,4:09.85,Silas Kimeli TOO,1993,KEN,9,,"Atlanta, GA (USA)",23 JUL 2016,957
321,4:09.86,Josh HELTON,09 JUN 1990,USA,9,,"Nashville, TN (USA)",04 JUN 2016,957
322,4:09.95,Michael REHER,26 DEC 1991,USA,14f1,,"Concord, MA (USA)",02 JUN 2016,956
322,4:09.95,Iolo HUGHES,22 NOV 1996,GBR,1f2,,Oxford (GBR),23 JUL 2016,956
324,4:10.10,Shaun ANTELL,09 MAY 1987,GBR,2f2,,Oxford (GBR),23 JUL 2016,954
325,4:10.12,Morgan PEARSON,22 SEP 1993,USA,14,,"Raleigh, NC (USA)",05 AUG 2016,954
326,4:10.14,Andrew Kiptoo ROTICH,24 DEC 1987,KEN,4,,Perth (AUS),12 MAR 2016,953
327,4:10.16,Callum BOLGER,,USA,3f1,,"Walnut, CA (USA)",15 APR 2016,953
328,4:10.17,Soren KNUDSEN,20 MAY 1999,USA,6f1,,St. Louis (USA),02 JUN 2016,953
329,4:10.19,Nick RIVERA,31 JUL 1994,USA,10,,"Austin, TX (USA)",02 APR 2016,953
330,4:10.21,Tanis BALDWIN,,USA,1f2,,"Chapel Hill, NC (USA)",19 MAR 2016,953
331,4:10.26,Mac FLEET,17 OCT 1990,USA,10,,"Falmouth, MA (USA)",20 AUG 2016,952
332,4:10.27,Joseph CHAPIN,,USA,9,,"Philadelphia, PA (USA)",30 APR 2016,952
333,4:10.31,Logan CARROLL,,USA,2f2,,"Chapel Hill, NC (USA)",19 MAR 2016,952
334,4:10.39,Dustin WILSON,03 FEB 1994,USA,3f2,,"Providence, RI (USA)",15 APR 2016,951
335,4:10.42,Jacob JOHNS,,USA,7f2,,"Concord, MA (USA)",02 JUN 2016,950
336,4:10.55,George BAIER,,USA,1,,"Santa Barbara, CA (USA)",20 FEB 2016,949
337,4:10.59,Harvey DIXON,02 NOV 1993,GIB,9f1,,"Providence, RI (USA)",15 APR 2016,948
338,4:10.60,William CHRISTOFI,17 SEP 1994,GBR,2,,Oxford (GBR),07 MAY 2016,948
339,4:10.65,Joe WILKINSON,27 JUN 1996,GBR,6,,Bedford (GBR),31 JUL 2016,948
340,4:10.68,Jake POYNER,,USA,4f1,,"Lexington, KY (USA)",07 MAY 2016,947
341,4:10.70,Blake THEROUX,16 MAR 1992,USA,3,,"Longmont, CO (USA)",13 MAY 2016,947
342,4:10.74,Cole SPENCER,,USA,12f1,,"Azusa, CA (USA)",26 MAR 2016,947
343,4:10.80,Mostafa ELKURDY,1996,CAN,8f2,,"Concord, MA (USA)",02 JUN 2016,946
344,4:10.91,Adam JOHNSTON,,USA,2,,"Nashville, TN (USA)",04 JUN 2016,945
345,4:11.00,Roman OLLAR,,USA,4f1,,"Portland, OR (USA)",29 APR 2016,944
346,4:11.03,Nathan PEARCE,01 JUN 1996,AUS,10,,Wanganui (NZL),19 JAN 2016,943
346,4:11.03,Jack VAN SCOTER,,USA,4f1,,"Walnut, CA (USA)",15 APR 2016,943
348,4:11.10,Joshua BELL,,USA,1f2,,St. Louis (USA),02 JUN 2016,942
349,4:11.16,Frank PITTMAN,,USA,7f1,,St. Louis (USA),02 JUN 2016,942
350,4:11.18,Jackson MESTLER,27 DEC 1997,USA,5f1,,"Portland, OR (USA)",29 APR 2016,941
351,4:11.28,Evan MOLINEUX,,USA,1f1,,"Claremont, CA (USA)",20 FEB 2016,940
352,4:11.31,Paul ESCHER,,USA,7,,St. Louis (USA),02 JUN 2016,940
353,4:11.36,Andrew FOERDER,,USA,2f1,,"Providence, RI (USA)",01 MAY 2016,939
354,4:11.41,Eduardo HERRERA,23 SEP 1997,USA,1f1,,"Palo Alto, CA (USA)",02 APR 2016,939
354,4:11.41,Andrew WRIGHT,13 SEP 1995,GBR,8,,Letterkenny (IRL),02 JUL 2016,939
356,4:11.42,Matthew DEMPSEY,15 JUL 1996,AUS,5,,Geelong (AUS),17 DEC 2016,939
357,4:11.43,Jack HOLDEN,25 APR 1995,AUS,9f1,,Sydney (AUS),10 DEC 2016,939
358,4:11.45,Christopher DULHANTY,06 APR 1992,CAN,12,,"Tempe, AZ (USA)",09 APR 2016,938
358,4:11.45,Justin JANKE,AUG 1998,USA,4,,"Renton, WA (USA)",18 JUN 2016,938
360,4:11.47,Adrián BEN,04 AUG 1998,ESP,1,,Pontevedra (ESP),28 JUL 2016,938
361,4:11.52,Grayson OLLAR,25 MAR 1998,USA,6f1,,"Portland, OR (USA)",29 APR 2016,938
361,4:11.52,Daniel WINN,30 JUL 1991,USA,11,,"Falmouth, MA (USA)",20 AUG 2016,938
363,4:11.54,Matt MCDONALD,10 MAY 1993,USA,4,,"Atlanta, GA (USA)",24 MAY 2016,937
364,4:11.62,Ethan DONLEY,,USA,8f1,,St. Louis (USA),02 JUN 2016,936
365,4:11.70,Tommy SCHMITZ,16 JUL 1983,USA,8,,St. Louis (USA),02 JUN 2016,936
366,4:11.79,Brad LITTOOY,,USA,2,,"Santa Barbara, CA (USA)",20 FEB 2016,934
367,4:11.82,Heath WARREN,,USA,9f1,,St. Louis (USA),02 JUN 2016,934
367,4:11.82,Brandon HUDGINS,14 JAN 1987,USA,12,,"Falmouth, MA (USA)",20 AUG 2016,934
369,4:11.88,Anthony ORTOLAN,,USA,3,,"Santa Barbara, CA (USA)",20 FEB 2016,933
370,4:11.89,Tim BASON,30 MAY 1998,USA,1f2,,"Greensboro, NC (USA)",19 JUN 2016,933
371,4:11.90,Josh HOEY,01 NOV 1999,USA,1,,"Philadelphia, PA (USA)",28 APR 2016,933
372,4:11.92,Robert FRANKLIN,,USA,13f1,,"Azusa, CA (USA)",26 MAR 2016,933
373,4:11.99,Taylor VROON,,USA,3,,"Nashville, TN (USA)",04 JUN 2016,932
374,4:12.15,Bennett NADEN,,USA,2f1,,"Claremont, CA (USA)",20 FEB 2016,930
375,4:12.18,Jeff WEINSTEIN,,USA,10,,"Philadelphia, PA (USA)",30 APR 2016,930
375,4:12.18,Philo SAUNDERS,31 OCT 1976,AUS,10f1,,Sydney (AUS),10 DEC 2016,930
377,4:12.19,Noah AFFOLDER,11 FEB 1999,USA,2,,"Philadelphia, PA (USA)",28 APR 2016,930
377,4:12.19,Jake SHEWBERT,,USA,1,,"Clermont, FL (USA)",28 MAY 2016,930
379,4:12.21,Garrett REYNOLDS,,USA,14f1,,"Azusa, CA (USA)",26 MAR 2016,930
380,4:12.24,Nathan BEAMER,,USA,7f1,,"Portland, OR (USA)",29 APR 2016,929
380,4:12.24,Waleed SULIMAN,22 SEP 1998,USA,1f1,,"Greensboro, NC (USA)",19 JUN 2016,929
382,4:12.29,Devin MEYRER,22 NOV 1997,GER,10f1,,St. Louis (USA),02 JUN 2016,929
383,4:12.31,Emile CAIRESS,27 DEC 1997,GBR,3f2,,Oxford (GBR),23 JUL 2016,929
384,4:12.32,Paul LUEVANO,18 NOV 1998,USA,5f1,,"Walnut, CA (USA)",15 APR 2016,928
385,4:12.42,Cory LANDON,,USA,11f1,,St. Louis (USA),02 JUN 2016,927
386,4:12.45,Matthew HUDSON,05 JAN 1985,AUS,1f1,,Wollongong (AUS),16 JAN 2016,927
386,4:12.45,Brody SMITH,,USA,1,,"Portland, OR (USA)",12 JUN 2016,927
388,4:12.47,Sean BROSNAN,12 MAR 1977,USA,10,,"Nashville, TN (USA)",04 JUN 2016,927
389,4:12.53,Zakeer AHMAD,,USA,2f2,,"Greensboro, NC (USA)",19 JUN 2016,926
390,4:12.54,Kyler TRUE,12 AUG 1999,USA,12f1,,St. Louis (USA),02 JUN 2016,926
391,4:12.71,Kenny KNEISEL,,USA,3,,"Philadelphia, PA (USA)",28 APR 2016,924
392,4:12.72,Tate SCHIENBEIN,04 APR 1994,USA,1f1,,"Conway, SC (USA)",18 MAR 2016,924
393,4:12.74,Randall NEISH,,USA,3f2,,"Greensboro, NC (USA)",19 JUN 2016,924
394,4:12.81,Brody SMITH,,USA,2f1,,"Palo Alto, CA (USA)",02 APR 2016,923
395,4:12.88,Sean FERGUSON,,USA,10f1,,"Providence, RI (USA)",15 APR 2016,922
395,4:12.88,Alex MILLIGAN,,USA,4f2,,"Greensboro, NC (USA)",19 JUN 2016,922
397,4:12.89,Joshua SCHUMACHER,,USA,2,,"Portland, OR (USA)",12 JUN 2016,922
398,4:12.91,Owen BUCK,27 OCT 1997,USA,8f1,,"Portland, OR (USA)",29 APR 2016,922
399,4:12.98,Luis GRIJALVA,10 APR 1999,GUA,6f1,,"Walnut, CA (USA)",15 APR 2016,921
399,4:12.98,Walter VAIL,,USA,9f1,,"Portland, OR (USA)",29 APR 2016,921
401,4:13.01,Michael MENDENHALL,,USA,2f1,,"San Francisco, CA (USA)",02 APR 2016,921
402,4:13.10,Derek THOMAS,09 APR 1991,USA,9,,"Berkeley, CA (USA)",23 APR 2016,920
403,4:13.11,Eric RYAN,,USA,3f1,,"Providence, RI (USA)",01 MAY 2016,919
404,4:13.13,Allen SIEGLER,,USA,7f1,,"Walnut, CA (USA)",15 APR 2016,919
405,4:13.19,Dalton HENGST,12 DEC 1999,USA,4,,"Philadelphia, PA (USA)",28 APR 2016,919
406,4:13.20,Frank PITTMAN,,USA,1,,"Raleigh, NC (USA)",25 MAR 2016,918
406,4:13.20,Troy TAYLOR,16 SEP 1993,USA,11,,"Austin, TX (USA)",02 APR 2016,918
408,4:13.24,Nathan EVANS,,USA,4,,"Santa Barbara, CA (USA)",20 FEB 2016,918
409,4:13.25,Cody BRAZEAL,25 SEP 1994,USA,13,,"Tempe, AZ (USA)",09 APR 2016,918
410,4:13.26,Elliot GINDI,,USA,5f2,,"Greensboro, NC (USA)",19 JUN 2016,918
411,4:13.32,Tripp HURT,30 OCT 1992,USA,5f1,,"West Chester, PA (USA)",11 AUG 2016,917
412,4:13.33,Christian VASCONEZ,08 DEC 1989,ECU,1,,Cuenca (ECU),19 NOV 2016,917
413,4:13.39,Eduardo HERRERA,23 SEP 1997,USA,8f1,,"Walnut, CA (USA)",15 APR 2016,916
414,4:13.43,Samuel TOOLIN,,USA,6f2,,"Greensboro, NC (USA)",19 JUN 2016,916
415,4:13.53,Tommy MCDONOUGH,,USA,9f1,,"Walnut, CA (USA)",15 APR 2016,915
416,4:13.55,Nico METZLER,,USA,5,,"Atlanta, GA (USA)",24 MAY 2016,914
416,4:13.55,Dustan DAVIDSON,,USA,13f1,,St. Louis (USA),02 JUN 2016,914
418,4:13.59,Isaiah PRIDDEY,09 MAR 2000,NZL,1,,Auckland (NZL),25 FEB 2016,914
419,4:13.6h,Ryan GEARD,08 MAR 1992,AUS,9f1,,Melbourne (AUS),23 FEB 2016,914
420,4:13.63,Michael VERNAU,,USA,9,,"Eugene, OR (USA)",02 JUL 2016,914
421,4:13.65,Ryan WIDZGOWSKI,,USA,4f2,,"Providence, RI (USA)",15 APR 2016,913
422,4:13.66,Noah CAREY,,USA,2f1,,"Greensboro, NC (USA)",19 JUN 2016,913
423,4:13.75,James MWAURA,,USA,3,,"Portland, OR (USA)",12 JUN 2016,912
424,4:13.79,Christopher DALE,29 DEC 1991,AUS,5,,Perth (AUS),12 MAR 2016,912
425,4:13.80,Stephen MEARS,08 SEP 1985,GBR,4f2,,Oxford (GBR),23 JUL 2016,912
426,4:13.89,Luke MEADE,,USA,4,,"Nashville, TN (USA)",04 JUN 2016,911
427,4:13.91,Timothy LEFROY,22 NOV 1992,AUS,11f1,,Sydney (AUS),10 DEC 2016,910
428,4:13.92,Sean LAVERTY,,USA,3f1,,"Greensboro, NC (USA)",19 JUN 2016,910
429,4:13.95,Alex TOVEY,27 DEC 1989,GBR,1,,Manchester (GBR),17 AUG 2016,910
