Rank,Mark,Competitor,DOB,Nat,Pos,,Venue,Date,ResultScore
1,8:31.56,,Meseret DEFAR,19 NOV 1983,ETH,1,,"National Indoor Arena, Birmingham (GBR) (i)",18 FEB 2012,1227
2,8:34.47,,Mariem ALAOUI SELSOULI,08 APR 1984,MAR,1,,"Hayward Field, Eugene, OR (USA)",02 JUN 2012,1193
3,8:35.35,,Hellen OBIRI,13 DEC 1989,KEN,2,,"National Indoor Arena, Birmingham (GBR) (i)",18 FEB 2012,1214
4,8:35.89,,Sally KIPYEGO,19 DEC 1985,KEN,2,,"Hayward Field, Eugene, OR (USA)",02 JUN 2012,1188
5,8:36.59,,Gelete BURKA,23 JAN 1986,ETH,3,,"National Indoor Arena, Birmingham (GBR) (i)",18 FEB 2012,1209
6,8:38.51,,Mercy CHERONO,07 MAY 1991,KEN,1,,"Stade Louis II, Monaco (MON)",20 JUL 2012,1179
7,8:39.14,,Sylvia Jebiwot KIBET,28 MAR 1984,KEN,2,,"Stade Louis II, Monaco (MON)",20 JUL 2012,1177
8,8:39.65,,Buze DIRIBA,09 FEB 1994,ETH,3,,"Stade Louis II, Monaco (MON)",20 JUL 2012,1175
9,8:39.83,,Shannon ROWBURY,19 SEP 1984,USA,4,,"Stade Louis II, Monaco (MON)",20 JUL 2012,1174
10,8:40.01,,Azmera GEBRU,31 OCT 1995,ETH,5,,"Stade Louis II, Monaco (MON)",20 JUL 2012,1173
11,8:40.81,,Veronica WANJIRU,29 OCT 1989,KEN,6,,"Stade Louis II, Monaco (MON)",20 JUL 2012,1171
12,8:41.01,,Svitlana SHMIDT,20 MAR 1990,UKR,1f2,,Sumy (UKR) (i),18 FEB 2012,1194
13,8:41.22,,Vivian Jepkemei CHERUIYOT,11 SEP 1983,KEN,2,,"Alexander Stadium, Birmingham (GBR)",26 AUG 2012,1169
14,8:43.20,,Emebet ANTENEH,13 JAN 1992,ETH,7,,"Stade Louis II, Monaco (MON)",20 JUL 2012,1163
15,8:43.52,,Gabriele GRUNEWALD,25 JUN 1986,USA,8,,"Stade Louis II, Monaco (MON)",20 JUL 2012,1161
16,8:43.64,,Mimi BELETE,09 JUN 1988,BRN,9,,"Stade Louis II, Monaco (MON)",20 JUL 2012,1161
17,8:43.75,,Viola Jelagat KIBIWOT,22 DEC 1983,KEN,4,,"Alexander Stadium, Birmingham (GBR)",26 AUG 2012,1161
18,8:43.93,,Meselech MELKAMU,19 APR 1985,ETH,3,,Karlsruhe (GER) (i),12 FEB 2012,1183
19,8:44.60,,Yuliya CHIZHENKO,30 AUG 1979,RUS,1,,St. Petersburg (RUS),25 JUL 2012,1158
20,8:45.57,,Julie CULLEY,10 SEP 1981,USA,10,,"Stade Louis II, Monaco (MON)",20 JUL 2012,1154
21,8:45.59,,Helen CLITHEROE,02 JAN 1974,GBR,2,,Glasgow (GBR) (i),28 JAN 2012,1178
22,8:46.01,,Gotytom GEBRESLASE,15 JAN 1995,ETH,2,,"Boston, MA (USA) (i)",04 FEB 2012,1176
23,8:46.17,,Siham HILALI,02 MAY 1986,MAR,3,,"Boston, MA (USA) (i)",04 FEB 2012,1175
24,8:46.38,,Julia BLEASDALE,09 SEP 1981,GBR,6,,"Alexander Stadium, Birmingham (GBR)",26 AUG 2012,1152
25,8:48.16,,Mary MUNANU,12 DEC 1994,KEN,1,,Gifu (JPN),09 OCT 2012,1146
26,8:48.72,,Jenny SIMPSON,23 AUG 1986,USA,11,,"Stade Louis II, Monaco (MON)",20 JUL 2012,1144
27,8:49.27,,Shitaye ESHETE,21 MAY 1990,BRN,1,,Hangzhou (CHN) (i),19 FEB 2012,1165
28,8:49.50,,Mekdes BEKELE,20 JAN 1987,ETH,4,,Karlsruhe (GER) (i),12 FEB 2012,1164
29,8:49.64,,Almaz AYANA,21 NOV 1991,ETH,3,,Haldensleben (GER),15 JUL 2012,1140
30,8:50.04,,Priscah Jepleting CHERONO,27 JUN 1980,KEN,5,,"Suhaim bin Hamad Stadium, Doha (QAT)",11 MAY 2012,1139
31,8:50.95,,Elizabeth MALOY,10 AUG 1985,USA,3,,"Hayward Field, Eugene, OR (USA)",02 JUN 2012,1136
32,8:51.38,,Brianna FELNAGLE,09 DEC 1986,USA,4,,"Hayward Field, Eugene, OR (USA)",02 JUN 2012,1135
33,8:51.62,,Yuliya VASILYEVA,23 MAR 1987,RUS,12,,"Stade Louis II, Monaco (MON)",20 JUL 2012,1134
34,8:51.63,,Janet KISA,05 DEC 1992,KEN,7,,"Suhaim bin Hamad Stadium, Doha (QAT)",11 MAY 2012,1134
35,8:51.97,,Rosemary WANJIRU,09 DEC 1994,KEN,1,,Niigata (JPN),02 AUG 2012,1133
36,8:52.02,,Almenesh BELETE,26 JUL 1989,BEL,8,,"Stade Olympique de la Pontaise, Lausanne (SUI)",23 AUG 2012,1132
37,8:52.04,,Pauline Chemning KORIKWIANG,01 MAR 1988,KEN,8,,"Suhaim bin Hamad Stadium, Doha (QAT)",11 MAY 2012,1132
38,8:52.43,,Delilah DICRESCENZO,09 FEB 1983,USA,2,,"New York, NY (USA)",01 JUN 2012,1131
39,8:52.94,,Yelena KOROBKINA,25 NOV 1990,RUS,1,,Moskva (RUS),21 JUN 2012,1129
40,8:52.95,,Lisa UHL,31 AUG 1987,USA,5,,"Hayward Field, Eugene, OR (USA)",02 JUN 2012,1129
41,8:53.12,,Eunice Jepkoech SUM,10 APR 1988,KEN,6,,"Hayward Field, Eugene, OR (USA)",02 JUN 2012,1129
42,8:53.18,,Meskerem ASSEFA,03 OCT 1991,ETH,1,,Eaubonne (FRA) (i),16 FEB 2012,1151
43,8:53.26,,Perine NENGAMPI,1989,KEN,1,,Kuortane (FIN),22 JUL 2012,1128
44,8:53.56,,Betlhem DESALEGN,13 NOV 1991,UAE,2,,Hangzhou (CHN) (i),19 FEB 2012,1150
45,8:53.75,,Tejitu DABA,20 AUG 1991,BRN,3,,Hangzhou (CHN) (i),19 FEB 2012,1149
46,8:54.40,,Mestawet TADESSE,19 JUL 1985,ETH,2,,Eaubonne (FRA) (i),16 FEB 2012,1147
47,8:54.51,,Maryam Yusuf JAMAL,16 SEP 1984,BRN,9,,"Suhaim bin Hamad Stadium, Doha (QAT)",11 MAY 2012,1124
48,8:54.75,,Sara HALL,15 APR 1983,USA,4,,"Boston, MA (USA) (i)",04 FEB 2012,1146
49,8:55.05,,Lidia CHOJECKA,25 JAN 1977,POL,3,,Eaubonne (FRA) (i),16 FEB 2012,1145
50,8:55.11,,Emelia GORECKA,29 JAN 1994,GBR,9,,"Alexander Stadium, Birmingham (GBR)",26 AUG 2012,1122
51,8:55.31,,Katie FLOOD,29 FEB 1992,USA,2f3,,"Seattle, WA (USA) (i)",28 JAN 2012,0
52,8:55.47,,Corinna HARRER,19 JAN 1991,GER,1,,Lichtenfels (GER),28 APR 2012,1121
53,8:56.38,,Kim CONLEY,14 MAR 1986,USA,10,,"Stade Olympique de la Pontaise, Lausanne (SUI)",23 AUG 2012,1118
54,8:56.52,,Nancy CHEPKWEMOI,08 OCT 1993,KEN,10,,"Suhaim bin Hamad Stadium, Doha (QAT)",11 MAY 2012,1117
55,8:56.80,,Nicole SIFUENTES,30 JUN 1986,CAN,1,,"South Bend, IN (USA) (i)",03 MAR 2012,0
56,8:57.06,,Mercy Wanjiku NJOROGE,10 JUN 1986,KEN,10,,"Alexander Stadium, Birmingham (GBR)",26 AUG 2012,1115
57,8:57.37,,Kristina UGAROVA,22 OCT 1987,RUS,2,,Moskva (RUS) (i),22 FEB 2012,1137
58,8:57.43,,Margaret Wangari MURIUKI,21 MAR 1986,KEN,11,,"Suhaim bin Hamad Stadium, Doha (QAT)",11 MAY 2012,1114
59,8:57.52,,Olga KUNGINA,17 DEC 1986,RUS,3,,Moskva (RUS) (i),22 FEB 2012,1136
60,8:57.86,,Molly HUDDLE,31 AUG 1984,USA,7,,"Hayward Field, Eugene, OR (USA)",02 JUN 2012,1113
61,8:58.21,,Amy CRAGG,21 JAN 1984,USA,8,,"Hayward Field, Eugene, OR (USA)",02 JUN 2012,1111
62,8:58.23,,Jackie ARESON,31 MAR 1988,USA,9,,"Hayward Field, Eugene, OR (USA)",02 JUN 2012,1111
63,8:58.37,,Elena ROMAGNOLO,05 OCT 1982,ITA,5,,Luzern (SUI),17 JUL 2012,1111
64,8:58.62,,Barbara PARKER,08 NOV 1982,GBR,11,,"Alexander Stadium, Birmingham (GBR)",26 AUG 2012,1110
65,8:58.73,,Birtukan ADAMU,29 APR 1992,ETH,5,,Karlsruhe (GER) (i),12 FEB 2012,1132
66,8:59.06,,Purity Cherotich RIONORIPO,10 JUN 1993,KEN,1,,Uppsala (SWE),28 JUL 2012,1109
67,8:59.24,,Ashley HIGGINSON,17 MAR 1989,USA,6,,Luzern (SUI),17 JUL 2012,1108
68,8:59.27,,Gulnara GALKINA,09 JUL 1978,RUS,1,,Moskva (RUS),14 MAY 2012,1108
69,8:59.39,,Renee BAILLIE,25 DEC 1981,USA,10,,"Hayward Field, Eugene, OR (USA)",02 JUN 2012,1108
70,8:59.65,,Sandra ERIKSSON,04 JUN 1989,FIN,1,,Mustasaari (FIN) (i),07 FEB 2012,0
71,8:59.95,,Malindi ELMORE,13 MAR 1980,CAN,3f3,,"Seattle, WA (USA) (i)",28 JAN 2012,0
72,9:00.13,,Emily INFELD,21 MAR 1990,USA,1f1,,"Boston, MA (USA) (i)",10 FEB 2012,1127
73,9:00.27,,Wioletta FRANKIEWICZ,09 JUN 1977,POL,6,,Karlsruhe (GER) (i),12 FEB 2012,1127
74,9:00.86,,Chelsea SODARO,09 MAY 1989,USA,2f2,,"Seattle, WA (USA) (i)",11 FEB 2012,0
75,9:00.98,,Alfiya MURYASOVA,03 OCT 1988,RUS,4,,Moskva (RUS) (i),22 FEB 2012,1124
76,9:01.03,,Alia SAEED MOHAMMED,18 MAY 1991,UAE,4,,Hangzhou (CHN) (i),19 FEB 2012,1124
77,9:01.16,,Julia LUCAS,04 MAR 1984,USA,4f3,,"Seattle, WA (USA) (i)",28 JAN 2012,0
77,9:01.16,,Gesa Felicitas KRAUSE,03 AUG 1992,GER,7,,Karlsruhe (GER) (i),12 FEB 2012,1124
79,9:01.35,,Silvia WEISSTEINER,13 JUL 1979,ITA,1,,Ancona (ITA) (i),26 FEB 2012,1123
80,9:01.37,,Paula GONZÁLEZ,02 MAY 1985,ESP,8,,Karlsruhe (GER) (i),12 FEB 2012,1123
81,9:01.63,,Magdalyne MASAI,21 NOV 1993,KEN,7,,Luzern (SUI),17 JUL 2012,1100
82,9:01.64,,Stephanie TWELL,17 AUG 1989,GBR,13,,"Suhaim bin Hamad Stadium, Doha (QAT)",11 MAY 2012,1100
83,9:01.83,,Sheila REID,02 AUG 1989,CAN,1,,"New York, NY (USA) (i)",02 MAR 2012,1121
84,9:01.86,,Gemma STEEL,12 NOV 1985,GBR,6,,"National Indoor Arena, Birmingham (GBR) (i)",18 FEB 2012,1121
85,9:01.93,,Waganesh MEKASHA,16 JAN 1992,ETH,8,,"Stadio Guidobaldi, Rieti (ITA)",09 SEP 2012,1099
86,9:01.96,,Natalya POPKOVA,21 SEP 1988,RUS,4,,Haldensleben (GER),15 JUL 2012,1099
87,9:02.15,,Abbey COOPER,25 MAY 1992,USA,2f1,,"Boston, MA (USA) (i)",10 FEB 2012,1120
88,9:02.22,,Phanencer CHEMION,08 APR 1989,KEN,8,,Luzern (SUI),17 JUL 2012,1098
89,9:02.35,,Deborah MAIER,17 AUG 1990,USA,1f2,,"Seattle, WA (USA) (i)",25 FEB 2012,0
90,9:02.58,,Yelena ORLOVA,30 MAY 1980,RUS,5,,Moskva (RUS) (i),22 FEB 2012,1119
91,9:02.62,,Laura WEIGHTMAN,01 JUL 1991,GBR,1,,London (GBR),06 MAY 2012,1097
92,9:02.91,,Stephanie REILLY,23 FEB 1978,IRL,2,,Cork (IRL),17 JUL 2012,1096
93,9:03.00,,Ruti AGA,16 JAN 1994,ETH,11,,"Stade Olympique de la Pontaise, Lausanne (SUI)",23 AUG 2012,1095
94,9:03.72,,Mika YOSHIKAWA,16 SEP 1984,JPN,1,,Kanagawa (JPN),29 APR 2012,1093
95,9:03.76,,Beatrice WAINAINA,23 NOV 1993,KEN,1f1,,Abashiri (JPN),07 JUL 2012,1093
96,9:03.82,,Eloise WELLINGS,09 NOV 1982,AUS,3,,Cork (IRL),17 JUL 2012,1093
97,9:03.95,,Jordan HASAY,21 SEP 1991,USA,2f2,,"Seattle, WA (USA) (i)",25 FEB 2012,0
98,9:04.09,,Bridget FRANEK,08 NOV 1987,USA,5f3,,"Seattle, WA (USA) (i)",28 JAN 2012,0
99,9:05.12,,Eleanor BAKER,11 DEC 1983,GBR,7,,"National Indoor Arena, Birmingham (GBR) (i)",18 FEB 2012,1110
100,9:05.17,,Natalya GORCHAKOVA,17 APR 1983,RUS,,,Moskva (RUS) (i),25 JAN 2012,1110
101,9:05.68,,Christine BARDELLE,16 AUG 1974,FRA,13,,"Stade Louis II, Monaco (MON)",20 JUL 2012,1087
102,9:05.73,,Katie MACKEY,12 NOV 1987,USA,6f3,,"Seattle, WA (USA) (i)",28 JAN 2012,0
103,9:05.97,,Eina YOKOZAWA,29 OCT 1992,JPN,1,,Fukagawa (JPN),27 JUN 2012,1086
104,9:06.04,,Hannah ENGLAND,06 MAR 1987,GBR,1,,Sheffield (GBR) (i),12 FEB 2012,1107
104,9:06.04,,Emily SISSON,12 OCT 1991,USA,2,,"New York, NY (USA) (i)",02 MAR 2012,1107
106,9:06.23,,Tinglian FU,05 JUL 1987,CHN,5,,Hangzhou (CHN) (i),19 FEB 2012,1107
107,9:06.25,,Susan Wairimu MUKUNYA,11 OCT 1992,KEN,2,,Shibetsu (JPN),23 JUN 2012,1085
108,9:06.35,,Dudu KARAKAYA,11 NOV 1985,TUR,1,,Izmir (TUR),20 MAY 2012,1084
109,9:06.61,,Betsy SAINA,30 JUN 1988,KEN,1f3,,"Ames, IA (USA) (i)",28 JAN 2012,0
110,9:06.83,,Alice SCHMIDT,03 OCT 1981,USA,4f2,,"Seattle, WA (USA) (i)",11 FEB 2012,0
111,9:06.91,,Miyuki UEHARA,22 NOV 1995,JPN,1,,Kagoshima (JPN),03 JUN 2012,1082
112,9:06.99,,Katrina WOOTTON,02 SEP 1985,GBR,2,,Sheffield (GBR) (i),12 FEB 2012,1104
113,9:07.05,,Judit PLA,02 MAY 1978,ESP,1,,Barcelona (ESP),16 JUN 2012,1082
114,9:07.09,,Yuan JIN,11 FEB 1988,CHN,6,,Hangzhou (CHN) (i),19 FEB 2012,1104
115,9:07.21,,Ai IGARASHI,25 OCT 1988,JPN,1,,Kitami (JPN),04 JUL 2012,1081
116,9:07.23,,Hannah KISER,,USA,5f2,,"Seattle, WA (USA) (i)",11 FEB 2012,0
117,9:07.28,,Lesley VAN MIERT,10 JUN 1985,NED,1,,Wageningen (NED),18 MAY 2012,1081
118,9:07.62,,Zhenzhu LI,13 DEC 1985,CHN,7,,Hangzhou (CHN) (i),19 FEB 2012,1102
119,9:07.79,,Aisling CUFFE,12 SEP 1993,USA,1f2,,"Seattle, WA (USA) (i)",03 MAR 2012,0
120,9:07.98,,Svetlana KARAMASHEVA,24 MAY 1988,RUS,,,Moskva (RUS) (i),25 JAN 2012,1101
121,9:07.99,,Risa KIKUCHI,05 FEB 1990,JPN,2f1,,Abashiri (JPN),07 JUL 2012,1079
122,9:08.00,,Dani STACK,05 MAR 1990,USA,2f3,,"Ames, IA (USA) (i)",28 JAN 2012,0
123,9:08.10,,Emma PALLANT,04 JUN 1989,GBR,2,,London (GBR),06 MAY 2012,1079
123,9:08.10,,Sifan HASSAN,01 JAN 1993,ETH,5,,Haldensleben (GER),15 JUL 2012,1079
125,9:08.16,,Oksana SUNTSOVA,25 FEB 1981,RUS,6,,Moskva (RUS) (i),22 FEB 2012,1100
126,9:08.32,,Alemitu HAROYE,09 MAY 1995,ETH,4,,Cork (IRL),17 JUL 2012,1078
127,9:08.41,,Layes ABDULLAYEVA,29 MAY 1991,AZE,9h2,,"Ataköy Arena, Istanbul (TUR) (i)",09 MAR 2012,1099
128,9:08.42,,Megan GOETHALS,08 JUL 1992,USA,3f2,,"Seattle, WA (USA) (i)",25 FEB 2012,0
129,9:08.51,,Lauren BONDS,09 JUN 1988,USA,1,,"Boston, MA (USA) (i)",27 JAN 2012,1099
130,9:08.66,,Riko MATSUZAKI,24 DEC 1992,JPN,3,,Fukuoka (JPN),22 SEP 2012,1077
131,9:08.72,,Wawerly NEER,12 JUL 1992,USA,3f1,,"Boston, MA (USA) (i)",10 FEB 2012,1098
132,9:08.75,,Natalya LEONTYEVA,05 JUL 1987,RUS,,,Moskva (RUS),21 JUN 2012,1076
133,9:08.85,,Tara ERDMANN,14 JUN 1989,USA,2f2,,"Seattle, WA (USA) (i)",03 MAR 2012,0
134,9:08.88,,Mercy CHEPWOGEN,10 MAY 1996,KEN,1,,"Estadio Olímpico, Barcelona (ESP)",10 JUL 2012,1076
134,9:08.88,,Johanna RISKU-LEHTINEN,21 FEB 1979,FIN,2,,Szczecin (POL),21 JUL 2012,1076
136,9:09.12,,Rose MARANGA,15 JUN 1993,KEN,3f1,,Abashiri (JPN),07 JUL 2012,1075
137,9:09.27,,Hiwot GEBREKIDAN,11 MAY 1995,ETH,2,,"Estadio Olímpico, Barcelona (ESP)",10 JUL 2012,1075
138,9:09.44,,Kathy KROEGER,20 JUN 1991,USA,4f2,,"Seattle, WA (USA) (i)",25 FEB 2012,0
139,9:09.81,,Loganathan SURIYA,07 JUL 1990,IND,8,,Hangzhou (CHN) (i),19 FEB 2012,1094
140,9:09.83,,Amanda REGO,10 DEC 1990,USA,1,,"Geneva, OH (USA) (i)",11 FEB 2012,0
141,9:10.02,,Haftamnesh TESFAYE,28 APR 1994,ETH,4,,"Estadio Olímpico, Barcelona (ESP)",10 JUL 2012,1072
142,9:10.07,,Denise KREBS,27 JUN 1987,GER,1,,Dortmund (GER) (i),22 JAN 2012,1094
142,9:10.07,,Myanne WANJIRU,1988,KEN,1,,Pliezhausen (GER),06 MAY 2012,1072
144,9:10.30,,Yukari ABE,29 NOV 1991,JPN,4f1,,Abashiri (JPN),07 JUL 2012,1071
145,9:10.32,,Lauren HOWARTH,21 APR 1990,GBR,1,,Stretford (GBR),07 JUL 2012,1071
146,9:10.45,,Ingvill MÅKESTAD BOVIM,07 AUG 1981,NOR,14,,"Suhaim bin Hamad Stadium, Doha (QAT)",11 MAY 2012,1071
147,9:10.48,,Gemma KERSEY,06 FEB 1992,GBR,4,,London (GBR),06 MAY 2012,1071
148,9:10.49,,Tuǧba KOYUNCU,16 FEB 1991,TUR,1,,Vila Real de Santo António (POR),26 MAY 2012,1071
149,9:10.56,,Sakiko NAITO,02 SEP 1994,JPN,4,,Niigata (JPN),02 AUG 2012,1070
150,9:10.65,,Angelika CICHOCKA,15 MAR 1988,POL,5,,Szczecin (POL),21 JUL 2012,1070
151,9:10.81,,Maria MCCAMBRIDGE,10 JUL 1975,IRL,5,,Cork (IRL),17 JUL 2012,1070
152,9:10.82,,Emily STEWART,24 DEC 1991,GBR,5,,Sheffield (GBR) (i),12 FEB 2012,1091
153,9:10.97,,Kaori MORITA,19 SEP 1995,JPN,1f12,,Shizuoka (JPN),13 OCT 2012,1069
154,9:11.13,,Nanako KANNO,30 OCT 1994,JPN,5,,Niigata (JPN),02 AUG 2012,1069
155,9:11.15,,Shiori MORITA,19 SEP 1995,JPN,2f12,,Shizuoka (JPN),13 OCT 2012,1068
156,9:11.21,,Svetlana SIMAKOVA,12 JUN 1987,RUS,7,,Moskva (RUS) (i),22 FEB 2012,1090
157,9:11.30,,Azusa SUMI,12 AUG 1996,JPN,2f5,,Yokohama (JPN),01 DEC 2012,1068
158,9:11.32,,Nazret WELDU,01 JAN 1990,ERI,15,,"Suhaim bin Hamad Stadium, Doha (QAT)",11 MAY 2012,1068
159,9:11.33,,Emily PIDGEON,01 JUN 1989,GBR,6,,Sheffield (GBR) (i),12 FEB 2012,1089
160,9:11.34,,Treniere MOSER,27 OCT 1981,USA,6,,Szczecin (POL),21 JUL 2012,1068
161,9:11.35,,Eilish MCCOLGAN,25 NOV 1990,GBR,9,,"Stadio Guidobaldi, Rieti (ITA)",09 SEP 2012,1068
162,9:11.38,,Sayuri SENDO,26 DEC 1988,JPN,2,,Fukagawa (JPN),27 JUN 2012,1068
163,9:11.49,,Aliphine Chepkerker TULIAMUK,05 APR 1989,KEN,2,,"Boston, MA (USA) (i)",27 JAN 2012,1089
164,9:11.54,,Charlotte PURDUE,10 JUN 1991,GBR,6,,Cork (IRL),17 JUL 2012,1067
165,9:11.55,,Natalya ARISTARKHOVA,31 OCT 1989,RUS,1,,Irkutsk (RUS),04 AUG 2012,1067
166,9:11.78,,Jessica SPARKE,26 DEC 1987,GBR,6,,London (GBR),06 MAY 2012,1066
167,9:11.80,,Mizuki MATSUDA,31 MAY 1995,JPN,3f12,,Shizuoka (JPN),13 OCT 2012,1066
168,9:11.86,,Hannah BROOKS,25 JUN 1988,GBR,9,,Luzern (SUI),17 JUL 2012,1066
169,9:11.94,,Gülcan MINGIR,21 MAY 1989,TUR,2,,Izmir (TUR),20 MAY 2012,1066
170,9:12.04,,Ami HIROSE,20 OCT 1994,JPN,6,,Niigata (JPN),02 AUG 2012,1066
171,9:12.05,,Elvin KIBET,04 FEB 1990,KEN,6f2,,"Seattle, WA (USA) (i)",25 FEB 2012,0
172,9:12.08,,Dana BUCHANAN,06 MAY 1984,CAN,2,,"Geneva, OH (USA) (i)",11 FEB 2012,0
173,9:12.11,,Brittany COPELAND,,USA,3,,"Geneva, OH (USA) (i)",11 FEB 2012,0
174,9:12.14,,Lauren PENNEY,27 MAY 1990,USA,4,,"New York, NY (USA) (i)",02 MAR 2012,1087
175,9:12.20,,Isabel CHECA,27 DEC 1982,ESP,2,,Barcelona (ESP),16 JUN 2012,1065
176,9:12.25,,Sara KROLL,30 AUG 1992,USA,4,,"Geneva, OH (USA) (i)",11 FEB 2012,0
177,9:12.51,,Jillian KING,21 MAR 1990,USA,3,,"Boston, MA (USA) (i)",27 JAN 2012,1085
178,9:12.55,,Olesya CHUMAKOVA-MIKHEYEVA,23 JUL 1981,RUS,2,,Vila Real de Santo António (POR),26 MAY 2012,1064
179,9:12.61,,Hanae TANAKA,12 FEB 1990,JPN,3,,Fukagawa (JPN),27 JUN 2012,1064
180,9:12.64,,Nancy Jebet LANGAT,22 AUG 1981,KEN,7,,Szczecin (POL),21 JUL 2012,1064
181,9:12.66,,Angela BIZZARRI,15 FEB 1988,USA,7f3,,"Seattle, WA (USA) (i)",28 JAN 2012,0
181,9:12.66,,Anna SHCHAGINA,07 DEC 1991,RUS,1,,Shchelkovo (RUS) (i),22 DEC 2012,1085
183,9:12.68,,Megumi HIRAI,14 FEB 1990,JPN,4,,Fukagawa (JPN),27 JUN 2012,1063
184,9:12.73,,Salomé ROCHA,25 APR 1990,POR,1,,Pombal (POR) (i),12 FEB 2012,1085
184,9:12.73,,Faye FULLERTON,31 MAY 1984,GBR,7,,London (GBR),06 MAY 2012,1063
186,9:12.80,,Laura MUIR,09 MAY 1993,GBR,8,,London (GBR),06 MAY 2012,1063
187,9:12.83,,Natosha ROGERS,07 MAY 1991,USA,1,,"College Station, TX (USA) (i)",28 JAN 2012,1084
188,9:12.87,,Luula BERHANE,05 MAR 1994,ERI,3,,Leiden (NED),09 JUN 2012,1063
189,9:12.91,,Shiori YANO,11 FEB 1995,JPN,3,,Gifu (JPN),09 OCT 2012,1063
190,9:12.97,,Jessica TONN,15 FEB 1992,USA,3f2,,"Seattle, WA (USA) (i)",03 MAR 2012,0
191,9:13.00,,Eri MAKIKAWA,22 APR 1993,JPN,5,,Fukagawa (JPN),27 JUN 2012,1062
192,9:13.30,,Reia IWADE,08 DEC 1994,JPN,1f7,,Toyokawa (JPN),22 SEP 2012,1061
192,9:13.30,,Maki IZUMIDA,22 JAN 1996,JPN,4,,Gifu (JPN),09 OCT 2012,1061
194,9:13.34,,Sakurako YAMOTO,01 OCT 1995,JPN,5,,Gifu (JPN),09 OCT 2012,1061
195,9:13.38,,Beverly RAMOS,24 AUG 1987,PUR,7,,Cork (IRL),17 JUL 2012,1061
195,9:13.38,,Yuka MAEKAWA,07 FEB 1995,JPN,6,,Gifu (JPN),09 OCT 2012,1061
197,9:13.41,,Shoko MATSUYAMA,1989,JPN,6,,Fukagawa (JPN),27 JUN 2012,1061
198,9:13.52,,Lyudmila STEPANOVA,15 AUG 1983,RUS,2,,Moskva (RUS) (i),12 FEB 2012,1082
199,9:13.58,,Marieke FALKMANN,07 JAN 1987,NED,4,,Leiden (NED),09 JUN 2012,1060
200,9:13.60,,Caryl JONES,04 APR 1987,GBR,1f1,,Swansea (GBR),28 JUL 2012,1060
201,9:13.81,,Amber SCHULTZ,27 DEC 1990,USA,8f3,,"Seattle, WA (USA) (i)",28 JAN 2012,0
202,9:13.89,,Akari OTA,26 JAN 1994,JPN,5,,Fukuoka (JPN),22 SEP 2012,1059
203,9:13.92,,Asahi TAKEUCHI,09 JAN 1995,JPN,5f12,,Shizuoka (JPN),13 OCT 2012,1059
204,9:14.28,,Eleni GEBREMEDHIN-GEBREHIWOT,03 AUG 1984,ETH,2,,Dortmund (GER) (i),22 JAN 2012,1079
205,9:14.32,,Brillian Jepkorir KIPKOECH,01 MAR 1995,KEN,5,,"Estadio Olímpico, Barcelona (ESP)",10 JUL 2012,1058
206,9:14.37,,Naomi TASCHIMOWITZ,19 OCT 1989,GBR,9,,London (GBR),06 MAY 2012,1058
207,9:14.41,,Claire PERRAUX,06 OCT 1987,FRA,6,,Eaubonne (FRA) (i),16 FEB 2012,1079
208,9:14.43,,Laura SUUR,20 APR 1990,EST,4f2,,"Seattle, WA (USA) (i)",03 MAR 2012,0
209,9:14.70,,Tatyana SHUTOVA,06 FEB 1987,RUS,1,,Kazan (RUS),08 JUN 2012,1057
210,9:14.75,,Alexi PAPPAS,28 MAR 1990,USA,4,,"Boston, MA (USA) (i)",27 JAN 2012,1078
211,9:14.85,,Hanami SEKINE,26 FEB 1996,JPN,2f7,,Toyokawa (JPN),22 SEP 2012,1056
212,9:14.91,,Nastassia IVANOVA,04 NOV 1982,BLR,1,,Mogilyov (BLR) (i),11 FEB 2012,1077
213,9:14.95,,Bogdana MIMIĆ,09 JAN 1989,SRB,1,,"Haverford, PA (USA) (i)",03 FEB 2012,1077
214,9:15.04,,Misuzu NAKAHARA,29 NOV 1994,JPN,2,,Kagoshima (JPN),03 JUN 2012,1056
215,9:15.11,,Maya IINO,05 FEB 1988,JPN,4f5,,Yokohama (JPN),01 DEC 2012,1055
216,9:15.16,,Caitlin LANE,08 APR 1990,USA,8f2,,"Seattle, WA (USA) (i)",11 FEB 2012,0
217,9:15.21,,Shiho YAHAGI,06 JUL 1995,JPN,7,,Niigata (JPN),02 AUG 2012,1055
218,9:15.25,,Alena KUDASHKINA,10 APR 1994,RUS,1,,Volgograd (RUS) (i),10 FEB 2012,1076
219,9:15.29,,Anna MISHCHENKO,25 AUG 1983,UKR,2f2,,Sumy (UKR) (i),18 FEB 2012,1076
220,9:15.42,,Mai ISHIBASHI,02 JUL 1989,JPN,6f1,,Abashiri (JPN),07 JUL 2012,1054
220,9:15.42,,Diana MARTÍN,01 APR 1981,ESP,11,,Luzern (SUI),17 JUL 2012,1054
222,9:15.53,,Shiho TAKEDA,04 AUG 1994,JPN,10,,Niigata (JPN),02 AUG 2012,1054
223,9:15.58,,Yelena SOKOLOVA,27 DEC 1979,RUS,2,,Moskva (RUS),21 JUN 2012,1054
224,9:15.65,,Hannah WHITMORE,24 FEB 1984,GBR,10,,London (GBR),06 MAY 2012,1054
225,9:15.74,,Agnes TSCHURTSCHENTHALER,12 JAN 1982,ITA,1,,Nembro (ITA),10 JUL 2012,1053
226,9:15.80,,Asaka IWAI,,JPN,7f12,,Shizuoka (JPN),13 OCT 2012,1053
227,9:15.89,,Athina KOINI,17 DEC 1992,GRE,1,,Patra (GRE),07 JUL 2012,1053
228,9:15.92,,Yuki MITSUNOBU,09 NOV 1992,JPN,7,,Fukagawa (JPN),27 JUN 2012,1053
229,9:15.98,,Stacey SMITH,24 FEB 1990,GBR,7,,Sheffield (GBR) (i),12 FEB 2012,1074
230,9:15.99,,Naoko KOIZUMI,14 DEC 1992,JPN,6,,Fukuoka (JPN),22 SEP 2012,1053
231,9:16.06,,Momoko AKIYAMA,31 DEC 1994,JPN,1f7,,Yokohama (JPN),17 NOV 2012,1052
232,9:16.11,,Jessica ENGEL,03 APR 1989,USA,4,,"Fayetteville, AR (USA) (i)",28 JAN 2012,1073
232,9:16.11,,Meaghan NELSON,12 FEB 1990,USA,3f2,,"College Station, TX (USA) (i)",25 FEB 2012,1073
234,9:16.3h,,Olesya SHUKLINA,27 JUN 1984,RUS,1,,Chelyabinsk (RUS) (i),12 JAN 2012,1073
235,9:16.43,,Tomoyo IZUMI,12 JUL 1985,JPN,5f5,,Yokohama (JPN),01 DEC 2012,1051
236,9:16.60,,Ayaka MATSUMOTO,08 FEB 1996,JPN,8f12,,Shizuoka (JPN),13 OCT 2012,1051
237,9:16.66,,Yui OKADA,15 MAR 1994,JPN,7f1,,Abashiri (JPN),07 JUL 2012,1050
238,9:16.67,,Oksana BELYAKOVA,09 SEP 1975,RUS,3,,Moskva (RUS) (i),12 FEB 2012,1071
239,9:16.69,,Haruka WADA,08 MAR 1996,JPN,9f12,,Shizuoka (JPN),13 OCT 2012,1050
240,9:16.78,,Lisa Christina NEMEC,18 MAY 1984,CRO,1f1,,Wien (AUT) (i),11 FEB 2012,1071
241,9:16.85,,Sara HOOD,09 JUN 1982,GBR,3,,Glasgow (GBR) (i),03 DEC 2012,1071
242,9:16.87,,Sara Catarina RIBEIRO,31 MAY 1990,POR,2,,Espinho (POR) (i),05 FEB 2012,1071
243,9:16.93,,Valentina COSTANZA,27 FEB 1987,ITA,2,,Trento (ITA),13 MAY 2012,1049
244,9:16.94,,Vaida ŽŪSINAITĖ-NEKRIOŠIENĖ,13 JAN 1988,LTU,3,,Uppsala (SWE),28 JUL 2012,1049
245,9:16.96,,Christine BABCOCK,19 MAY 1990,USA,8f2,,"Seattle, WA (USA) (i)",25 FEB 2012,0
246,9:17.12,,Lauren JOHNSON,04 MAY 1987,USA,2f3,,"Seattle, WA (USA) (i)",14 JAN 2012,0
247,9:17.28,,Ashley MILLER,16 MAR 1989,USA,1,,"Lincoln, NE (USA) (i)",24 FEB 2012,1069
248,9:17.32,,Veerle DEJAEGHERE,01 AUG 1973,BEL,1,,Ninove (BEL),12 MAY 2012,1048
248,9:17.32,,Dominika NOWAKOWSKA,25 JAN 1985,POL,1,,Sopot (POL),09 JUN 2012,1048
248,9:17.32,,Claudia PINNA,04 DEC 1977,ITA,2,,Nembro (ITA),10 JUL 2012,1048
251,9:17.35,,Lucy OLIVER,18 NOV 1988,NZL,1f2,,"Boston, MA (USA) (i)",18 FEB 2012,1069
251,9:17.35,,Nozomi NISHIYAMA,1994,JPN,2h1,,Niigata (JPN),01 AUG 2012,1048
253,9:17.48,,Kara MILLHOUSE,20 MAR 1990,USA,2,,"Lincoln, NE (USA) (i)",24 FEB 2012,1069
254,9:17.58,,Viktoriya POHORYELSKA,04 AUG 1990,UKR,2,,Zaporozhye (UKR) (i),28 JAN 2012,1068
255,9:17.62,,Agata STRAUSA,02 DEC 1989,LAT,10f2,,"Seattle, WA (USA) (i)",11 FEB 2012,0
256,9:17.64,,Marіya KHODAKIVSKA,04 JAN 1994,UKR,1,,Yalta (UKR),01 JUN 2012,1047
257,9:17.8h,,Katie MATTHEWS,19 NOV 1990,USA,1,,"Boston, MA (USA) (i)",19 JAN 2012,1068
258,9:17.81,,Galina YEVSIKOVA,20 JUL 1990,RUS,1,,St. Petersburg (RUS),02 JUN 2012,1047
259,9:17.88,,Pauline IYABAN,,KEN,1,,Miyoshi (JPN),15 SEP 2012,1046
260,9:18.01,,Honoka YUZAWA,11 APR 1994,JPN,11,,Niigata (JPN),02 AUG 2012,1046
261,9:18.03,,Shalaya KIPP,19 AUG 1990,USA,9f2,,"Seattle, WA (USA) (i)",25 FEB 2012,0
262,9:18.06,,Liz COSTELLO,23 FEB 1988,USA,1f1,,"Lexington, KY (USA) (i)",14 JAN 2012,0
263,9:18.07,,Astrid LEUTERT,12 SEP 1987,SUI,5,,"Geneva, OH (USA) (i)",11 FEB 2012,0
264,9:18.18,,Nadia RODRÍGUEZ,02 JAN 1984,ARG,1,,Mar del Plata (ARG),29 APR 2012,1045
265,9:18.21,,Marina PETROVA,25 JAN 1990,RUS,4,,Moskva (RUS) (i),12 FEB 2012,1066
266,9:18.34,,Chihiro KATO,23 MAY 1995,JPN,9,,Gifu (JPN),09 OCT 2012,1045
267,9:18.42,,Lisa HAHNER,20 NOV 1989,GER,1,,Pfungstadt (GER),04 JUL 2012,1045
268,9:18.67,,Sara SUTHERLAND,31 JAN 1992,USA,4f2,,"College Station, TX (USA) (i)",25 FEB 2012,1065
269,9:18.68,,Colleen QUIGLEY,20 NOV 1992,USA,5,,"Fayetteville, AR (USA) (i)",28 JAN 2012,1065
270,9:18.69,,Sviatlana KUDZELICH,07 MAY 1987,BLR,2,,Mogilyov (BLR) (i),11 FEB 2012,1065
270,9:18.69,,Lauren DEADMAN,27 MAR 1984,GBR,12,,London (GBR),06 MAY 2012,1044
272,9:18.75,,Friederike FEIL,23 MAY 1986,GER,3,,Dortmund (GER) (i),22 JAN 2012,1065
273,9:18.77,,Kotomi TAKAYAMA,18 FEB 1993,JPN,9f1,,Abashiri (JPN),07 JUL 2012,1043
274,9:18.91,,Giulia MARTINELLI,16 JUN 1991,ITA,2,,Ancona (ITA) (i),26 FEB 2012,1064
275,9:18.92,,Lindsay ALLEN,30 JUN 1986,USA,11f2,,"Seattle, WA (USA) (i)",11 FEB 2012,0
276,9:18.93,,Valentyna HORPYNYCH-ZHUDINA,12 MAR 1983,UKR,2,,Mustasaari (FIN) (i),07 FEB 2012,0
277,9:18.95,,Ayano IKEUCHI,29 OCT 1994,JPN,10f12,,Shizuoka (JPN),13 OCT 2012,1043
278,9:18.97,,Eva ARIAS,08 OCT 1980,ESP,2,,Sabadell (ESP) (i),25 FEB 2012,1064
279,9:19.3h,,Sheto UDESSA,,ETH,3,,Addis Abeba (ETH),03 JUN 2012,1042
280,9:19.31,,Saki YOSHIMIZU,13 JUL 1995,JPN,1,,Saga (JPN),14 OCT 2012,1042
281,9:19.33,,Seika NISHIKAWA,17 JUL 1987,JPN,2,,Kitami (JPN),04 JUL 2012,1042
282,9:19.36,,Nicole BOWLER,03 MAR 1989,USA,3f1,,"Seattle, WA (USA) (i)",11 FEB 2012,0
283,9:19.61,,Jana SUSSMANN,12 OCT 1990,GER,11,,Karlsruhe (GER) (i),12 FEB 2012,1062
284,9:19.89,,Shayla HOULIHAN,26 FEB 1985,USA,4f1,,"Seattle, WA (USA) (i)",11 FEB 2012,0
285,9:20.00,,Nozomi YAMASHITA,12 OCT 1995,JPN,1,,Saga (JPN),17 JUN 2012,1039
286,9:20.02,,Olga SKRYPAK,02 DEC 1990,UKR,3f2,,Sumy (UKR) (i),18 FEB 2012,1060
287,9:20.07,,Kasumi NISHIHARA,01 MAR 1989,JPN,1,,Kumagaya (JPN),20 MAY 2012,1039
287,9:20.07,,Tatiele Roberta DE CARVALHO,22 NOV 1989,BRA,1,,Barquisimeto (VEN),08 JUN 2012,1039
289,9:20.16,,Aleksandra PAVLYUTENKOVA,21 MAR 1990,RUS,1,,Zhukovskiy (RUS),23 JUN 2012,1039
290,9:20.30,,Miki HIRAI,12 FEB 1996,JPN,2,,Saga (JPN),17 JUN 2012,1038
291,9:20.34,,Beata NAIGAMBO,11 MAR 1980,NAM,,,Windhoek (NAM),14 JAN 2012,1038
292,9:20.35,,Hazel MURPHY,25 JUN 1984,IRL,1,,Belfast (GBR) (i),11 FEB 2012,1059
293,9:20.38,,Nanami AOKI,06 JAN 1995,JPN,3f11,,Fukuroi (JPN),22 SEP 2012,1038
294,9:20.52,,Rie KAWAUCHI,15 MAR 1995,JPN,14,,Niigata (JPN),02 AUG 2012,1038
295,9:20.62,,Misaki HAYASHIDA,31 JAN 1996,JPN,15,,Niigata (JPN),02 AUG 2012,1037
296,9:20.68,,Mai HIROTA,02 JAN 1995,JPN,5f11,,Fukuroi (JPN),22 SEP 2012,1037
297,9:20.72,,Charlotte FFRENCH-O'CARROLL,04 OCT 1990,IRL,1,,"Philadelphia, PA (USA)",26 APR 2012,1037
297,9:20.72,,Nanako KAJIYA,27 AUG 1995,JPN,11f12,,Shizuoka (JPN),13 OCT 2012,1037
299,9:20.81,,Monami ICHIMURA,30 MAR 1996,JPN,2f7,,Yokohama (JPN),22 SEP 2012,1037
300,9:20.86,,Kristen GILLESPIE,01 JUN 1989,USA,1,,"Lexington, KY (USA) (i)",25 FEB 2012,0
301,9:20.91,,Teresa MCWALTERS,15 NOV 1984,USA,5f1,,"Boston, MA (USA) (i)",10 FEB 2012,1057
302,9:20.92,,Nolene CONRAD,26 JUL 1985,RSA,5,,Leiden (NED),09 JUN 2012,1036
303,9:20.94,,Anastasia KARAKATSANI,10 JAN 1992,GRE,2,,Patra (GRE),07 JUL 2012,1036
304,9:21.15,,Claire RICHARDSON,,USA,2,,"University Park, PA (USA) (i)",28 JAN 2012,1057
305,9:21.23,,Rebekah GREENE,26 DEC 1993,NZL,7,,"Estadio Olímpico, Barcelona (ESP)",10 JUL 2012,1035
305,9:21.23,,Ayumi UEHARA,23 NOV 1994,JPN,3f7,,Yokohama (JPN),22 SEP 2012,1035
307,9:21.25,,Mason-Marie CATHEY,29 APR 1982,USA,12f2,,"Seattle, WA (USA) (i)",11 FEB 2012,0
308,9:21.26,,Jekaterina PATJUK,06 APR 1983,EST,3,,Mustasaari (FIN) (i),07 FEB 2012,0
309,9:21.33,,Megumi AOBA,01 AUG 1995,JPN,2h2,,Niigata (JPN),01 AUG 2012,1035
310,9:21.34,,Jip VASTENBURG,21 MAR 1994,NED,6,,Leiden (NED),09 JUN 2012,1035
311,9:21.38,,Lyudmila LEBEDEVA,23 MAY 1990,RUS,1,,Saransk (RUS) (i),02 MAR 2012,1056
312,9:21.40,,Lydia KOSGEI,,KEN,2,,"South Bend, IN (USA) (i)",03 MAR 2012,0
312,9:21.40,,Karin NISHIKAWA,1994,JPN,12f12,,Shizuoka (JPN),13 OCT 2012,1035
314,9:21.46,,Natsumi OZAWA,28 AUG 1994,JPN,3,,Kitakami (JPN),18 JUN 2012,1035
315,9:21.59,,McKenzie MELANDER,,USA,1,,"Iowa City, IA (USA)",21 APR 2012,1034
316,9:21.63,,Heather STEPHENS,16 JAN 1990,USA,14f2,,"Seattle, WA (USA) (i)",11 FEB 2012,0
317,9:21.75,,Madoka MITSUE,,JPN,10f1,,Abashiri (JPN),07 JUL 2012,1034
318,9:21.85,,Kotona OTA,25 SEP 1995,JPN,2,,Ishikawa (JPN),03 MAY 2012,1033
319,9:21.88,,Lindsay CREVOISERAT,09 FEB 1993,USA,1,,"Princeton, NJ (USA)",11 MAY 2012,1033
320,9:21.89,,Juliane ACCURSO,17 JUN 1992,USA,1,,"South Bend, IN (USA) (i)",04 FEB 2012,0
321,9:21.90,,Rachel PATTERSON,,USA,1,,"Allendale, MI (USA) (i)",14 DEC 2012,0
322,9:21.99,,Misaki TANABE,31 AUG 1995,JPN,4,,Kitakami (JPN),18 JUN 2012,1033
323,9:22.06,,Chihiro MORIZAKI,21 DEC 1989,JPN,11f1,,Abashiri (JPN),07 JUL 2012,1033
324,9:22.10,,Olesya POLKOVNIKOVA,16 JUN 1992,RUS,2,,Saransk (RUS) (i),02 MAR 2012,1053
325,9:22.13,,Yuka KOBAYASHI,25 MAY 1996,JPN,13f12,,Shizuoka (JPN),13 OCT 2012,1033
326,9:22.17,,Katie CLARK,04 FEB 1991,GBR,2,,"Bloomington, IN (USA) (i)",28 JAN 2012,1053
326,9:22.17,,Miho IHARA,04 FEB 1988,JPN,1,,Haruno (JPN),02 JUN 2012,1032
328,9:22.21,,Anita BAIERL,18 JUN 1988,AUT,1,,Andorf (AUT),18 AUG 2012,1032
329,9:22.26,,Urszula NĘCKA,28 JUN 1984,POL,2,,Spala (POL) (i),25 FEB 2012,1053
330,9:22.38,,Nanami KONDO,,JPN,3,,Saga (JPN),17 JUN 2012,1032
331,9:22.42,,Melanie DANIELS,20 MAY 1988,AUS,1,,Hobart (AUS),18 FEB 2012,1032
332,9:22.44,,Ruth VAN DER MEIJDEN,15 AUG 1984,NED,7,,Leiden (NED),09 JUN 2012,1032
333,9:22.48,,Hanna BARTHOLOMEW,14 MAR 1983,SWE,1,,Huddinge (SWE),14 AUG 2012,1031
334,9:22.53,,Hannah DAVIDSON,15 APR 1990,USA,5,,"Boston, MA (USA) (i)",27 JAN 2012,1052
335,9:22.55,,Anna GAVRYUK,11 DEC 1982,RUS,8,,Moskva (RUS) (i),22 FEB 2012,1052
336,9:22.57,,Violah CHEPTOO,01 MAR 1989,KEN,3f1,,"Birmingham, AL (USA) (i)",21 JAN 2012,1052
337,9:22.60,,Akiko MATSUYAMA,24 JUL 1989,JPN,2,,Kanagawa (JPN),29 APR 2012,1031
338,9:22.65,,Shoko SONODA,09 NOV 1994,JPN,4,,Saga (JPN),17 JUN 2012,1031
339,9:22.66,,Laila HMATOU,26 MAR 1979,FRA,1,,Martigues (FRA),06 MAY 2012,1031
340,9:22.85,,Hannah WALKER,09 AUG 1991,GBR,2,,Loughborough (GBR),20 MAY 2012,1030
341,9:22.90,,Risa TAKENAKA,06 JAN 1990,JPN,8,,Fukagawa (JPN),27 JUN 2012,1030
342,9:22.93,,Marielle HALL,28 JAN 1992,USA,4f1,,"Birmingham, AL (USA) (i)",21 JAN 2012,1051
343,9:23.11,,Saki FUKUI,25 MAR 1996,JPN,2,,Kanazawa (JPN),17 JUN 2012,1029
344,9:23.12,,Kristy LEGG,08 FEB 1990,GBR,3,,"Bloomington, IN (USA) (i)",28 JAN 2012,1050
345,9:23.14,,Chisato SEKINE,1994,JPN,14f12,,Shizuoka (JPN),13 OCT 2012,1029
346,9:23.19,,Jennifer BERGMAN,01 NOV 1991,USA,7,,"Fayetteville, AR (USA) (i)",28 JAN 2012,1050
347,9:23.23,,Angela RINICELLA,07 MAY 1982,ITA,3,,Ancona (ITA) (i),26 FEB 2012,1050
348,9:23.28,,Bradi HUTCHISON,,USA,5f1,,"Seattle, WA (USA) (i)",11 FEB 2012,0
349,9:23.30,,Cory Ann MCGEE,29 MAY 1992,USA,2,,"College Station, TX (USA) (i)",28 JAN 2012,1049
350,9:23.42,,Heidi ERIKSSON,27 APR 1986,FIN,4,,Mustasaari (FIN) (i),07 FEB 2012,0
350,9:23.42,,Kaho SASAKI,,JPN,5f7,,Yokohama (JPN),22 SEP 2012,1028
352,9:23.44,,Miho TANAKA,09 JAN 1995,JPN,6f7,,Yokohama (JPN),22 SEP 2012,1028
353,9:23.51,,Solange Andreia PEREIRA,16 DEC 1989,ESP,3,,Barcelona (ESP),16 JUN 2012,1028
354,9:23.53,,Eleonora BERLANDA,06 APR 1976,ITA,4,,Trento (ITA),13 MAY 2012,1028
355,9:23.61,,Sarah BROWN,15 OCT 1986,USA,1,,"Knoxville, TN (USA)",13 APR 2012,1028
356,9:23.64,,Kie WATANABE,11 DEC 1995,JPN,15f12,,Shizuoka (JPN),13 OCT 2012,1028
357,9:23.67,,Chelsea ORR,,USA,10f2,,"Seattle, WA (USA) (i)",25 FEB 2012,0
358,9:23.73,,Lois RICARDI,29 SEP 1984,USA,3f3,,"Seattle, WA (USA) (i)",14 JAN 2012,0
359,9:23.74,,Kotomi TSUBOKURA,20 DEC 1995,JPN,16f12,,Shizuoka (JPN),13 OCT 2012,1027
360,9:23.94,,Mika KOBAYASHI,06 FEB 1995,JPN,1,,Kobe (JPN),03 JUN 2012,1027
361,9:23.95,,Rachel CLIFF,01 APR 1988,CAN,15f2,,"Seattle, WA (USA) (i)",11 FEB 2012,0
361,9:23.95,,Misako SUGURA,06 NOV 1984,JPN,2,,Kumagaya (JPN),20 MAY 2012,1027
363,9:23.97,,Mareike SCHRULLE,13 JAN 1989,GER,2,,"South Bend, IN (USA) (i)",04 FEB 2012,0
364,9:24.01,,Sabine VAN DER REIJT,08 SEP 1981,NED,8,,Leiden (NED),09 JUN 2012,1026
365,9:24.04,,Elizabeth ANDERSON,11 MAY 1992,USA,6f1,,"Seattle, WA (USA) (i)",11 FEB 2012,0
366,9:24.06,,Zhixuan LI,23 MAR 1994,CHN,10,,"Estadio Olímpico, Barcelona (ESP)",10 JUL 2012,1026
367,9:24.10,,Liv WESTPHAL,22 DEC 1993,FRA,11,,"Estadio Olímpico, Barcelona (ESP)",10 JUL 2012,1026
368,9:24.14,,Corey CONNER,07 MAY 1990,USA,2,,"Princeton, NJ (USA)",11 MAY 2012,1026
369,9:24.24,,Andrea DEELTSTRA,06 MAR 1985,NED,1,,Utrecht (NED),13 JUL 2012,1026
370,9:24.28,,Rhiannon JOHNS,11 JUN 1990,CAN,1f3,,"Birmingham, AL (USA) (i)",11 FEB 2012,1046
371,9:24.30,,Laura NAGEL,11 FEB 1992,NZL,6f1,,"Boston, MA (USA) (i)",10 FEB 2012,1046
372,9:24.40,,Veronica INGLESE,22 NOV 1990,ITA,4,,Ancona (ITA) (i),26 FEB 2012,1046
373,9:24.41,,Minna-Maria KANGAS,05 FEB 1983,FIN,5,,Mustasaari (FIN) (i),07 FEB 2012,0
374,9:24.46,,Natsuki OMORI,22 JUN 1994,JPN,6f11,,Fukuroi (JPN),22 SEP 2012,1025
375,9:24.48,,Kanae KAMIZAWA,,JPN,8h2,,Niigata (JPN),01 AUG 2012,1025
376,9:24.52,,Meraf BAHTA,24 JUN 1989,ERI,6,,Mustasaari (FIN) (i),07 FEB 2012,0
377,9:24.70,,Rina YAMAZAKI,06 MAY 1988,JPN,10,,Fukagawa (JPN),27 JUN 2012,1024
378,9:24.76,,Kanae KAMIZONO,,JPN,4f7,,Toyokawa (JPN),22 SEP 2012,1024
379,9:24.79,,Federica DAL RI,25 SEP 1980,ITA,5,,Ancona (ITA) (i),26 FEB 2012,1045
379,9:24.79,,Amela TERZIĆ,02 JAN 1993,SRB,1,,Eskisehir (TUR),21 JUL 2012,1024
381,9:24.88,,Betsy GRANEY,23 OCT 1989,USA,2,,"Allendale, MI (USA) (i)",14 DEC 2012,0
382,9:24.92,,Sofia ENNAOUI,30 AUG 1995,POL,1,,Bialogard (POL),29 SEP 2012,1024
383,9:24.93,,Miho SHIMIZU,13 MAY 1990,JPN,1f2,,Abashiri (JPN),07 JUL 2012,1024
384,9:24.94,,Yelena TUMAYEVA,24 AUG 1989,RUS,5,,Moskva (RUS) (i),12 FEB 2012,1044
385,9:25.04,,Sarah SELLERS,10 JUL 1991,USA,7f1,,"Seattle, WA (USA) (i)",11 FEB 2012,0
385,9:25.04,,Annie BERSAGEL,30 MAR 1983,USA,4,,Uppsala (SWE),28 JUL 2012,1023
387,9:25.18,,Elena GARCÍA GRIMAU,19 JUN 1986,ESP,3,,Sabadell (ESP) (i),25 FEB 2012,1043
388,9:25.19,,Carrie DIMOFF,31 MAY 1983,USA,16f2,,"Seattle, WA (USA) (i)",11 FEB 2012,0
389,9:25.21,,Fumiko HASHIMOTO,01 APR 1989,JPN,12f1,,Abashiri (JPN),07 JUL 2012,1023
390,9:25.40,,Eva HIEBLINGER-SCHÜTZ,24 NOV 1973,AUT,2,,Andorf (AUT),18 AUG 2012,1022
391,9:25.42,,Jamie CHEEVER,28 FEB 1987,USA,1,,"Minneapolis, MN (USA) (i)",21 JAN 2012,1042
392,9:25.52,,Alissa FISHER,01 JUL 1991,USA,6,,"Geneva, OH (USA) (i)",11 FEB 2012,0
393,9:25.56,,Yuki YOKOISHI,30 NOV 1996,JPN,6,,Saga (JPN),17 JUN 2012,1021
394,9:25.60,,Collier LAWRENCE,04 OCT 1986,USA,9f3,,"Seattle, WA (USA) (i)",28 JAN 2012,0
395,9:25.6h,,Genet GASHIE,1995,ETH,5,,Addis Abeba (ETH),03 JUN 2012,1021
396,9:25.61,,Kureha SEKI,15 SEP 1996,JPN,17f12,,Shizuoka (JPN),13 OCT 2012,1021
397,9:25.68,,Seiko SONODA,,JPN,2,,Saga (JPN),14 OCT 2012,1021
398,9:25.71,,Carlie GREEN,01 MAY 1989,USA,3,,"South Bend, IN (USA) (i)",04 FEB 2012,0
399,9:25.75,,Chiharu WATANABE,,JPN,2,,Chiba (JPN),20 MAY 2012,1021
400,9:25.81,,Genevieve LACAZE,04 AUG 1989,AUS,17f2,,"Seattle, WA (USA) (i)",11 FEB 2012,0
401,9:25.88,,Irene VAN LIESHOUT,01 SEP 1993,NED,1,,Utrecht (NED),10 AUG 2012,1020
402,9:25.95,,Emily SHEARER,,USA,2,,"Philadelphia, PA (USA)",26 APR 2012,1020
403,9:25.96,,Nene KAWANISHI,07 JAN 1994,JPN,13f1,,Abashiri (JPN),07 JUL 2012,1020
404,9:26.00,,Megan BROWN,30 APR 1985,CAN,1,,Toronto (CAN) (i),19 FEB 2012,1041
405,9:26.07,,Cally MACUMBER,19 AUG 1990,USA,8f1,,"Seattle, WA (USA) (i)",11 FEB 2012,0
406,9:26.11,,Maren ORTH,22 JUN 1990,GER,2,,Karlsruhe (GER) (i),25 FEB 2012,1040
407,9:26.13,,Paula GONZALEZ,03 MAY 1996,ESP,1,,Castellón (ESP),02 JUN 2012,1020
408,9:26.15,,Stephanie GARCIA,03 MAY 1988,USA,3f1,,"Lexington, KY (USA) (i)",14 JAN 2012,0
409,9:26.26,,Nicole SPIRIG,07 FEB 1982,SUI,1,,Bern (SUI),09 JUN 2012,1019
409,9:26.26,,Sarah COLLINS,15 SEP 1994,IRL,13,,"Estadio Olímpico, Barcelona (ESP)",10 JUL 2012,1019
411,9:26.30,,Rio KOJIMA,09 AUG 1990,JPN,14f1,,Abashiri (JPN),07 JUL 2012,1019
412,9:26.42,,Ashley SCHNELL,24 NOV 1988,USA,4,,"South Bend, IN (USA) (i)",04 FEB 2012,0
412,9:26.42,,Nao YAMAMOTO,20 OCT 1996,JPN,18f12,,Shizuoka (JPN),13 OCT 2012,1019
414,9:26.46,,Katie KELLNER,04 AUG 1991,USA,3,,"Philadelphia, PA (USA)",26 APR 2012,1019
415,9:26.49,,Zhen MA,10 NOV 1993,CHN,2,,Changzhou (CHN),20 APR 2012,1018
416,9:26.50,,Mai TAKAHASHI,28 DEC 1988,JPN,19f12,,Shizuoka (JPN),13 OCT 2012,1018
417,9:26.55,,Kanna TAMAKI,07 OCT 1996,JPN,20f12,,Shizuoka (JPN),13 OCT 2012,1018
418,9:26.59,,Rina KOEDA,29 AUG 1994,JPN,5,,Kitakami (JPN),18 JUN 2012,1018
419,9:26.62,,Ayaka INOUE,19 JUN 1991,JPN,1,,Naruto (JPN),13 JUN 2012,1018
420,9:26.70,,Hiroko OTSUKA,,JPN,15f1,,Abashiri (JPN),07 JUL 2012,1018
421,9:26.79,,Mekdes WOLDU,20 OCT 1992,ERI,2,,Bern (SUI),09 JUN 2012,1018
422,9:26.89,,Claudette MUKASAKINDI,12 OCT 1980,RWA,9h1,,"Ataköy Arena, Istanbul (TUR) (i)",09 MAR 2012,1038
423,9:26.93,,Anastasiya DASHKEVICH,14 MAR 1992,BLR,3,,Mogilyov (BLR) (i),11 FEB 2012,1038
424,9:26.96,,Shauna MCNIFF,19 OCT 1990,USA,1f2,,"Boston, MA (USA) (i)",25 FEB 2012,1037
424,9:26.96,,Olga ROMANOVA,23 MAY 1980,RUS,2,,Zhukovskiy (RUS),23 JUN 2012,1017
426,9:26.97,,Alycia CRIDEBRING,11 JAN 1992,USA,9f1,,"Seattle, WA (USA) (i)",11 FEB 2012,0
426,9:26.97,,Clémence CALVIN,17 MAY 1990,FRA,2,,Martigues (FRA),06 MAY 2012,1017
428,9:27.01,,Yekaterina SHKODRINA,14 MAY 1984,RUS,3,,Moskva (RUS),14 MAY 2012,1017
429,9:27.11,,Heidi SEE,09 AUG 1989,AUS,7,,"Boston, MA (USA) (i)",27 JAN 2012,1037
430,9:27.15,,Yekaterina MATYUNINA,23 OCT 1990,RUS,1,,Moskva (RUS) (i),21 DEC 2012,1037
431,9:27.18,,Nicole PETERS,30 OCT 1989,USA,10f1,,"Seattle, WA (USA) (i)",11 FEB 2012,0
432,9:27.23,,Lauren D'ALESSIO,,USA,2f3,,"Birmingham, AL (USA) (i)",11 FEB 2012,1037
433,9:27.26,,Misaki SANGO,21 APR 1989,JPN,13,,Fukagawa (JPN),27 JUN 2012,1016
434,9:27.33,,Diane NUKURI,01 DEC 1984,BDI,2f3,,"Ames, IA (USA) (i)",11 FEB 2012,0
435,9:27.44,,Yu MIZOGAMI,,JPN,7f7,,Yokohama (JPN),22 SEP 2012,1015
436,9:27.52,,Risa MIYANAGA,,JPN,4,,Hiroshima (JPN),28 APR 2012,1015
437,9:27.54,,Irvette VAN ZYL,05 JUL 1987,RSA,1,,Potchefstroom (RSA),24 MAR 2012,1015
437,9:27.54,,Ying MEI,14 SEP 1994,CHN,3,,Changzhou (CHN),20 APR 2012,1015
439,9:27.55,,Aki SAITO,29 JUL 1996,JPN,8f7,,Yokohama (JPN),22 SEP 2012,1015
440,9:27.57,,Lauren PAQUETTE,27 JUN 1986,USA,4f1,,"Lexington, KY (USA) (i)",14 JAN 2012,0
441,9:27.69,,Kristen ROHDE,07 NOV 1983,USA,11f3,,"Seattle, WA (USA) (i)",28 JAN 2012,0
442,9:27.70,,Stefanie SLEKIS,01 FEB 1988,USA,1,,"Jonesboro, AR (USA) (i)",28 JAN 2012,1035
443,9:27.74,,Ombretta BONGIOVANNI,05 DEC 1985,ITA,3,,Nembro (ITA),10 JUL 2012,1014
444,9:27.80,,Asami KATO,12 OCT 1990,JPN,3,,Kanagawa (JPN),29 APR 2012,1014
445,9:27.82,,Tomoyo ADACHI,05 FEB 1996,JPN,5,,Hiroshima (JPN),28 APR 2012,1014
446,9:27.84,,Yuki FUJIWARA,,JPN,21f12,,Shizuoka (JPN),13 OCT 2012,1014
447,9:27.89,,Xufeng WU,10 JAN 1993,CHN,14,,"Estadio Olímpico, Barcelona (ESP)",10 JUL 2012,1014
448,9:27.90,,Asami MATSUURA,,JPN,9f7,,Yokohama (JPN),22 SEP 2012,1014
449,9:27.92,,Brooke EILERS,28 JUN 1989,USA,6,,"Lincoln, NE (USA) (i)",24 FEB 2012,1034
450,9:27.94,,Tomoyo YAMAMOTO,25 APR 1994,JPN,2,,Gifu (JPN),17 JUN 2012,1014
451,9:27.96,,Callie COOPER,25 JAN 1991,USA,3,,"College Station, TX (USA) (i)",28 JAN 2012,1034
451,9:27.96,,Imana TRUYERS,07 NOV 1993,BEL,2,,Utrecht (NED),10 AUG 2012,1014
453,9:28.03,,Calli THACKERY,09 JAN 1993,GBR,1,,"Alexander Stadium, Birmingham (GBR)",26 AUG 2012,1014
454,9:28.12,,Esma AYDEMIR,01 JAN 1992,TUR,2,,Eskisehir (TUR),21 JUL 2012,1013
455,9:28.14,,Matylda KOWAL,11 JAN 1989,POL,8,,Sheffield (GBR) (i),12 FEB 2012,1034
456,9:28.16,,Tomoka KIMURA,12 NOV 1994,JPN,4,,Kitakyushu (JPN),27 MAY 2012,1013
457,9:28.23,,Emma CLAYTON,16 JUL 1988,GBR,24,,Stretford (GBR),01 MAY 2012,1013
458,9:28.24,,Ester HIDALGO,20 SEP 1979,ESP,4,,Barcelona (ESP),16 JUN 2012,1013
459,9:28.27,,Rachel JOHNSON,30 APR 1993,USA,1,,"New York, NY (USA) (i)",04 FEB 2012,1033
460,9:28.30,,Samantha HAMILTON,22 JAN 1991,USA,2,,"Youngstown, OH (USA) (i)",26 FEB 2012,0
461,9:28.31,,Poļina JEĻIZAROVA,01 MAY 1989,LAT,1,,Riga (LAT) (i),04 FEB 2012,1033
462,9:28.34,,Annie BEECHAM,19 SEP 1987,USA,12f3,,"Seattle, WA (USA) (i)",28 JAN 2012,0
463,9:28.37,,Misa IMAYA,,JPN,2f2,,Abashiri (JPN),07 JUL 2012,1012
463,9:28.37,,Federica DEL BUONO,12 DEC 1994,ITA,3f1,,Trento (ITA),07 AUG 2012,1012
465,9:28.38,,Gloria TESSARO,14 SEP 1991,ITA,4f1,,Trento (ITA),07 AUG 2012,1012
466,9:28.48,,Emily JONES,17 JAN 1991,USA,4,,"University Park, PA (USA) (i)",28 JAN 2012,1032
467,9:28.56,,Anna JAKUBCZAK,02 FEB 1973,POL,2,,Sopot (POL),09 JUN 2012,1012
468,9:28.59,,Maria CASANUEVA,04 FEB 1981,ESP,5,,Barcelona (ESP),16 JUN 2012,1012
469,9:28.66,,Milly CLARK,01 MAR 1989,AUS,1f1,,Brisbane (AUS),09 MAR 2012,1012
469,9:28.66,,Mao KIYOTA,12 SEP 1993,JPN,14,,Fukagawa (JPN),27 JUN 2012,1012
469,9:28.66,,Chieko KIDO,14 MAR 1990,JPN,15,,Fukagawa (JPN),27 JUN 2012,1012
472,9:28.70,,Yuka MIYAZAKI,21 AUG 1992,JPN,1,,Fukuoka (JPN),16 JUN 2012,1011
473,9:28.72,,Gladys CHEPKURUI,17 AUG 1994,KEN,3,,Nairobi (KEN),09 JUN 2012,1011
474,9:28.74,,Kaitlin FLATTMANN,03 MAR 1993,USA,9,,"Fayetteville, AR (USA) (i)",28 JAN 2012,1032
474,9:28.74,,Emi NAKAYAMA,,JPN,1f11,,Shizuoka (JPN),13 OCT 2012,1011
476,9:28.79,,Svetlana KLIMKOVICH-KOVGAN,26 AUG 1980,BLR,4,,Mogilyov (BLR) (i),11 FEB 2012,1031
477,9:28.85,,Natsuko GOTO,04 AUG 1987,JPN,10f7,,Yokohama (JPN),22 SEP 2012,1011
478,9:28.95,,Leslie SEXTON,17 MAY 1987,CAN,1,,London (CAN),10 JUN 2012,1011
479,9:28.96,,Alex KOSINSKI,29 MAR 1989,USA,11f2,,"Seattle, WA (USA) (i)",25 FEB 2012,0
480,9:28.99,,Yelena SEDOVA,01 MAR 1990,RUS,4,,Saransk (RUS) (i),02 MAR 2012,1031
481,9:29.02,,Jackie DROUIN,,USA,8,,"Geneva, OH (USA) (i)",11 FEB 2012,0
482,9:29.05,,Melissa CHAPMAN,,USA,5,,"Philadelphia, PA (USA)",26 APR 2012,1010
483,9:29.10,,Lucie SEKANOVÁ,05 AUG 1989,CZE,1,,Linz (AUT) (i),02 FEB 2012,1030
484,9:29.13,,Sakiko MATSUMI,07 AUG 1988,JPN,3f2,,Abashiri (JPN),07 JUL 2012,1010
485,9:29.14,,Liliana BARBULESCU-POPESCU,05 FEB 1982,ROU,1,,Bucureşti (ROU) (i),25 FEB 2012,1030
485,9:29.14,,Yuki KODAMA,28 JUL 1994,JPN,15,,Gifu (JPN),09 OCT 2012,1010
487,9:29.18,,Tamara JEWETT,26 APR 1990,CAN,2,,"New York, NY (USA) (i)",04 FEB 2012,1030
487,9:29.18,,Hye Gyong KIM,09 MAR 1993,PRK,2,,Colombo (SRI),12 JUN 2012,1010
489,9:29.19,,Chantelle GROENEWOUD,03 MAR 1989,CAN,5,,"South Bend, IN (USA) (i)",04 FEB 2012,0
490,9:29.20,,Jessica FURLAN,15 MAR 1990,CAN,3,,"Lincoln, NE (USA) (i)",21 JAN 2012,1030
491,9:29.27,,Yoko AIZU,28 APR 1986,JPN,2,,Haruno (JPN),02 JUN 2012,1010
492,9:29.28,,Rhona AUCKLAND,11 MAY 1993,GBR,2,,Stretford (GBR),07 JUL 2012,1010
493,9:29.29,,Belinda MARTIN,27 JAN 1974,AUS,1f1,,Sydney (AUS),10 NOV 2012,1010
494,9:29.33,,Becky WADE,09 FEB 1989,USA,1f1,,"Houston, TX (USA) (i)",28 JAN 2012,1030
495,9:29.35,,Helen HOFSTEDE,31 DEC 1980,NED,1,,Assen (NED),20 MAY 2012,1009
495,9:29.35,,Yuriko TANIMACHI,,JPN,17,,Gifu (JPN),09 OCT 2012,1009
497,9:29.41,,Minori INOUE,26 DEC 1993,JPN,1,,Yokohama (JPN),22 DEC 2012,1009
498,9:29.44,,Laura CARLETON,23 SEP 1989,USA,3,,"New York, NY (USA) (i)",04 FEB 2012,1029
499,9:29.46,,Oona KETTUNEN,10 FEB 1994,FIN,3,,Tampere (FIN) (i),19 FEB 2012,0
500,9:29.60,,Elizabeth YETZER,01 MAY 1988,USA,2,,"Minneapolis, MN (USA) (i)",21 JAN 2012,1029
500,9:29.60,,Camille BUSCOMB,11 JUL 1990,NZL,1,,Dunedin (NZL),18 FEB 2012,1009
502,9:29.62,,Shelby GREANY,01 APR 1991,USA,1,,"Cambridge, MA (USA) (i)",19 FEB 2012,1029
503,9:29.63,,Louise WIKER,1979,SWE,3,,Oslo (NOR),24 MAY 2012,1008
504,9:29.65,,Kim RUCK,24 MAR 1989,USA,4,,"New York, NY (USA) (i)",04 FEB 2012,1029
505,9:29.71,,Yoshika TATSUMI,26 FEB 1982,JPN,3,,Kitami (JPN),04 JUL 2012,1008
506,9:29.79,,Hiwot AYALEW,06 MAR 1990,ETH,1,,Luanda (ANG),02 JAN 2012,1008
507,9:29.84,,Livia BURRI,27 JAN 1987,SUI,9,,Sheffield (GBR) (i),12 FEB 2012,1028
507,9:29.84,,Miki SUDATE,20 NOV 1992,JPN,4f2,,Abashiri (JPN),07 JUL 2012,1008
509,9:29.88,,Haruka KOGA,,JPN,2,,Kitakyushu (JPN),19 MAY 2012,1008
510,9:29.91,,Roxana BÂRCĂ,22 JUN 1988,ROU,12,,Karlsruhe (GER) (i),12 FEB 2012,1028
511,9:29.94,,Esther DESVIAT,27 JAN 1982,ESP,2,,Valencia (ESP) (i),28 JAN 2012,1028
512,9:29.95,,Ingeborg Kristine LIND,07 OCT 1990,NOR,4,,Oslo (NOR),24 MAY 2012,1007
513,9:30.02,,Touria SAMIRI,01 FEB 1988,ITA,7,,Ancona (ITA) (i),26 FEB 2012,1027
514,9:30.06,,Jessica O'CONNELL,10 FEB 1989,CAN,1f1,,"Winston Salem, NC (USA)",17 MAR 2012,1007
515,9:30.15,,Emily LANOIS,05 MAY 1991,USA,10,,"New York, NY (USA) (i)",02 MAR 2012,1027
516,9:30.16,,Emma KERTESZ,24 JUL 1990,USA,1,,"Allendale, MI (USA) (i)",10 FEB 2012,0
517,9:30.18,,Rebeka STOWE,09 MAR 1990,USA,18f2,,"Seattle, WA (USA) (i)",11 FEB 2012,0
518,9:30.19,,Rui NISHIDA,26 OCT 1994,JPN,3,,Saga (JPN),14 OCT 2012,1007
519,9:30.21,,Taylor BRYSON,19 JUL 1989,USA,1f1,,"Seattle, WA (USA) (i)",25 FEB 2012,0
520,9:30.24,,Yuko AOKI,27 SEP 1992,JPN,8,,Fukuoka (JPN),22 SEP 2012,1006
521,9:30.40,,Yukine OGUCHI,1997,JPN,3f11,,Shizuoka (JPN),13 OCT 2012,1006
522,9:30.46,,Cate WESTENHOVER,14 DEC 1989,USA,5,,"New York, NY (USA) (i)",04 FEB 2012,1026
522,9:30.46,,Sara Louise TREACY,22 JUN 1989,IRL,3f1,,Swansea (GBR),28 JUL 2012,1006
524,9:30.55,,Minami YAMANOUCHI,21 DEC 1992,JPN,1f3,,Yokohama (JPN),05 MAY 2012,1005
525,9:30.64,,Yumiko SASAKI,22 JUN 1994,JPN,8f5,,Yokohama (JPN),01 DEC 2012,1005
526,9:30.68,,Sayaka OHIRA,24 OCT 1989,JPN,5f2,,Abashiri (JPN),07 JUL 2012,1005
527,9:30.71,,Kana TAKAHASHI,03 OCT 2000,JPN,4,,Saga (JPN),14 OCT 2012,1005
528,9:30.73,,Yuka HORI,13 JUN 1996,JPN,4f11,,Shizuoka (JPN),13 OCT 2012,1005
529,9:30.77,,Rika SEKIGAMI,05 NOV 1997,JPN,9f5,,Yokohama (JPN),01 DEC 2012,1005
530,9:30.78,,Brooklyne RIDDER,01 SEP 1991,USA,5,,"University Park, PA (USA) (i)",28 JAN 2012,1025
530,9:30.78,,Kanako SHIMADA,11 OCT 1988,JPN,12f7,,Yokohama (JPN),22 SEP 2012,1005
532,9:30.83,,Kelsey DUERKSEN,05 NOV 1989,USA,2,,"Bloomington, IN (USA) (i)",20 JAN 2012,1025
533,9:30.85,,Monika PREIBISCHOVÁ,04 AUG 1985,CZE,1,,Praha (CZE) (i),25 FEB 2012,1025
534,9:30.87,,Sanaa KOUBAA-SCHRETZMAIR,06 JAN 1985,GER,1,,Leverkusen (GER) (i),14 JAN 2012,1025
534,9:30.87,,Stacey JOHNSON,15 APR 1987,GBR,3,,Stretford (GBR),07 JUL 2012,1004
536,9:30.91,,Alsu BOGDANOVA,12 MAY 1994,RUS,1,,Kazan (RUS) (i),23 DEC 2012,1025
537,9:30.93,,Dina ALEKSANDROVA,09 AUG 1992,RUS,5,,Saransk (RUS) (i),02 MAR 2012,1024
538,9:30.95,,Yekaterina TUNGUSKOVA,10 MAY 1988,UZB,1,,Tashkent (UZB) (i),03 FEB 2012,1024
539,9:31.15,,Catherine BECK,25 SEP 1985,USA,8f1,,"Boston, MA (USA) (i)",10 FEB 2012,1024
540,9:31.16,,María Teresa URBINA,20 MAR 1985,ESP,3,,Valencia (ESP) (i),28 JAN 2012,1024
540,9:31.16,,Valeria ROFFINO,09 APR 1990,ITA,4,,Nembro (ITA),10 JUL 2012,1004
542,9:31.20,,Lotte JACOBS,11 OCT 1988,NED,2,,Apeldoorn (NED) (i),25 FEB 2012,1024
543,9:31.2h,,Linda SPENCER,16 JAN 1982,GBR,1f1,,Perth (AUS),30 NOV 2012,1003
544,9:31.21,,Courtney CHAPMAN,25 JUN 1983,USA,6,,"University Park, PA (USA) (i)",28 JAN 2012,1024
544,9:31.21,,Anna GEHRING,15 NOV 1996,GER,1,,Mönchengladbach (GER),20 JUL 2012,1003
546,9:31.23,,Antonina BEHNKE,13 JUN 1989,POL,3,,Sopot (POL),09 JUN 2012,1003
546,9:31.23,,Alina REH,23 MAY 1997,GER,2,,Mönchengladbach (GER),20 JUL 2012,1003
548,9:31.24,,Celia SULLOHERN,05 JUL 1992,AUS,2f1,,Sydney (AUS),10 NOV 2012,1003
549,9:31.26,,Kumiko OTANI,23 MAR 1995,JPN,1,,Kumamoto (JPN),07 APR 2012,1003
549,9:31.26,,Abbey MCGHEE,02 MAR 1990,GBR,13,,London (GBR),06 MAY 2012,1003
551,9:31.29,,Fiona CROMBIE,15 AUG 1982,NZL,2,,Dunedin (NZL),18 FEB 2012,1003
552,9:31.41,,Eleanor STEVENS,29 JUN 1984,GBR,2,,Linz (AUT) (i),02 FEB 2012,1023
553,9:31.53,,Emilie AMARO,20 JUN 1990,USA,5f2,,"Seattle, WA (USA) (i)",03 MAR 2012,0
554,9:31.63,,Mami NISHIMURA,03 OCT 1994,JPN,13f7,,Yokohama (JPN),22 SEP 2012,1002
555,9:31.65,,Barbara BRESSI,10 JAN 1988,ITA,5,,Nembro (ITA),10 JUL 2012,1002
556,9:31.72,,Katie DICAMILLO,14 DEC 1986,USA,8,,"Boston, MA (USA) (i)",27 JAN 2012,1022
556,9:31.72,,Misato KAGAYAMA,11 NOV 1996,JPN,5f11,,Shizuoka (JPN),13 OCT 2012,1002
558,9:31.74,,Yekaterina SHLYAKHOVA,29 OCT 1988,RUS,2,,Kazan (RUS) (i),23 DEC 2012,1022
559,9:31.79,,Carolin AEHLING,12 JUN 1989,GER,4,,Dortmund (GER) (i),22 JAN 2012,1022
560,9:31.85,,Brittany SHEFFEY,18 DEC 1988,USA,4,,"Lexington, KY (USA) (i)",25 FEB 2012,0
561,9:31.86,,Momiji SEKI,,JPN,1f10,,Fukuroi (JPN),22 SEP 2012,1001
562,9:31.93,,Diana MEDINA,,USA,13f3,,"Seattle, WA (USA) (i)",28 JAN 2012,0
562,9:31.93,,Yuka KOBAYASHI,,JPN,2f10,,Fukuroi (JPN),22 SEP 2012,1001
562,9:31.93,,Alla KULYATINA,09 JUN 1990,RUS,2,,Moskva (RUS) (i),21 DEC 2012,1021
565,9:32.00,,Jordan WHITE,15 DEC 1989,USA,5,,"Lexington, KY (USA) (i)",25 FEB 2012,0
566,9:32.04,,Eliane SAHOLINIRINA,20 MAR 1982,MAD,1,,Sotteville-lès-Rouen (FRA),06 MAY 2012,1001
567,9:32.05,,Emily LIPARI,19 NOV 1992,USA,7,,"University Park, PA (USA) (i)",28 JAN 2012,1021
568,9:32.09,,Agnes KEMBOI,,KEN,10,,"Fayetteville, AR (USA) (i)",28 JAN 2012,1021
569,9:32.14,,Anna CORRIGAN,22 NOV 1990,USA,8,,"University Park, PA (USA) (i)",28 JAN 2012,1020
570,9:32.20,,Nicol TRAYNOR,06 MAY 1989,USA,1f2,,"Kingston, RI (USA) (i)",18 FEB 2012,1020
571,9:32.27,,Samantha GINTHER,07 AUG 1990,USA,3,,"Bloomington, IN (USA) (i)",20 JAN 2012,1020
572,9:32.30,,Kyle Lynn MACQUEEN,11 APR 1985,USA,11,,"New York, NY (USA) (i)",02 MAR 2012,1020
573,9:32.35,,Kellie PALMER,05 DEC 1983,NZL,1,,Christchurch (NZL),04 FEB 2012,1000
574,9:32.46,,Erica RIDDERMAN,29 NOV 1990,USA,4,,"Bloomington, IN (USA) (i)",20 JAN 2012,1019
575,9:32.50,,Miki SHIBUYA,18 FEB 1997,JPN,10f5,,Yokohama (JPN),01 DEC 2012,999
576,9:32.54,,Mariya KISELYOVA,21 MAY 1985,RUS,1,,Omsk (RUS) (i),21 JAN 2012,1019
577,9:32.60,,Slađana PERUNOVIĆ,26 MAR 1984,MNE,2,,Istanbul (TUR) (i),18 FEB 2012,1019
577,9:32.60,,Olga TARANTINOVA,28 NOV 1987,RUS,2,,Shchelkovo (RUS) (i),22 DEC 2012,1019
579,9:32.63,,Momo NAGAYOSHI,,JPN,4,,Kagoshima (JPN),03 JUN 2012,999
580,9:32.7h,,Kidsan ALEMA,29 JUL 1995,ETH,7,,Addis Abeba (ETH),03 JUN 2012,999
581,9:32.72,,Jecinta WANGUI,,KEN,,,Hita (JPN),23 SEP 2012,999
582,9:32.73,,Tigist KIROS GEBRESELASSIE,08 JUN 1992,ETH,2,,Luanda (ANG),02 JAN 2012,999
583,9:32.74,,Caitlin COMFORT,1990,USA,8,,"Lincoln, NE (USA) (i)",24 FEB 2012,1019
584,9:32.77,,Breanne EHRMAN,26 JUL 1989,USA,5,,"Bloomington, IN (USA) (i)",20 JAN 2012,1018
585,9:32.8h,,Emma STALLARD,04 APR 1970,GBR,1,,Carn Brea (GBR),19 AUG 2012,998
586,9:32.81,,Florence NGETICH,,KEN,4,,"College Station, TX (USA) (i)",28 JAN 2012,1018
586,9:32.81,,Megumi KINUKAWA,07 AUG 1989,JPN,3f5,,Yokohama (JPN),14 APR 2012,998
588,9:32.86,,Amy GRIFFITHS,22 MAR 1996,GBR,1,,London (GBR),09 MAY 2012,998
589,9:32.87,,Malin LILJESTEDT,20 FEB 1980,SWE,2,,Sollentuna (SWE),08 JUN 2012,998
590,9:32.92,,Sayaka ABE,22 OCT 1992,JPN,6f2,,Abashiri (JPN),07 JUL 2012,998
591,9:32.93,,Fanger KANG,21 SEP 1994,CHN,5,,Changzhou (CHN),20 APR 2012,998
592,9:32.96,,Risper KIMAIYO,26 JUN 1979,KEN,3,,"Birmingham, AL (USA) (i)",26 FEB 2012,1018
593,9:32.97,,Anca Maria BUNEA,04 AUG 1994,ROU,1,,Bucureşti (ROU),03 JUN 2012,998
594,9:32.99,,Elizabeth POTTER,27 DEC 1991,GBR,10,,Sheffield (GBR) (i),12 FEB 2012,1018
595,9:33.09,,Kristine Eikrem ENGESET,15 SEP 1988,NOR,3f3,,"Ames, IA (USA) (i)",11 FEB 2012,0
596,9:33.10,,Kayleigh TYERMAN,27 JUN 1991,USA,11,,"Fayetteville, AR (USA) (i)",28 JAN 2012,1017
597,9:33.11,,Karina CORDOBA,18 MAY 1982,ARG,3,,Castellón (ESP),02 JUN 2012,997
598,9:33.12,,Allison PYE,01 JAN 1989,USA,2,,"College Station, TX (USA) (i)",11 FEB 2012,1017
599,9:33.13,,Kirsten KASPER,31 AUG 1991,CAN,10f1,,"Boston, MA (USA) (i)",10 FEB 2012,1017
600,9:33.18,,Iryna PADABED,09 JAN 1986,BLR,3,,Gomel (BLR) (i),27 JAN 2012,1017
601,9:33.24,,Giulia VIOLA,24 APR 1991,ITA,8,,Ancona (ITA) (i),26 FEB 2012,1017
602,9:33.25,,Marіya SHATALOVA,01 MAR 1989,UKR,5f2,,Sumy (UKR) (i),18 FEB 2012,1017
603,9:33.29,,Maaya SAKAMOTO,11 NOV 1996,JPN,7f11,,Shizuoka (JPN),13 OCT 2012,997
604,9:33.37,,Kelly MCCURDY,24 MAY 1991,USA,9,,"Lincoln, NE (USA) (i)",24 FEB 2012,1017
605,9:33.40,,Sarah SUMPTER,12 MAR 1990,USA,1,,"Sacramento, CA (USA)",27 APR 2012,996
606,9:33.42,,Laura HOER,,USA,3f2,,"Boston, MA (USA) (i)",25 FEB 2012,1016
607,9:33.48,,Cleo BOYD,12 JUN 1993,CAN,2,,London (CAN),10 JUN 2012,996
608,9:33.50,,Andrea WHITCOMBE-GREEN,08 JUN 1971,GBR,1f2,,Swansea (GBR),28 JUL 2012,996
609,9:33.58,,Rolanda BELL,27 OCT 1987,PAN,9f1,,"Birmingham, AL (USA) (i)",21 JAN 2012,1016
610,9:33.62,,Gulshat FAZLITDINOVA,28 AUG 1992,RUS,10,,Moskva (RUS) (i),22 FEB 2012,1016
611,9:33.63,,Morgan POWERS,,USA,2f2,,"Boston, MA (USA) (i)",18 FEB 2012,1016
612,9:33.73,,Kara JUNE,10 AUG 1982,USA,2f1,,"Houston, TX (USA) (i)",28 JAN 2012,1015
613,9:33.74,,Carly SEYMOUR,07 MAR 1990,USA,1,,"Durham, NC (USA)",07 APR 2012,995
614,9:33.76,,Liliya OLSHANSKAYA,25 FEB 1984,RUS,1,,Krasnodar (RUS) (i),15 JAN 2012,1015
614,9:33.76,,Keely MAGUIRE,24 FEB 1990,USA,6,,"Philadelphia, PA (USA)",26 APR 2012,995
614,9:33.76,,Kaho NISHIZAWA,27 APR 1995,JPN,2f3,,Yokohama (JPN),05 MAY 2012,995
617,9:33.78,,Kazumi HASHIMOTO,09 MAY 1984,JPN,4,,Kitami (JPN),04 JUL 2012,995
618,9:33.82,,Monica Madalina FLOREA,03 FEB 1993,ROU,1,,Bucureşti (ROU),21 JUL 2012,995
619,9:33.99,,Sonia FERNANDES,03 MAY 1983,POR,2,,Pombal (POR) (i),12 FEB 2012,1014
620,9:34.15,,Alexa ARAGON,01 JUN 1992,USA,4,,"Bloomington, IN (USA) (i)",28 JAN 2012,1014
620,9:34.15,,Habiba GHRIBI,09 APR 1984,TUN,1,,Aix-les-Bains (FRA),20 MAY 2012,994
622,9:34.17,,Anna ILYINA,14 AUG 1994,RUS,1,,Cheboksary (RUS),19 JUN 2012,994
623,9:34.18,,Heather HAUG,12 SEP 1989,USA,1,,"Pocatello, ID (USA) (i)",04 FEB 2012,1014
624,9:34.22,,Natsuno FURUYA,1994,JPN,2,,Yokohama (JPN),22 DEC 2012,994
625,9:34.29,,Naho MATSUMOTO,,JPN,3f7,,Yokohama (JPN),17 NOV 2012,994
626,9:34.30,,Minna LAMMINEN,23 OCT 1982,FIN,2,,Turku (FIN),02 SEP 2012,994
627,9:34.31,,Emily STITES,02 JUN 1994,USA,1,,"Newport News, VA (USA) (i)",08 DEC 2012,1013
628,9:34.37,,Lindsay CARSON,06 OCT 1989,CAN,1,,Winnipeg (CAN) (i),09 MAR 2012,1013
628,9:34.37,,Andrea SECCAFIEN,27 AUG 1990,CAN,2,,Winnipeg (CAN) (i),09 MAR 2012,1013
628,9:34.37,,Hope KRAUSE,17 FEB 1988,USA,7,,"Philadelphia, PA (USA)",26 APR 2012,993
631,9:34.48,,Catherine BLEW,19 AUG 1992,GBR,4,,Loughborough (GBR),20 MAY 2012,993
632,9:34.49,,Louise WHITTAKER,29 NOV 1982,GBR,2f1,,Eton (GBR),30 JUN 2012,993
632,9:34.49,,Elaina BALOURIS,17 DEC 1991,USA,2,,"Newport News, VA (USA) (i)",08 DEC 2012,1013
634,9:34.50,,Rimma RODKO,04 NOV 1987,RUS,3,,Moskva (RUS) (i),21 DEC 2012,1013
635,9:34.61,,Kaitlin GREGG GOODMAN,31 JAN 1987,USA,14f3,,"Seattle, WA (USA) (i)",28 JAN 2012,0
635,9:34.61,,Ilse POL,27 JUN 1982,NED,2,,Utrecht (NED),13 JUL 2012,993
637,9:34.63,,Natalie ANTHONY,05 AUG 1992,USA,4f2,,"Boston, MA (USA) (i)",25 FEB 2012,1012
637,9:34.63,,Kate SPENCER,23 JUN 1995,AUS,4f1,,Sydney (AUS),10 NOV 2012,992
639,9:34.66,,Kanayo MIYATA,14 FEB 1995,JPN,3f3,,Yokohama (JPN),05 MAY 2012,992
639,9:34.66,,Ayumi HAGIWARA,01 JUN 1992,JPN,2,,Hiroshima (JPN),20 MAY 2012,992
641,9:34.67,,Morgan CASEY,13 AUG 1992,USA,5f3,,"Ames, IA (USA) (i)",11 FEB 2012,0
642,9:34.69,,Allison LETOURNEAU,,USA,9,,"Boston, MA (USA) (i)",27 JAN 2012,1012
643,9:34.80,,Natalie BOWER,09 OCT 1990,USA,9,,"University Park, PA (USA) (i)",28 JAN 2012,1012
644,9:34.81,,Rosa DEL TORO,20 NOV 1990,ESA,11f1,,"Seattle, WA (USA) (i)",11 FEB 2012,0
645,9:34.82,,Liberty MILLER,04 JUL 1992,USA,12f1,,"Seattle, WA (USA) (i)",11 FEB 2012,0
645,9:34.82,,Ashley BEUTLER,19 SEP 1989,USA,10,,"Lincoln, NE (USA) (i)",24 FEB 2012,1012
647,9:34.84,,Betsy FLOOD,24 MAR 1990,USA,6f3,,"Ames, IA (USA) (i)",11 FEB 2012,0
648,9:34.85,,Rose TANUI,22 DEC 1988,KEN,5,,"College Station, TX (USA) (i)",28 JAN 2012,1012
648,9:34.85,,Nihal KAYALI,13 MAR 1991,USA,3,,"Philadelphia, PA (USA)",06 MAY 2012,992
650,9:34.87,,Margaret CONNELLY,,USA,3,,"Ithaca, NY (USA) (i)",26 FEB 2012,1012
651,9:34.88,,Heather WILSON,13 JUN 1990,USA,2,,"New York, NY (USA) (i)",14 JAN 2012,1012
652,9:34.90,,Katie HURSEY,01 JUN 1989,USA,13f1,,"Seattle, WA (USA) (i)",11 FEB 2012,0
653,9:34.95,,Bobby CLAY,19 MAY 1997,GBR,2,,"Alexander Stadium, Birmingham (GBR)",26 AUG 2012,991
654,9:34.97,,Hannah NEWBOULD,19 JUN 1991,NZL,2,,Christchurch (NZL),04 FEB 2012,991
655,9:35.03,,Aisha PRAUGHT LEER,14 DEC 1989,USA,2,,"Allendale, MI (USA) (i)",10 FEB 2012,0
656,9:35.08,,Suvi SELVENIUS,07 JUN 1980,FIN,7,,Mustasaari (FIN) (i),07 FEB 2012,0
657,9:35.10,,Bailey BELVIS,22 JUN 1991,USA,5f3,,"Ames, IA (USA) (i)",28 JAN 2012,0
658,9:35.19,,Silvia DANEKOVA,07 FEB 1983,BUL,1,,Dobrich (BUL) (i),11 FEB 2012,1011
659,9:35.26,,Marta KRAWCZYNSKA,12 JUL 1988,POL,4,,Sopot (POL),09 JUN 2012,990
660,9:35.27,,Hilde AASHEIM,08 AUG 1984,NOR,5,,Oslo (NOR),24 MAY 2012,990
661,9:35.39,,Gina VALGOI,30 NOV 1990,USA,4,,"Youngstown, OH (USA) (i)",26 FEB 2012,0
662,9:35.41,,Betzy JIMENEZ,07 OCT 1987,USA,3f1,,"Houston, TX (USA) (i)",28 JAN 2012,1010
663,9:35.44,,Sarah PAGANO,23 JUL 1991,USA,12,,"New York, NY (USA) (i)",02 MAR 2012,1010
664,9:35.45,,Martina TRESCH,10 JUN 1989,SUI,6f3,,"Ames, IA (USA) (i)",28 JAN 2012,0
665,9:35.46,,Kaylin BELAIR,,USA,9,,"Philadelphia, PA (USA)",26 APR 2012,990
666,9:35.56,,Caroline MCDONOUGH,20 DEC 1990,USA,2,,"New York, NY (USA) (i)",11 FEB 2012,1009
667,9:35.61,,Chloe RICHARDSON,04 DEC 1993,GBR,3f1,,Eton (GBR),30 JUN 2012,989
668,9:35.66,,Regina NEUMEYER,24 JUL 1992,GER,3,,"New York, NY (USA) (i)",14 JAN 2012,1009
669,9:35.67,,Alyssa KULIK,02 FEB 1990,USA,19f2,,"Seattle, WA (USA) (i)",11 FEB 2012,0
670,9:35.69,,Dorcas LONGIRO,1996,KEN,5,,Nairobi (KEN),09 JUN 2012,989
671,9:35.72,,Xiangyu ZHANG,04 FEB 1996,CHN,1,,Yantai (CHN),13 JUL 2012,989
672,9:35.76,,Carmen OLIVERAS,29 JUN 1971,FRA,1,,Arles (FRA),20 MAY 2012,989
673,9:35.79,,Veerle VAN LINDEN,12 JUN 1976,BEL,2,,Saint-Mard (BEL),12 MAY 2012,989
674,9:35.91,,Nanaka IZAWA,13 APR 1991,JPN,1,,"Davis, CA (USA)",10 MAR 2012,988
675,9:35.94,,Margaret CALLAHAN,28 SEP 1988,USA,6f2,,"Seattle, WA (USA) (i)",03 MAR 2012,0
676,9:35.96,,Louise HANNALLAH,13 DEC 1989,USA,1f3,,"Seattle, WA (USA) (i)",11 FEB 2012,0
677,9:35.97,,Lauren MUGNAINI,,USA,2,,"Sacramento, CA (USA)",27 APR 2012,988
678,9:36.05,,Molly KAYFES,29 SEP 1991,USA,7f3,,"Ames, IA (USA) (i)",11 FEB 2012,0
679,9:36.07,,Juliet BOTTORFF,29 JAN 1991,USA,3,,"Princeton, NJ (USA)",11 MAY 2012,988
680,9:36.21,,Zsófia ERDÉLYI,10 DEC 1987,HUN,1,,"Los Angeles, CA (USA)",23 MAR 2012,987
681,9:36.34,,Milena RMANDIC,22 DEC 1992,SRB,1,,Sremska Mitrovica (SRB),02 JUN 2012,987
682,9:36.38,,Elena BURKARD,10 FEB 1992,GER,12,,Luzern (SUI),17 JUL 2012,987
683,9:36.45,,Amanda LOPICCOLO,08 OCT 1982,USA,12,,"Boston, MA (USA) (i)",27 JAN 2012,1007
684,9:36.46,,Nataliya BATRAK,01 OCT 1988,UKR,6f2,,Sumy (UKR) (i),18 FEB 2012,1006
685,9:36.49,,Miki OGAWA,1994,JPN,3,,Yokohama (JPN),22 DEC 2012,987
686,9:36.5h,,Ceri MITCHELL,09 DEC 1982,GBR,1,,Walton (GBR),14 JUL 2012,987
687,9:36.67,,Joanna THOMPSON,24 SEP 1992,USA,7f2,,"Boston, MA (USA) (i)",25 FEB 2012,1006
688,9:36.70,,Claudia ESTEVEZ,28 SEP 1995,ESP,1,,Antequera (ESP) (i),07 JAN 2012,1006
688,9:36.70,,Barbara LA BARBERA,27 AUG 1984,ITA,1,,Misterbianco (ITA),27 JUN 2012,986
690,9:36.71,,Michaelanne LAURENT,,USA,13f2,,"Seattle, WA (USA) (i)",25 FEB 2012,0
691,9:36.72,,Christina MUIR,06 AUG 1988,GBR,2,,"Findlay, OH (USA) (i)",25 FEB 2012,1006
692,9:36.77,,Lydia O'DONNELL,14 JUN 1990,NZL,3,,Christchurch (NZL),04 FEB 2012,986
692,9:36.77,,Frida BERGE,13 MAR 1994,NOR,6,,Oslo (NOR),24 MAY 2012,986
694,9:36.79,,Paulina KACZYŃSKA,24 JUL 1991,POL,2,,Bialogard (POL),29 SEP 2012,986
695,9:36.83,,Fabiana LAFUENTE,06 FEB 1987,ESP,6,,Barcelona (ESP),16 JUN 2012,985
696,9:36.88,,Ashlie DECKER,,USA,7,,"South Bend, IN (USA) (i)",04 FEB 2012,0
697,9:36.89,,Sophie CURL,06 JUL 1991,USA,15f1,,"Seattle, WA (USA) (i)",11 FEB 2012,0
697,9:36.89,,Linn NILSSON,15 OCT 1990,SWE,2,,Örebro (SWE) (i),18 FEB 2012,1005
697,9:36.89,,Luminita Georgiana ACHIM,23 FEB 1994,ROU,2,,Bucureşti (ROU),03 JUN 2012,985
700,9:36.93,,Mizuki SATO,01 JUN 1994,JPN,16f7,,Yokohama (JPN),22 SEP 2012,985
701,9:36.95,,Christiane DANNER,1988,GER,2,,Lichtenfels (GER),28 APR 2012,985
702,9:36.97,,Kristina DANILENKO,30 MAY 1985,RUS,12,,Moskva (RUS) (i),22 FEB 2012,1005
703,9:36.99,,Kaisa TYNI,09 MAY 1990,FIN,1,,Kuortane (FIN) (i),26 FEB 2012,1005
704,9:37.05,,Kristina MÄKI,22 SEP 1991,CZE,1,,Tábor (CZE),08 SEP 2012,985
705,9:37.08,,Allie PRENDERGAST,05 FEB 1990,USA,1,,"South Bend, IN (USA) (i)",21 JAN 2012,0
706,9:37.12,,Ana Mafalda FERREIRA,22 APR 1988,POR,1,,Espinho (POR) (i),19 FEB 2012,1004
707,9:37.16,,Genna HARTUNG,05 AUG 1991,USA,6,,"Ithaca, NY (USA) (i)",26 FEB 2012,1004
707,9:37.16,,Sayaka NISHIMURA,,JPN,3,,Kitakyushu (JPN),19 MAY 2012,984
709,9:37.19,,Katie HARMAN,,USA,1f2,,"Boston, MA (USA) (i)",10 FEB 2012,1004
710,9:37.24,,Alexandra BANFICH,02 NOV 1989,USA,5,,"Philadelphia, PA (USA)",06 MAY 2012,984
711,9:37.27,,Gemma MAINI,30 NOV 1986,AUS,1f2,,Melbourne (AUS),20 DEC 2012,984
712,9:37.28,,Kristie KRUEGER,26 DEC 1989,USA,10,,"Lexington, KY (USA) (i)",25 FEB 2012,0
713,9:37.33,,Grace HEYMSFIELD,24 MAR 1992,USA,1f1,,"New York, NY (USA) (i)",04 FEB 2012,1004
714,9:37.39,,Svetlana RYAZANTSEVA,28 NOV 1992,RUS,7,,Saransk (RUS) (i),02 MAR 2012,1003
715,9:37.66,,Tori PERRI,,USA,1,,"University Park, PA (USA) (i)",15 DEC 2012,1003
716,9:37.68,,Caitlin ENGEL,15 OCT 1989,USA,11,,"Lincoln, NE (USA) (i)",24 FEB 2012,1003
717,9:37.70,,Katie HAINES,26 AUG 1989,USA,9,,"Geneva, OH (USA) (i)",11 FEB 2012,0
718,9:37.73,,María Luisa LARRAGA,10 DEC 1970,ESP,5,,Valencia (ESP) (i),28 JAN 2012,1002
718,9:37.73,,Ari GARBER,,USA,7,,"Ithaca, NY (USA) (i)",26 FEB 2012,1002
718,9:37.73,,Audrey HUTH,05 JUN 1991,USA,1,,"Milwaukee, WI (USA)",28 APR 2012,983
721,9:37.78,,Rebecca ADDISON,28 MAY 1991,USA,1,,"Lincoln, NE (USA) (i)",28 JAN 2012,1002
722,9:37.86,,Sophie CHASE,15 NOV 1994,USA,1,,"Philadelphia, PA (USA)",26 APR 2012,982
723,9:37.87,,Runa Skrove FALCH,23 JUN 1990,NOR,1,,"Mankato, MN (USA) (i)",08 DEC 2012,1002
724,9:37.90,,Maryna DAMANTSEVICH,10 FEB 1984,BLR,6,,Mogilyov (BLR) (i),11 FEB 2012,1002
725,9:37.95,,Élodie OLIVARÈS,22 MAY 1976,FRA,2,,Aix-les-Bains (FRA),20 MAY 2012,982
726,9:38.00,,Natalya TSITSORYNA,26 OCT 1979,BLR,7,,Mogilyov (BLR) (i),11 FEB 2012,1002
727,9:38.01,,Shannon OSIKA,15 JUN 1993,USA,2,,"Lincoln, NE (USA) (i)",28 JAN 2012,1001
727,9:38.01,,Maya REHBERG,28 APR 1994,GER,1,,Mönchengladbach (GER),22 JUL 2012,982
729,9:38.03,,Paige GRAHAM,08 AUG 1989,AUS,5f1,,Sydney (AUS),10 NOV 2012,982
730,9:38.11,,Dena O'BRIEN,07 MAR 1992,USA,1f2,,"Birmingham, AL (USA) (i)",23 FEB 2012,1001
731,9:38.18,,Chelsea BLANCHARD,14 MAR 1990,USA,6,,"Bloomington, IN (USA) (i)",20 JAN 2012,1001
732,9:38.20,,Liana EPSTEIN,,USA,1,,"Cambridge, MA (USA)",14 APR 2012,981
733,9:38.22,,Tetyana VERNIGOR,23 JAN 1983,UKR,7f2,,Sumy (UKR) (i),18 FEB 2012,1001
734,9:38.23,,Alex CLAY,02 SEP 1995,GBR,1,,Ashford (GBR),21 JUL 2012,981
735,9:38.24,,Bronwen OWEN,21 JAN 1997,GBR,3,,London (GBR),09 MAY 2012,981
736,9:38.26,,Rosa FLANAGAN,28 FEB 1996,NZL,1,,Dunedin (NZL),09 DEC 2012,981
737,9:38.29,,Alena BERESTNEVA,07 JUN 1985,BLR,4,,Gomel (BLR) (i),27 JAN 2012,1001
738,9:38.33,,Catherine CORMIER,08 JAN 1987,CAN,1,,Montréal (CAN) (i),18 FEB 2012,1000
739,9:38.35,,Luyao CAO,25 FEB 1995,CHN,2,,Yantai (CHN),13 JUL 2012,981
740,9:38.36,,Megan RANEGAR,20 JUN 1990,USA,2,,"Iowa City, IA (USA)",21 APR 2012,981
741,9:38.37,,Katie MORACZEWSKI,28 JAN 1991,USA,9,,"South Bend, IN (USA) (i)",04 FEB 2012,0
742,9:38.39,,Roselyndah DOMONGOLE,,KEN,,,Kampala (UGA),05 MAY 2012,981
743,9:38.44,,Kanako UESUGI,,JPN,3,,Chiba (JPN),20 MAY 2012,980
744,9:38.45,,Natalie PICCHETTI,05 FEB 1986,USA,15f3,,"Seattle, WA (USA) (i)",28 JAN 2012,0
745,9:38.49,,Lindsey RAYMOND,,USA,8,,"Ithaca, NY (USA) (i)",26 FEB 2012,1000
746,9:38.51,,Brielle CHABOT,,USA,3,,"Cambridge, MA (USA) (i)",19 FEB 2012,1000
747,9:38.54,,Zhuang LIU,18 JAN 1995,CHN,3,,Yantai (CHN),13 JUL 2012,980
748,9:38.55,,Margaret CONNELLY,,USA,7,,"Philadelphia, PA (USA)",06 MAY 2012,980
749,9:38.57,,Claire MICHEL,13 OCT 1988,USA,1,,Huizingen (BEL),28 JUL 2012,980
750,9:38.58,,Lavinia HAITOPE,03 MAR 1990,NAM,2,,Potchefstroom (RSA),24 MAR 2012,980
751,9:38.70,,Charlotte ARTER,18 JUN 1991,GBR,2,,Cardiff (GBR) (i),29 JAN 2012,999
752,9:38.73,,Merel VAN STEENBERGEN,1992,NED,8f2,,"Seattle, WA (USA) (i)",03 MAR 2012,0
753,9:38.76,,Amelia MAZZA-DOWNIE,03 SEP 1999,AUS,2f2,,Melbourne (AUS),20 DEC 2012,979
754,9:38.77,,Raquel HEFFLINE,1992,USA,1f2,,"Seattle, WA (USA) (i)",28 JAN 2012,0
754,9:38.77,,Alexandra LEPTICH,02 MAR 1992,USA,10,,"Geneva, OH (USA) (i)",11 FEB 2012,0
756,9:38.84,,Agnes SJÖSTRÖM,23 MAR 1994,SWE,2,,Växjö (SWE),18 AUG 2012,979
757,9:38.85,,Christina BUS HOLTH,22 APR 1980,NOR,2,,Steinkjer (NOR) (i),11 FEB 2012,999
758,9:38.88,,Isabell-Sophie TEEGEN,16 SEP 1993,GER,2,,Mönchengladbach (GER),22 JUL 2012,979
759,9:38.92,,Sarah HUDAK,18 FEB 1990,GBR,1f1,,"Birmingham, AL (USA) (i)",26 JAN 2012,999
759,9:38.92,,Kyla CHAPMAN,01 SEP 1988,USA,8f3,,"Ames, IA (USA) (i)",11 FEB 2012,0
761,9:38.94,,Federica BEVILACQUA,11 JAN 1991,ITA,2,,Rovereto (ITA),04 SEP 2012,979
762,9:38.96,,Elena MOAGĂ,11 NOV 1986,ROU,1,,Bucureşti (ROU) (i),04 FEB 2012,998
763,9:39.00,,Stephanie PRICE,30 JUL 1989,USA,10,,"South Bend, IN (USA) (i)",04 FEB 2012,0
764,9:39.06,,Junna FUJII,21 MAY 1995,JPN,9,,Hiroshima (JPN),28 APR 2012,978
765,9:39.07,,Ursula GATZWEILER,11 DEC 1988,GER,1,,Bergisch Gladbach (GER),16 AUG 2012,978
766,9:39.10,,Valeriya MARA,22 FEB 1983,UKR,8f2,,Sumy (UKR) (i),18 FEB 2012,998
767,9:39.18,,Sara DIETZ,22 JUL 1990,USA,1,,"Murfreesboro, TN (USA) (i)",26 FEB 2012,0
768,9:39.23,,Maddie DAVIDSON,31 JUL 1992,CAN,11,,"South Bend, IN (USA) (i)",04 FEB 2012,0
769,9:39.30,,Hannah PENSACK-RINEHART,05 MAY 1990,USA,2,,"Lincoln, NE (USA) (i)",03 FEB 2012,997
769,9:39.30,,Matea MATOŠEVIĆ,14 MAR 1989,CRO,1,,Rijeka (CRO),22 JUL 2012,978
771,9:39.31,,Jodi SOUTER,1988,CAN,3,,Winnipeg (CAN) (i),09 MAR 2012,997
772,9:39.35,,Tessa POTEZNY,18 MAY 1994,AUS,,,Karlsruhe (GER),30 JUN 2012,978
773,9:39.36,,Elinor KIRK,26 APR 1989,GBR,2,,"Birmingham, AL (USA) (i)",01 DEC 2012,997
774,9:39.38,,Yingnan FANG,24 JAN 1995,CHN,4,,Yantai (CHN),13 JUL 2012,977
775,9:39.43,,Suejin AHN,,USA,9f2,,"Boston, MA (USA) (i)",25 FEB 2012,997
776,9:39.46,,Nicky AKANDE,10 JUL 1992,USA,7,,"New York, NY (USA) (i)",04 FEB 2012,997
777,9:39.47,,Kristine HELLE,29 MAR 1994,NOR,3,,Steinkjer (NOR) (i),11 FEB 2012,997
777,9:39.47,,Tian WANG,15 MAR 1995,CHN,5,,Yantai (CHN),13 JUL 2012,977
779,9:39.50,,Rosa MORIELLO,09 JUL 1992,USA,3f2,,"Boston, MA (USA) (i)",18 FEB 2012,997
779,9:39.50,,Maiko OKUNO,30 AUG 1995,JPN,10,,Hiroshima (JPN),28 APR 2012,977
781,9:39.55,,Katie JAZWINSKI,21 DEC 1979,USA,3,,"Allendale, MI (USA) (i)",20 JAN 2012,0
782,9:39.59,,Laurane PICOCHE,17 JUL 1985,FRA,1,,Remiremont (FRA),05 MAY 2012,977
783,9:39.64,,Logan WAITES,,USA,2,,"Birmingham, AL (USA) (i)",14 JAN 2012,996
784,9:39.67,,Saki OCHIAI,01 AUG 1995,JPN,19,,Gifu (JPN),09 OCT 2012,977
785,9:39.80,,Elizabeth MARVIN,,USA,5,,"Princeton, NJ (USA)",11 MAY 2012,976
786,9:39.93,,Alessandra SEGHEZZI,1979,ITA,2,,Gavardo (ITA),27 MAY 2012,976
787,9:39.96,,Megan WESCHLER,28 DEC 1991,USA,11,,"Geneva, OH (USA) (i)",11 FEB 2012,0
788,9:40.07,,Sarah DEUBLE,1992,AUS,1,,Brisbane (AUS),11 FEB 2012,975
788,9:40.07,,Ayumi GOTO,07 APR 1988,JPN,3,,Hiroshima (JPN),20 MAY 2012,975
790,9:40.09,,Jannika JOHN,26 DEC 1992,GER,5,,Karlsruhe (GER) (i),25 FEB 2012,995
791,9:40.11,,Tamara CARVOLTH,17 JUL 1990,AUS,2f1,,Brisbane (AUS),09 MAR 2012,975
792,9:40.13,,Svetlana PRÉTOT,03 JUL 1971,FRA,2,,"Tomblaine, Nancy (FRA)",20 MAY 2012,975
792,9:40.13,,Jessica LONSDALE,26 JUN 1995,GBR,5,,Loughborough (GBR),20 MAY 2012,975
794,9:40.14,,Gabi ANZALONE,1993,USA,1,,"Madison, WI (USA) (i)",21 JAN 2012,995
795,9:40.18,,Erin DROMGOOLE,03 SEP 1979,USA,4f2,,"Boston, MA (USA) (i)",10 FEB 2012,995
796,9:40.23,,Lydia WILLEMSE,25 APR 1986,CAN,12,,"Geneva, OH (USA) (i)",11 FEB 2012,0
797,9:40.24,,Moe KYUMA,20 DEC 1993,JPN,4,,Colombo (SRI),12 JUN 2012,975
798,9:40.26,,Ryo IZUMINE,22 SEP 1987,JPN,4,,Yokohama (JPN),22 DEC 2012,975
799,9:40.31,,Rebecca PIETERSON,1990,CAN,12,,"South Bend, IN (USA) (i)",04 FEB 2012,0
800,9:40.33,,Karen ROA,05 JUL 1990,USA,5f2,,"Boston, MA (USA) (i)",10 FEB 2012,994
800,9:40.33,,Fabienne SCHLUMPF,17 NOV 1990,SUI,1,,Langenthal (SUI),17 MAY 2012,974
802,9:40.35,,Silvia LA BARBERA,27 AUG 1984,ITA,2,,Misterbianco (ITA),27 JUN 2012,974
803,9:40.39,,Alice MOGIRE,27 MAY 1987,KEN,3,,Luanda (ANG),02 JAN 2012,974
804,9:40.42,,Mira TUOMINEN,01 DEC 1981,FIN,8,,Mustasaari (FIN) (i),07 FEB 2012,0
805,9:40.49,,Marina KOVALYOVA,19 AUG 1984,RUS,3,,Omsk (RUS) (i),21 JAN 2012,994
806,9:40.52,,Imogen AINSWORTH,24 JUL 1988,GBR,3f3,,"Seattle, WA (USA) (i)",11 FEB 2012,0
807,9:40.54,,Chelsi WOODRUFF,26 SEP 1991,USA,13,,"Geneva, OH (USA) (i)",11 FEB 2012,0
808,9:40.58,,Hélene GUET,14 JAN 1985,FRA,1,,Moirans (FRA),20 MAY 2012,974
809,9:40.59,,Kristen SMITH,17 FEB 1991,USA,1,,"Nashville, TN (USA)",24 MAR 2012,974
810,9:40.62,,Teran MIXON,02 AUG 1989,USA,2,,"Fayetteville, AR (USA) (i)",28 JAN 2012,993
811,9:40.65,,Sammy DOW,09 NOV 1990,USA,14,,"Geneva, OH (USA) (i)",11 FEB 2012,0
811,9:40.65,,Erin CAWLEY,13 FEB 1991,USA,15,,"Geneva, OH (USA) (i)",11 FEB 2012,0
813,9:40.75,,Lisanne WEVER,21 DEC 1991,NED,10,,Leiden (NED),09 JUN 2012,973
813,9:40.75,,Kana TAJIMA,1996,JPN,5,,Yokohama (JPN),22 DEC 2012,973
815,9:40.77,,Elpida CHRISTODOULIDOU,11 NOV 1986,CYP,3,,Patra (GRE),07 JUL 2012,973
816,9:40.80,,Kendra LOBLEY,,USA,2,,"Nashville, TN (USA)",24 MAR 2012,973
817,9:40.82,,Elena Adelina PANAET,05 JUN 1993,ROU,2,,Bucureşti (ROU) (i),04 FEB 2012,992
818,9:40.83,,Saki TAKAHASHI,,JPN,12,,Fukuoka (JPN),22 SEP 2012,973
819,9:40.92,,Aline KREBS,05 SEP 1988,GER,1,,Saarbrücken (GER),11 MAY 2012,973
820,9:40.95,,Mel NEWBERY,28 AUG 1991,GBR,1,,"Princeton, NJ (USA) (i)",14 JAN 2012,992
820,9:40.95,,Catrina MCALISTER,21 AUG 1993,USA,2f1,,"Seattle, WA (USA) (i)",25 FEB 2012,0
820,9:40.95,,Lexie GOLDSMITH,,USA,1,,"Chicago, IL (USA)",31 MAR 2012,973
820,9:40.95,,Sonia PLAZA,08 APR 1981,ESP,1,,Arganda del Rey (ESP),27 JUN 2012,973
824,9:41.00,,Martina BARINOVÁ,28 JAN 1990,CZE,3,,"Lincoln, NE (USA) (i)",03 FEB 2012,992
825,9:41.02,,Marta ESTEBAN POVEDA,06 NOV 1982,ESP,1,,Eibar (ESP),02 JUN 2012,972
826,9:41.09,,Karoline SKATTEBOE,28 JUL 1993,NOR,7,,Oslo (NOR),24 MAY 2012,972
827,9:41.17,,Darya BARYSEVICH,06 APR 1990,BLR,1,,Minsk (BLR) (i),18 JAN 2012,991
828,9:41.19,,Natalya LOGUTENKOVA,12 FEB 1990,RUS,8,,Saransk (RUS) (i),02 MAR 2012,991
829,9:41.20,,Heather GARCIA,11 NOV 1989,USA,10f2,,"Boston, MA (USA) (i)",25 FEB 2012,991
829,9:41.20,,Katja GOLDRING,11 AUG 1990,USA,2,,"Los Angeles, CA (USA)",31 MAR 2012,972
831,9:41.24,,Yoni NINAHUAMAN UMIYAURI,20 JUL 1990,PER,1,,Lima (PER),27 MAY 2012,972
832,9:41.30,,Kerry HARTMAN,24 NOV 1989,USA,16,,"Geneva, OH (USA) (i)",11 FEB 2012,0
833,9:41.33,,Jennifer KLUGH,,USA,6,,"Princeton, NJ (USA)",11 MAY 2012,971
834,9:41.35,,Tara PALM,28 JUL 1985,AUS,1,,Adelaide (AUS),08 DEC 2012,971
835,9:41.37,,Anne LUIJTEN,04 APR 1994,NED,11,,Leiden (NED),09 JUN 2012,971
836,9:41.42,,Rebekah MACKAY,02 SEP 1988,USA,15,,"New York, NY (USA) (i)",02 MAR 2012,991
837,9:41.44,,Emily LOEFFLER,1986,USA,5f1,,"Houston, TX (USA) (i)",28 JAN 2012,990
837,9:41.44,,Yelena ZHILKINA,04 MAY 1990,RUS,9,,Saransk (RUS) (i),02 MAR 2012,990
839,9:41.45,,María de los Angeles PERALTA,30 NOV 1977,ARG,1,,Mar del Plata (ARG),06 MAY 2012,971
840,9:41.47,,Charlotta FOUGBERG,19 JUN 1985,SWE,5,,Steinkjer (NOR) (i),11 FEB 2012,990
841,9:41.54,,Anne CAREY,1994,USA,3,,"New York, NY (USA) (i)",11 FEB 2012,990
841,9:41.54,,Samantha PRIME,21 DEC 1995,AUS,3f2,,Melbourne (AUS),20 DEC 2012,971
843,9:41.62,,Allison WOODWARD,14 JAN 1993,USA,3f1,,"Eugene, OR (USA)",18 MAR 2012,970
844,9:41.70,,Dominique SCOTT,24 JUN 1992,RSA,2,,"Fayetteville, AR (USA) (i)",11 FEB 2012,990
845,9:41.72,,Amanda DUNNE,,USA,2,,"Ames, IA (USA) (i)",03 MAR 2012,0
846,9:41.73,,Hollie ROWLAND,28 SEP 1988,GBR,4,,"New York, NY (USA) (i)",14 JAN 2012,990
847,9:41.75,,Cristina SIMION,20 NOV 1991,ROU,3,,Bucureşti (ROU) (i),04 FEB 2012,989
848,9:41.81,,Liliana Maria DRAGOMIR,18 JUN 1990,ROU,1,,Bucureşti (ROU) (i),28 JAN 2012,989
849,9:41.84,,Clare BUCK,,USA,8,,"New York, NY (USA) (i)",04 FEB 2012,989
850,9:41.85,,Misaki EGUCHI,30 MAY 1995,JPN,13,,Hiroshima (JPN),28 APR 2012,970
850,9:41.85,,Yuki NAKAMURA,11 JAN 1995,JPN,20,,Gifu (JPN),09 OCT 2012,970
852,9:41.92,,Lauren SMITH,,USA,6f1,,"Houston, TX (USA) (i)",28 JAN 2012,989
853,9:41.93,,Katie SULLIVAN,,USA,6f2,,"Boston, MA (USA) (i)",10 FEB 2012,989
853,9:41.93,,Kim QUINN,1991,USA,9f2,,"Seattle, WA (USA) (i)",03 MAR 2012,0
855,9:41.97,,Ellen JUNEWICK,,USA,13,,"Lincoln, NE (USA) (i)",24 FEB 2012,989
856,9:42.04,,Allison CLEAVER,18 AUG 1988,USA,7f1,,"Houston, TX (USA) (i)",28 JAN 2012,989
857,9:42.07,,Victoria GERLACH,02 JUN 1994,USA,2,,"University Park, PA (USA) (i)",15 DEC 2012,988
858,9:42.10,,Abbie BENSON,18 NOV 1993,USA,3,,"University Park, PA (USA) (i)",15 DEC 2012,988
859,9:42.14,,Selien DE SCHRYDER,10 NOV 1986,BEL,3,,Saint-Mard (BEL),12 MAY 2012,969
860,9:42.15,,Andreia SANTOS,17 MAY 1985,POR,3,,Pombal (POR) (i),12 FEB 2012,988
861,9:42.16,,Shaina SUMNEY,,USA,13,,"South Bend, IN (USA) (i)",04 FEB 2012,0
861,9:42.16,,Volha REZKAYA,02 NOV 1986,BLR,2,,Gomel (BLR) (i),20 FEB 2012,988
863,9:42.24,,Katie CONLON,28 MAR 1990,USA,2,,"Eugene, OR (USA)",05 MAY 2012,968
864,9:42.27,,Kauren TARVER,16 MAY 1990,USA,3f1,,"Seattle, WA (USA) (i)",25 FEB 2012,0
864,9:42.27,,Veronica PATERLINI,14 APR 1985,ITA,6f1,,Trento (ITA),07 AUG 2012,968
866,9:42.29,,Natasha COCKRAM,12 NOV 1992,GBR,5,,"Birmingham, AL (USA) (i)",26 FEB 2012,988
867,9:42.33,,Květoslava PECKOVÁ,16 SEP 1985,CZE,2,,Praha (CZE),05 JUN 2012,968
868,9:42.35,,Nicole Svetlana REINA,25 SEP 1997,ITA,1,,Chiasso (SUI),25 AUG 2012,968
869,9:42.38,,Nancy KATHURE,1994,KEN,6,,Nairobi (KEN),09 JUN 2012,968
870,9:42.39,,Amanda TRUELOVE,11 JUN 1990,CAN,2f1,,"New York, NY (USA) (i)",04 FEB 2012,987
871,9:42.40,,Bronwyn CROSSMAN,26 OCT 1989,USA,14f2,,"Seattle, WA (USA) (i)",25 FEB 2012,0
871,9:42.40,,Rino OZAKI,04 JUN 1992,JPN,13,,Fukuoka (JPN),22 SEP 2012,968
873,9:42.43,,Monika JUODSKAITĖ,03 OCT 1991,LTU,1,,Kaunas (LTU),03 JUN 2012,968
873,9:42.43,,Emine Hatun TUNA,07 DEC 1995,TUR,1,,Eskisehir (TUR),24 JUN 2012,968
875,9:42.49,,Megan JENKINS,09 SEP 1987,USA,8f1,,"Houston, TX (USA) (i)",28 JAN 2012,987
875,9:42.49,,Sara GALIMBERTI,12 DEC 1991,ITA,4,,Gavardo (ITA),27 MAY 2012,968
877,9:42.60,,Kris PAASO,01 DEC 1971,USA,1,,"Portland, OR (USA)",09 JUN 2012,967
878,9:42.63,,Meredith MACGREGOR,10 MAR 1985,CAN,18,,"Geneva, OH (USA) (i)",11 FEB 2012,0
879,9:42.67,,Allison LASNICKI,02 SEP 1992,USA,2f2,,"New York, NY (USA) (i)",20 JAN 2012,987
880,9:42.72,,Mary Kate ANSELMINI,22 APR 1993,USA,5f3,,"Seattle, WA (USA) (i)",11 FEB 2012,0
881,9:42.81,,Kristin SWISHER,16 JUN 1983,USA,1,,"Fairfax, VA (USA)",17 MAR 2012,967
882,9:42.82,,Yongqin GE,17 FEB 1994,CHN,6,,Changzhou (CHN),20 APR 2012,967
883,9:42.90,,Kristin BRONDBO,1988,NOR,2,,"Mankato, MN (USA) (i)",08 DEC 2012,986
884,9:42.94,,Alessia PISTILLI,01 FEB 1991,ITA,1,,Rieti (ITA),07 OCT 2012,966
885,9:42.97,,Victoria MARTINEZ,,USA,3f2,,"Seattle, WA (USA) (i)",28 JAN 2012,0
885,9:42.97,,Hannah CHRISTEN,11 MAR 1996,USA,3,,"Philadelphia, PA (USA)",26 APR 2012,966
887,9:43.02,,Erin MENEFEE,27 MAY 1992,USA,4f1,,"Seattle, WA (USA) (i)",25 FEB 2012,0
888,9:43.05,,Sarah RAPP,09 MAR 1993,USA,19,,"Geneva, OH (USA) (i)",11 FEB 2012,0
889,9:43.06,,Samantha WALKOW,07 OCT 1991,CAN,9f3,,"Ames, IA (USA) (i)",11 FEB 2012,0
890,9:43.16,,Sara BROGIATO,19 MAR 1990,ITA,4,,Rovereto (ITA),04 SEP 2012,966
891,9:43.27,,Sarah BARRY,,USA,8,,"Philadelphia, PA (USA)",06 MAY 2012,965
891,9:43.27,,Xiaoxi ZHONG,28 FEB 1995,CHN,6,,Yantai (CHN),13 JUL 2012,965
893,9:43.32,,Marion JOLY TESTAULT,17 JUL 1991,FRA,4,,"New York, NY (USA) (i)",11 FEB 2012,984
894,9:43.34,,Lily PARTRIDGE,09 MAR 1991,GBR,4,,Stretford (GBR),07 JUL 2012,965
895,9:43.37,,Racheal BAMFORD,04 AUG 1989,GBR,1,,Hull (GBR),22 APR 2012,965
896,9:43.42,,Marta SILVESTRE,04 APR 1982,ESP,1,,Móstoles (ESP),26 MAY 2012,965
897,9:43.44,,Meredith WAGNER,,USA,2,,"Lexington, KY (USA) (i)",28 JAN 2012,0
898,9:43.47,,Jacqueline FAIRCHILD,03 MAY 1989,GBR,1,,Hendon (GBR),30 JUN 2012,965
899,9:43.49,,Stephanie BULDER,29 APR 1993,USA,5f1,,"Seattle, WA (USA) (i)",25 FEB 2012,0
900,9:43.51,,Kristine LOZOYA,,USA,3,,"Sacramento, CA (USA)",27 APR 2012,964
901,9:43.54,,Tamara SANFABIO,14 MAR 1978,ESP,7,,Barcelona (ESP),16 JUN 2012,964
902,9:43.61,,Abby LEVENE,02 FEB 1991,USA,1,,"New York, NY (USA) (i)",28 JAN 2012,984
902,9:43.61,,Nuria LUGUEROS,09 APR 1988,ESP,2,,Valladolid (ESP),02 JUN 2012,964
904,9:43.63,,Natalia WACLAWSKA,09 APR 1991,POL,1,,Kraków (POL),08 SEP 2012,964
905,9:43.65,,Kate HOLT,07 SEP 1992,GBR,1,,Stoke (GBR),21 APR 2012,964
905,9:43.65,,Laura STEEL,18 JAN 1990,USA,9,,"Philadelphia, PA (USA)",06 MAY 2012,964
907,9:43.67,,Laura PAULSEN,29 MAR 1989,USA,1f1,,"Blacksburg, VA (USA) (i)",18 FEB 2012,983
908,9:43.68,,Erika OLIVEIRA LIMA,13 AUG 1993,BRA,4,,Barquisimeto (VEN),08 JUN 2012,964
909,9:43.71,,Jamie VAN LIESHOUT,12 JUL 1991,NED,4,,Utrecht (NED),04 MAY 2012,964
910,9:43.72,,Kailyn KUZMUK,,USA,2,,"New York, NY (USA) (i)",28 JAN 2012,983
911,9:43.73,,Shelby HAYES,21 APR 1992,USA,4,,"Birmingham, AL (USA) (i)",14 JAN 2012,983
911,9:43.73,,Miki YAMASHITA,,JPN,14,,Hiroshima (JPN),28 APR 2012,964
913,9:43.74,,Sarah PEASE,09 NOV 1987,USA,8,,"Bloomington, IN (USA) (i)",20 JAN 2012,983
913,9:43.74,,Macy BRICKS,,USA,16f2,,"Seattle, WA (USA) (i)",25 FEB 2012,0
915,9:43.77,,Lucy KAPKIAI,,USA,2,,"Murfreesboro, TN (USA) (i)",26 FEB 2012,0
916,9:43.80,,Kate BROWN,28 OCT 1990,GBR,2,,Sheffield (GBR) (i),26 FEB 2012,983
917,9:43.84,,Emily PLUCK,07 JUL 1990,AUS,1,,Canberra (AUS),02 NOV 2012,963
918,9:43.85,,Jennifer DUNN,13 JUL 1990,USA,2,,"Birmingham, AL (USA) (i)",03 MAR 2012,983
919,9:43.87,,Elina LINDGREN,27 NOV 1983,FIN,1,,Pudasjärvi (FIN),21 JUN 2012,963
920,9:43.92,,Miriam ORTIZ RIBAS,09 SEP 1984,ESP,4,,Castellón (ESP),02 JUN 2012,963
921,9:43.97,,Marta GALIMANY,05 OCT 1985,ESP,1,,Sabadell (ESP) (i),23 DEC 2012,982
922,9:44.0h,,Cassie THORP,27 NOV 1987,GBR,2,,Bedford (GBR),28 JUL 2012,963
923,9:44.01,,Susannah HURST,27 JUL 1993,USA,6f1,,"Seattle, WA (USA) (i)",25 FEB 2012,0
924,9:44.03,,Nina CHYDENIUS,28 JAN 1990,FIN,9,,Mustasaari (FIN) (i),07 FEB 2012,0
925,9:44.06,,Mallory ANDERSON,,USA,5,,"New York, NY (USA) (i)",11 FEB 2012,982
926,9:44.08,,Laura DOCHERTY,19 AUG 1991,USA,1f1,,"Fayetteville, AR (USA)",31 MAR 2012,963
927,9:44.10,,Yujie WANG,01 FEB 1994,CHN,7,,Changzhou (CHN),20 APR 2012,963
928,9:44.11,,Rebecca MURRAY,26 SEP 1994,GBR,2,,Gateshead (GBR),07 JUL 2012,963
928,9:44.11,,Dominika NAPIERAJ,12 DEC 1991,POL,2,,Kraków (POL),08 SEP 2012,963
930,9:44.13,,Izabela TRZASKALSKA,09 JAN 1988,POL,3,,Kraków (POL),08 SEP 2012,963
931,9:44.14,,Estela NAVASCUES,03 FEB 1981,ESP,1,,Zaragoza (ESP),19 MAY 2012,963
932,9:44.17,,Jana SOETHOUT,28 DEC 1989,GER,2,,Fürth (GER) (i),21 JAN 2012,982
933,9:44.20,,Alice ROCQUAIN,02 SEP 1987,FRA,1,,Antony (FRA),01 MAY 2012,962
934,9:44.29,,Yekaterina ROGOZINA,21 DEC 1989,RUS,4,,Moskva (RUS) (i),21 DEC 2012,981
935,9:44.31,,Lauryn MACFAWN,,USA,18,,"New York, NY (USA) (i)",02 MAR 2012,981
936,9:44.33,,Eri HIRAYAMA,,JPN,21,,Gifu (JPN),09 OCT 2012,962
937,9:44.38,,Amanda HAMILTON,,USA,2f2,,"Birmingham, AL (USA) (i)",23 FEB 2012,981
938,9:44.39,,Florencia BORELLI,30 OCT 1992,ARG,1,,Rosario (ARG),16 SEP 2012,962
939,9:44.41,,Carolina ROBLES,04 DEC 1991,ESP,2,,Antequera (ESP) (i),07 JAN 2012,981
940,9:44.43,,Kendra SCHAAF,02 APR 1990,CAN,1,,"Chapel Hill, NC (USA) (i)",18 FEB 2012,981
941,9:44.46,,Lindsay PRESCOTT,25 SEP 1989,USA,7f1,,"Seattle, WA (USA) (i)",25 FEB 2012,0
942,9:44.50,,Grace BAKER,11 FEB 1996,GBR,4,,"Alexander Stadium, Birmingham (GBR)",26 AUG 2012,961
943,9:44.51,,Ulrika FLODIN,09 FEB 1975,SWE,1,,Stockholm (SWE),26 JUN 2012,961
943,9:44.51,,Jeannette FABER,28 APR 1982,USA,3,,"Allendale, MI (USA) (i)",14 DEC 2012,0
945,9:44.58,,Rachel DRAKE,11 JUN 1991,USA,4,,"Minneapolis, MN (USA) (i)",21 JAN 2012,980
946,9:44.64,,Teodora SIMOVIĆ,27 OCT 1993,SRB,,,Eskisehir (TUR),21 JUL 2012,961
947,9:44.65,,Mary Grace PELLEGRINI,13 SEP 1989,USA,20,,"Geneva, OH (USA) (i)",11 FEB 2012,0
947,9:44.65,,Sarah LAHTI,18 FEB 1995,SWE,1,,Växjö (SWE),23 SEP 2012,961
949,9:44.70,,Karinna FYFE,10 FEB 1989,AUS,4f2,,Melbourne (AUS),20 DEC 2012,961
950,9:44.72,,Megan LACY,20 FEB 1994,USA,4,,"Philadelphia, PA (USA)",26 APR 2012,961
951,9:44.75,,Şeyma YILDIZ,09 SEP 1987,TUR,1,,Izmir (TUR),06 JUL 2012,961
952,9:44.77,,Melissa SALERNO,22 NOV 1986,USA,1,,"New York, NY (USA) (i)",06 JAN 2012,980
952,9:44.77,,Michelle FINN,16 DEC 1989,IRL,3,,"Murfreesboro, TN (USA) (i)",26 FEB 2012,0
954,9:44.79,,Julia OTWELL,12 DEC 1991,USA,18,,"Lincoln, NE (USA) (i)",24 FEB 2012,980
955,9:44.81,,Yuka KOGA,04 OCT 1993,JPN,14,,Fukuoka (JPN),22 SEP 2012,960
956,9:44.87,,Rehima JEWAR SERRO,10 OCT 1990,ETH,2,,Arganda del Rey (ESP),27 JUN 2012,960
957,9:45.0h,,Amy MELLOR,06 JUL 1994,GBR,1,,Nottingham (GBR),12 MAY 2012,960
958,9:45.04,,Courtney BOUCHET,28 MAY 1991,USA,1f2,,"Seattle, WA (USA) (i)",11 FEB 2012,0
959,9:45.14,,Naoko AKUTSU,05 JUL 1994,JPN,22,,Gifu (JPN),09 OCT 2012,959
960,9:45.22,,Solange JESUS,07 JAN 1987,POR,2,,Pombal (POR) (i),28 JAN 2012,978
961,9:45.23,,Lyndy DAVIS,26 JAN 1990,USA,10f2,,"Seattle, WA (USA) (i)",03 MAR 2012,0
962,9:45.26,,Irene PELAYO,16 FEB 1980,ESP,2,,Zaragoza (ESP),28 APR 2012,959
963,9:45.37,,Theresa DEVINE,,USA,2,,"Cambridge, MA (USA) (i)",11 FEB 2012,978
964,9:45.39,,Marlin VAN HAL,09 MAY 1993,NED,2,,Utrecht (NED),04 MAY 2012,959
965,9:45.4h,,Miranda HEATHCOTE,18 SEP 1972,GBR,2,,Carn Brea (GBR),19 AUG 2012,959
966,9:45.44,,Lindsey GRAYBILL,25 JUN 1991,USA,2f2,,"Seattle, WA (USA) (i)",11 FEB 2012,0
967,9:45.46,,Laura KENNEDY,21 JUL 1982,USA,8f2,,"Boston, MA (USA) (i)",10 FEB 2012,978
967,9:45.46,,Erica DIGBY,23 APR 1989,CAN,2,,"Nampa, ID (USA) (i)",25 FEB 2012,978
969,9:45.48,,Severine HAMEL,18 MAY 1978,FRA,1,,Coulaines (FRA),06 MAY 2012,958
970,9:45.51,,Anastasiya PUZAKOVA,12 DEC 1993,BLR,1,,Brest (BLR),30 MAY 2012,958
971,9:45.53,,Katarina SKRÄDDAR,06 AUG 1984,FIN,5,,Tampere (FIN) (i),19 FEB 2012,0
972,9:45.55,,Emily LIGGETT,,USA,11,,"Philadelphia, PA (USA)",26 APR 2012,958
973,9:45.59,,Sayaka MURAKAMI,21 FEB 1994,JPN,15,,Fukuoka (JPN),22 SEP 2012,958
974,9:45.6h,,Emma MACREADY,14 NOV 1980,GBR,1,,Eton (GBR),04 JUL 2012,958
975,9:45.67,,Dylan HASSETT,19 MAY 1993,USA,3,,"Newport News, VA (USA) (i)",08 DEC 2012,977
976,9:45.68,,Momoko HORIGUCHI,,JPN,23,,Gifu (JPN),09 OCT 2012,958
977,9:45.71,,Lyubov SINITSYNA,23 JAN 1988,RUS,4,,Moskva (RUS),14 MAY 2012,958
978,9:45.75,,Anna KAZAKOVA,1988,RUS,1,,St. Petersburg (RUS) (i),28 DEC 2012,977
979,9:45.76,,Katherine WALKER,,USA,11,,"University Park, PA (USA) (i)",28 JAN 2012,977
980,9:45.82,,Laura HOTTENROTT,14 MAY 1992,GER,11f2,,"Seattle, WA (USA) (i)",03 MAR 2012,0
981,9:45.87,,Kira GARRY,04 MAR 1993,USA,1f1,,"Boston, MA (USA) (i)",03 MAR 2012,976
982,9:45.91,,India LEE,31 MAY 1988,GBR,8f3,,"Ames, IA (USA) (i)",28 JAN 2012,0
983,9:45.97,,Kristina AUBERT,,USA,2,,"Bloomington, IN (USA) (i)",10 FEB 2012,976
984,9:45.98,,Chloe TRELEVEN,,USA,1,,"Berkeley, CA (USA)",03 MAR 2012,957
985,9:46.09,,Kelly DAWSON,,USA,3,,"Fayetteville, AR (USA) (i)",28 JAN 2012,976
986,9:46.12,,Rena WILLIAMS-CHESSER,17 MAY 1983,USA,3f1,,"Blacksburg, VA (USA) (i)",18 FEB 2012,976
987,9:46.14,,Victoria COATES,20 AUG 1991,CAN,4,,Winnipeg (CAN) (i),09 MAR 2012,975
988,9:46.17,,Rebekah SMELTZER,18 JUN 1989,USA,3,,"South Bend, IN (USA) (i)",21 JAN 2012,0
989,9:46.18,,Xia HOU,05 JAN 1994,CHN,8,,Changzhou (CHN),20 APR 2012,956
990,9:46.24,,Theresa SELESTOW,,USA,2,,"Madison, WI (USA)",05 MAY 2012,956
991,9:46.25,,Yevdokiya BUKINA,10 FEB 1993,RUS,1,,Krasnodar (RUS),19 MAY 2012,956
991,9:46.25,,Laura GENT,14 FEB 1995,GBR,3,,Gateshead (GBR),07 JUL 2012,956
993,9:46.27,,Anja SCHERL,12 APR 1986,GER,1,,Hanau (GER) (i),14 JAN 2012,975
993,9:46.27,,Caroline AUSTIN,04 JUL 1991,USA,6f3,,"Seattle, WA (USA) (i)",11 FEB 2012,0
995,9:46.28,,Kayla EVANS,,USA,3,,"Eugene, OR (USA)",05 MAY 2012,956
996,9:46.30,,Rachel SCHILKOWSKY,15 APR 1992,USA,1,,"Ithaca, NY (USA) (i)",11 FEB 2012,975
996,9:46.30,,Mónica ROSA,05 MAY 1978,POR,4,,Pombal (POR) (i),12 FEB 2012,975
996,9:46.30,,Kelsey SMITH,1993,USA,8f1,,"Seattle, WA (USA) (i)",25 FEB 2012,0
996,9:46.30,,Meghan MCGOVERN,,USA,5,,"Philadelphia, PA (USA)",26 APR 2012,956
1000,9:46.31,,Victoria BRINK,,USA,3,,"Lexington, KY (USA) (i)",28 JAN 2012,0
