Rank,Mark,Competitor,DOB,Nat,Pos,,Venue,Date,ResultScore
1,26:51.02,,Dejen GEBREMESKEL,24 NOV 1989,ETH,1,,Sollentuna (SWE),27 JUN 2013,1241
2,26:52.85,,Abera KUMA,31 AUG 1990,ETH,2,,Sollentuna (SWE),27 JUN 2013,1238
3,26:57.33,,Imane MERGA,15 OCT 1988,ETH,3,,Sollentuna (SWE),27 JUN 2013,1230
4,27:12.08,,Kenenisa BEKELE,13 JUN 1982,ETH,1,,"Hayward Field, Eugene, OR (USA)",31 MAY 2013,1207
5,27:13.12,,Bedan KAROKI,21 AUG 1990,KEN,4,,"Hayward Field, Eugene, OR (USA)",31 MAY 2013,1205
6,27:14.34,,Birhan NEBEBEW,14 AUG 1994,ETH,5,,"Hayward Field, Eugene, OR (USA)",31 MAY 2013,1203
7,27:15.51,,Yigrem DEMELASH,26 JAN 1994,ETH,4,,Sollentuna (SWE),27 JUN 2013,1201
8,27:17.30,,Vincent Kiprop CHEPKOK,05 JUL 1988,KEN,6,,"Hayward Field, Eugene, OR (USA)",31 MAY 2013,1199
9,27:19.97,,Teklemariam MEDHIN,24 JUN 1989,ERI,7,,"Hayward Field, Eugene, OR (USA)",31 MAY 2013,1194
10,27:21.50,,Paul Kipngetich TANUI,22 DEC 1990,KEN,1f3,,Kitakyushu (JPN),18 MAY 2013,1192
11,27:21.71,,Mo FARAH,23 MAR 1983,GBR,1,,"Luzhniki Stadion, Moskva (RUS)",10 AUG 2013,1192
12,27:22.23,,Ibrahim JEILAN,12 JUN 1989,ETH,2,,"Luzhniki Stadion, Moskva (RUS)",10 AUG 2013,1191
13,27:24.39,,Galen RUPP,08 MAY 1986,USA,4,,"Luzhniki Stadion, Moskva (RUS)",10 AUG 2013,1187
14,27:28.11,,Atsedu TSEGAY,17 DEC 1991,ETH,5,,Sollentuna (SWE),27 JUN 2013,1181
15,27:28.50,,Kenneth Kiprop KIPKEMOI,02 AUG 1984,KEN,7,,"Luzhniki Stadion, Moskva (RUS)",10 AUG 2013,1181
16,27:28.67,,Patrick Mutunga MWIKYA,20 NOV 1994,KEN,1,,Tajimi (JPN),14 OCT 2013,1181
17,27:28.71,,Emmanuel Kipkemei BETT,29 MAR 1985,KEN,9,,"Hayward Field, Eugene, OR (USA)",31 MAY 2013,1181
18,27:29.21,,Nguse AMLOSOM,10 NOV 1986,ERI,8,,"Luzhniki Stadion, Moskva (RUS)",10 AUG 2013,1180
19,27:30.51,,Edward WAWERU,03 OCT 1990,KEN,2f3,,Kumagaya (JPN),20 SEP 2013,1178
20,27:31.07,,Timothy TOROITICH,10 OCT 1991,UGA,10,,"Hayward Field, Eugene, OR (USA)",31 MAY 2013,1177
21,27:32.00,,Goitom KIFLE,03 DEC 1993,ERI,11,,"Hayward Field, Eugene, OR (USA)",31 MAY 2013,1175
22,27:33.13,,Leonard BARSOTON,21 OCT 1994,KEN,1f1,,Fukagawa (JPN),29 JUN 2013,1174
23,27:33.38,,Jeremiah KAREMI,07 JUL 1994,KEN,2f1,,Fukagawa (JPN),29 JUN 2013,1173
24,27:35.76,,Mohammed AHMED,05 JAN 1991,CAN,9,,"Luzhniki Stadion, Moskva (RUS)",10 AUG 2013,1169
25,27:37.55,,Ben ST. LAWRENCE,07 NOV 1981,AUS,1f1,,"Palo Alto, CA (USA)",28 APR 2013,1167
26,27:37.90,,Dathan RITZENHEIN,30 DEC 1982,USA,10,,"Luzhniki Stadion, Moskva (RUS)",10 AUG 2013,1166
27,27:38.15,,Tariku BEKELE,28 FEB 1987,ETH,12,,"Hayward Field, Eugene, OR (USA)",31 MAY 2013,1166
28,27:38.31,,Suguru OSAKO,23 MAY 1991,JPN,2f1,,"Palo Alto, CA (USA)",28 APR 2013,1165
29,27:39.50,,Yuki SATO,26 NOV 1986,JPN,3f1,,"Palo Alto, CA (USA)",28 APR 2013,1164
30,27:40.81,,Chris THOMPSON,17 APR 1981,GBR,4f1,,"Palo Alto, CA (USA)",28 APR 2013,1162
31,27:40.96,,Thomas AYEKO,10 FEB 1992,UGA,11,,"Luzhniki Stadion, Moskva (RUS)",10 AUG 2013,1161
32,27:41.30,,Elroy GELANT,25 AUG 1986,RSA,1,,Durban (RSA),27 APR 2013,1161
33,27:43.99,,Bashir ABDI,10 FEB 1989,BEL,5f1,,"Palo Alto, CA (USA)",28 APR 2013,1157
34,27:44.05,,Ryan VAIL,19 MAR 1986,USA,6f1,,"Palo Alto, CA (USA)",28 APR 2013,1157
35,27:44.26,,Josphat Kipkoech BETT,12 JUN 1990,KEN,5,,Nairobi (KEN),13 JUL 2013,1156
36,27:44.53,,Moses Ndiema KIPSIRO,02 SEP 1986,UGA,13,,"Luzhniki Stadion, Moskva (RUS)",10 AUG 2013,1156
37,27:44.58,,Aaron BRAUN,28 MAY 1987,USA,7f1,,"Palo Alto, CA (USA)",28 APR 2013,1156
38,27:45.46,,Jake ROBERTSON,14 NOV 1989,NZL,8f1,,"Palo Alto, CA (USA)",28 APR 2013,1154
39,27:46.06,,Samuel CHELANGA,23 FEB 1985,KEN,1,,Melbourne (AUS),12 DEC 2013,1153
40,27:46.35,,Agato Yashin HASSAN,19 JAN 1986,ETH,1f1,,Hachioji (JPN),01 DEC 2013,1153
41,27:47.89,,Cameron LEVINS,28 MAR 1989,CAN,14,,"Luzhniki Stadion, Moskva (RUS)",10 AUG 2013,1151
42,27:48.55,,William Malel SITONIK,01 MAR 1994,KEN,1f12,,Yokohama (JPN),28 SEP 2013,1150
43,27:50.07,,Jacob WANJIKU,16 JAN 1986,KEN,2f1,,Hachioji (JPN),01 DEC 2013,1147
44,27:50.78,,Sean QUIGLEY,08 FEB 1985,USA,9f1,,"Palo Alto, CA (USA)",28 APR 2013,1146
45,27:50.79,,Tsuyoshi UGACHI,27 APR 1987,JPN,15,,"Luzhniki Stadion, Moskva (RUS)",10 AUG 2013,1146
46,27:51.10,,Patrick MWAKA,02 NOV 1992,KEN,3f1,,Hachioji (JPN),01 DEC 2013,1146
47,27:51.54,,Keita SHITARA,18 DEC 1991,JPN,1,,Nobeoka (JPN),11 MAY 2013,1145
48,27:52.38,,Girma MECHESO,16 JAN 1988,ETH,10f1,,"Palo Alto, CA (USA)",28 APR 2013,1144
49,27:52.65,,Martin Irungu MATHATHI,25 DEC 1985,KEN,2,,Nobeoka (JPN),11 MAY 2013,1143
50,27:53.34,,Tetsuya YOROIZAKA,20 MAR 1990,JPN,4f1,,Hachioji (JPN),01 DEC 2013,1142
51,27:53.85,,Leonard Patrick KOMON,10 JAN 1988,KEN,6,,Nairobi (KEN),13 JUL 2013,1141
52,27:54.00,,Paul KUIRA,25 JAN 1991,KEN,5f1,,Hachioji (JPN),01 DEC 2013,1141
53,27:54.35,,Daniel GITAU,01 OCT 1987,KEN,3f1,,Fukagawa (JPN),29 JUN 2013,1141
54,27:54.74,,Melaku ABERA,20 APR 1994,ETH,3f3,,Kumagaya (JPN),20 SEP 2013,1140
55,27:54.82,,Yuta SHITARA,18 DEC 1991,JPN,3,,Nobeoka (JPN),11 MAY 2013,1140
56,27:55.0h,,Geoffrey MUTAI,07 OCT 1981,KEN,1,,Nairobi (KEN),22 JUN 2013,1140
57,27:55.07,,Tonny OKELLO,26 DEC 1983,UGA,11f1,,"Palo Alto, CA (USA)",28 APR 2013,1139
58,27:56.22,,Collis BIRMINGHAM,27 DEC 1984,AUS,2,,Melbourne (AUS),12 DEC 2013,1138
59,27:56.78,,Andrew BUMBALOUGH,14 MAR 1987,USA,13f1,,"Palo Alto, CA (USA)",28 APR 2013,1137
60,27:57.51,,Abayneh AYELE,04 NOV 1987,ETH,1f2,,Fukagawa (JPN),29 JUN 2013,1136
61,27:57.69,,Juan Luis BARRIOS,24 JUN 1983,MEX,14,,"Hayward Field, Eugene, OR (USA)",31 MAY 2013,1135
62,27:57.90,,Chihiro MIYAWAKI,28 AUG 1991,JPN,6f1,,Hachioji (JPN),01 DEC 2013,1135
63,27:57.92,,Carles CASTILLEJO,18 AUG 1978,ESP,1,,Mataró (ESP),06 APR 2013,1135
64,27:58.02,,Alex MWANGI,14 JUN 1990,KEN,4f1,,Fukagawa (JPN),29 JUN 2013,1135
65,27:59.11,,Joseph Mana NDIRANGU,09 SEP 1994,KEN,5f1,,Fukagawa (JPN),29 JUN 2013,1133
66,27:59.22,,Christopher LANDRY,29 APR 1986,USA,14f1,,"Palo Alto, CA (USA)",28 APR 2013,1133
67,27:59.7h,,Emmanuel KIPSANG,13 JUN 1991,KEN,3,,Nairobi (KEN),22 JUN 2013,1132
68,27:59.96,,Azmeraw MENGIST,15 SEP 1992,ETH,2f2,,Ibaraki (JPN),18 MAY 2013,1132
69,28:01.01,,Kassa MAKASHAW,19 MAR 1984,ETH,2f2,,Fukagawa (JPN),29 JUN 2013,1130
70,28:01.87,,Johnson KIUMBANI,27 JAN 1993,KEN,3f2,,Ibaraki (JPN),18 MAY 2013,1129
71,28:02.79,,Daniel MUIVA KITONYI,12 JAN 1994,KEN,1f10,,Yokohama (JPN),30 NOV 2013,1128
72,28:02.86,,Milion YEHWALAESHET,24 JAN 1989,ETH,3f2,,Fukagawa (JPN),29 JUN 2013,1127
73,28:03.0h,,Josphat Kiprono MENJO,20 AUG 1979,KEN,4,,Nairobi (KEN),22 JUN 2013,1127
73,28:03.0h,,Hosea Mwok MACHARINYANG,12 JUN 1986,KEN,5,,Nairobi (KEN),22 JUN 2013,1127
75,28:04.54,,Chris DERRICK,17 OCT 1990,USA,18,,"Luzhniki Stadion, Moskva (RUS)",10 AUG 2013,1125
76,28:05.13,,Johana MAINA,24 DEC 1990,KEN,8f1,,Hachioji (JPN),01 DEC 2013,1124
77,28:05.66,,Leul GEBRESILASE,20 SEP 1992,ETH,2f1,,Kitami (JPN),06 JUL 2013,1123
78,28:05.79,,Shogo NAKAMURA,16 SEP 1992,JPN,4,,Nobeoka (JPN),11 MAY 2013,1123
79,28:06.74,,Daniele MEUCCI,07 OCT 1985,ITA,19,,"Luzhniki Stadion, Moskva (RUS)",10 AUG 2013,1121
80,28:07.54,,Shinobu KUBOTA,12 DEC 1991,JPN,10f1,,Hachioji (JPN),01 DEC 2013,1120
81,28:08.5h,,John Nzau MWANGANGI,11 JAN 1990,KEN,6,,Nairobi (KEN),22 JUN 2013,1119
82,28:09.56,,Yuichiro UENO,29 JUL 1985,JPN,5,,Nobeoka (JPN),11 MAY 2013,1117
83,28:09.70,,Stephen MOKOKA,31 JAN 1985,RSA,2,,Durban (RSA),27 APR 2013,1117
84,28:11.81,,Cyrus Gichobi NJUI,11 FEB 1986,KEN,2f12,,Yokohama (JPN),28 SEP 2013,1114
85,28:12.58,,Tesema MOGES,02 FEB 1988,ISR,1,,Tel Aviv (ISR),09 MAY 2013,1113
86,28:13.23,,Ryo YAMAMOTO,18 MAY 1984,JPN,8f1,,Fukagawa (JPN),29 JUN 2013,1112
86,28:13.23,,Dishon Karukwa MAINA,19 JUN 1991,KEN,11f1,,Hachioji (JPN),01 DEC 2013,1112
88,28:14.63,,Lawi LALANG,15 JUN 1991,KEN,1,,"Los Angeles, CA (USA)",11 MAY 2013,1109
89,28:15.92,,Sota HOSHI,06 JAN 1988,JPN,9f1,,Fukagawa (JPN),29 JUN 2013,1107
90,28:16.0h,,Edwin Nyandusi MOKUA,31 DEC 1993,KEN,1,,Kisii (KEN),07 JUN 2013,1107
91,28:16.05,,Harry SUMMERS,19 MAY 1990,AUS,3,,Melbourne (AUS),12 DEC 2013,1107
92,28:16.18,,Liam ADAMS,04 SEP 1986,AUS,15f1,,"Palo Alto, CA (USA)",28 APR 2013,1107
93,28:16.27,,Joseph KAMATHI,23 NOV 1996,KEN,14f1,,Hachioji (JPN),01 DEC 2013,1107
94,28:16.99,,Akihiko TSUMURAI,10 JUL 1984,JPN,10f1,,Fukagawa (JPN),29 JUN 2013,1106
95,28:17.0h,,Geoffrey KAMWOROR,22 NOV 1992,KEN,1,,Nairobi (KEN),25 MAY 2013,1106
96,28:17.26,,Polat Kemboi ARIKAN,12 DEC 1990,TUR,1,,Mersin (TUR),27 JUN 2013,1105
97,28:17.85,,James Gitahi RUNGARU,14 JAN 1993,KEN,2,,Tel Aviv (ISR),09 MAY 2013,1104
98,28:18.11,,Kenta MURAYAMA,23 FEB 1993,JPN,1f1,,Kobe (JPN),20 APR 2013,1104
99,28:18.26,,Christopher HAMER,02 AUG 1988,AUS,4,,Melbourne (AUS),12 DEC 2013,1104
100,28:18.3h,,Elkana TERER,,KEN,2,,Eldoret (KEN),31 MAY 2013,1104
101,28:18.5h,,Philemon RONO,08 FEB 1991,KEN,2,,Nairobi (KEN),25 MAY 2013,1103
102,28:18.73,,Minato OISHI,19 MAY 1988,JPN,1f2,,Hachioji (JPN),01 DEC 2013,1103
103,28:18.91,,Hiroyuki ONO,03 OCT 1986,JPN,11f1,,Fukagawa (JPN),29 JUN 2013,1103
104,28:19.2h,,Wilson KIPROP,14 APR 1987,KEN,1,,Nairobi (KEN),16 MAY 2013,1102
105,28:20.0h,,Philemon LIMO,02 AUG 1985,KEN,3,,Nairobi (KEN),25 MAY 2013,1101
106,28:20.07,,Enock OMWAMBA,04 APR 1993,KEN,2f1,,Kobe (JPN),20 APR 2013,1101
107,28:20.43,,Joseph ONSARIGO,1992,KEN,1,,Abashiri (JPN),03 JUL 2013,1101
108,28:20.6h,,Charles CHERUIYOT TOROTICH,04 AUG 1988,KEN,2,,Nairobi (KEN),16 MAY 2013,1100
109,28:20.71,,Tatsuya OIKE,18 MAY 1990,JPN,2f2,,Hachioji (JPN),01 DEC 2013,1100
110,28:21.12,,Serhiy LEBID,15 JUL 1975,UKR,1,,Yalta (UKR),06 JUN 2013,1100
111,28:21.29,,Abdi NAGEEYE,02 MAR 1989,NED,16,,"Hayward Field, Eugene, OR (USA)",31 MAY 2013,1099
112,28:22.18,,Aritaka KAJIWARA,16 JUN 1988,JPN,3f2,,Hachioji (JPN),01 DEC 2013,1098
113,28:22.43,,Yuma HATTORI,13 NOV 1993,JPN,3f1,,Kitami (JPN),06 JUL 2013,1098
114,28:22.47,,Tsubasa HAYAKAWA,02 JUL 1990,JPN,4f2,,Hachioji (JPN),01 DEC 2013,1097
115,28:22.7h,,Silas CHEPROT,06 NOV 1992,KEN,7,,Nairobi (KEN),22 JUN 2013,1097
116,28:22.79,,Shota HATTORI,28 OCT 1991,JPN,3f1,,Kobe (JPN),20 APR 2013,1097
117,28:23.89,,Giovani DOS SANTOS,01 JUL 1981,BRA,1,,Piracicaba (BRA),26 APR 2013,1095
118,28:23.95,,Tomoya ONISHI,28 MAR 1987,JPN,6f3,,Kumagaya (JPN),20 SEP 2013,1095
119,28:24.04,,Mark Kosgei KIPTOO,21 JUN 1976,KEN,9,,Nairobi (KEN),13 JUL 2013,1095
120,28:24.20,,Marilson GOMES DOS SANTOS,06 AUG 1977,BRA,2,,Piracicaba (BRA),26 APR 2013,1095
121,28:24.26,,Naoki OKAMOTO,26 MAY 1984,JPN,7,,Kobe (JPN),21 APR 2013,1095
122,28:24.31,,Tomohiro TANIGAWA,04 MAR 1989,JPN,5f2,,Hachioji (JPN),01 DEC 2013,1095
123,28:24.74,,Lewis KORIR,11 JUN 1986,KEN,1,,Helsinki (FIN),30 MAY 2013,1094
124,28:25.53,,Taku FUJIMOTO,11 SEP 1989,JPN,6f2,,Hachioji (JPN),01 DEC 2013,1093
125,28:26.03,,Hideto YAMANAKA,17 MAR 1994,JPN,6f2,,Fukagawa (JPN),29 JUN 2013,1092
126,28:26.04,,Yoshinori ODA,05 DEC 1980,JPN,13f1,,Fukagawa (JPN),29 JUN 2013,1092
127,28:26.20,,Peter KIBET,14 JAN 1992,UGA,1,,Kampala (UGA),19 JUL 2013,1092
128,28:26.59,,Keita BABA,28 APR 1986,JPN,7f2,,Hachioji (JPN),01 DEC 2013,1091
129,28:26.91,,Yuji OSUDA,18 NOV 1990,JPN,8f2,,Hachioji (JPN),01 DEC 2013,1091
130,28:27.02,,Takuya NOGUCHI,02 JUL 1988,JPN,9f2,,Hachioji (JPN),01 DEC 2013,1091
131,28:27.04,,Kohei MATSUMURA,05 NOV 1986,JPN,15f1,,Fukagawa (JPN),29 JUN 2013,1091
132,28:27.67,,Charles NDIRANGU,08 FEB 1993,KEN,1,,Hiroshima (JPN),18 MAY 2013,1090
132,28:27.67,,Kenji YAMAMOTO,17 NOV 1989,JPN,16f1,,Fukagawa (JPN),29 JUN 2013,1090
134,28:27.69,,Masato IMAI,02 APR 1984,JPN,4,,Tokyo (JPN),08 JUN 2013,1090
135,28:28.40,,Ryotaro NITTA,14 DEC 1989,JPN,10,,Kobe (JPN),21 APR 2013,1088
136,28:28.54,,Belete ASSEFA,03 MAR 1991,ETH,1,,Addis Abeba (ETH),26 JUN 2013,1088
137,28:29.51,,Yuya KONISHI,22 AUG 1990,JPN,17f1,,Fukagawa (JPN),29 JUN 2013,1087
138,28:30.25,,Benjamin NGANDU,21 MAR 1990,KEN,5f2,,Ibaraki (JPN),18 MAY 2013,1086
139,28:30.35,,John GILBERTSON,07 JUN 1991,USA,1f1,,"Palo Alto, CA (USA)",29 MAR 2013,1086
140,28:30.80,,Jose Antonio URIBE MARINO,03 JAN 1986,MEX,1f2,,"Palo Alto, CA (USA)",28 APR 2013,1085
141,28:31.06,,Hicham BELLANI,15 SEP 1979,MAR,1,,Casablanca (MAR),07 JUL 2013,1084
142,28:31.14,,Robert MACK,30 DEC 1984,USA,16f1,,"Palo Alto, CA (USA)",28 APR 2013,1084
143,28:31.16,,Ali KAYA,20 APR 1994,TUR,1,,"Stadio Guidobaldi, Rieti (ITA)",18 JUL 2013,1084
144,28:31.43,,Takuya FUKATSU,10 NOV 1987,JPN,18f1,,Fukagawa (JPN),29 JUN 2013,1084
145,28:31.5h,,Simion CHIRCHIR,,KEN,2,,Nairobi (KEN),04 MAY 2013,1084
146,28:31.72,,Keiji AKUTSU,20 MAR 1987,JPN,2f4,,Yokohama (JPN),16 NOV 2013,1083
147,28:31.75,,Sergio SÁNCHEZ,01 OCT 1982,ESP,1,,Pravets (BUL),08 JUN 2013,1083
148,28:31.8h,,Moses Martin KURONG,07 JUL 1994,UGA,1,,Réduit (MRI),30 AUG 2013,1083
149,28:31.82,,Halil AKKAŞ,01 JUL 1983,TUR,2,,Pravets (BUL),08 JUN 2013,1083
150,28:32.23,,Kazuhiro MAEDA,19 APR 1981,JPN,12,,Kobe (JPN),21 APR 2013,1083
151,28:32.48,,Alistair BROWNLEE,23 APR 1988,GBR,2f2,,"Palo Alto, CA (USA)",28 APR 2013,1082
152,28:32.5h,,Emmanuel BOR,25 DEC 1993,KEN,10,,Nairobi (KEN),22 JUN 2013,1082
153,28:32.54,,Atsushi YAMASAKI,07 OCT 1986,JPN,3f4,,Yokohama (JPN),16 NOV 2013,1082
154,28:33.4h,,John Kyalo KYUI,20 OCT 1984,KEN,11,,Nairobi (KEN),22 JUN 2013,1081
155,28:33.50,,Masaya KAKIHARA,16 JAN 1993,JPN,4f4,,Yokohama (JPN),16 NOV 2013,1081
156,28:33.66,,Yuki IWAI,30 DEC 1982,JPN,5f12,,Yokohama (JPN),28 SEP 2013,1081
157,28:34.0h,,Zewde TEBELU,10 JUL 1993,ETH,2,,Addis Abeba (ETH),26 JUN 2013,1080
158,28:34.29,,Chiharu TAKADA,09 JUL 1981,JPN,5f4,,Yokohama (JPN),16 NOV 2013,1080
159,28:34.39,,Kenji SAWANO,,JPN,6f4,,Yokohama (JPN),16 NOV 2013,1079
160,28:34.59,,Yevgeniy RYBAKOV,27 FEB 1985,RUS,1,,Moskva (RUS),11 JUN 2013,1079
160,28:34.59,,Mekubo MOGUSU,25 DEC 1986,KEN,1f3,,Fukagawa (JPN),29 JUN 2013,1079
162,28:34.71,,Parker STINSON,03 MAR 1992,USA,2f1,,"Palo Alto, CA (USA)",29 MAR 2013,1079
162,28:34.71,,Phillip KIPLIMO,24 MAR 1991,UGA,2,,Kampala (UGA),19 JUL 2013,1079
164,28:34.79,,Mustapha EL AZIZ,24 DEC 1985,MAR,2,,Casablanca (MAR),07 JUL 2013,1079
165,28:35.00,,Shuhei KURATA,05 AUG 1992,JPN,7f4,,Yokohama (JPN),16 NOV 2013,1079
166,28:35.7h,,Jairus CHANCHIMA,05 DEC 1984,KEN,2,,Kisii (KEN),07 JUN 2013,1077
167,28:35.72,,Takuya FUJIKAWA,17 DEC 1992,JPN,1f16,,Tokyo (JPN),23 NOV 2013,1077
168,28:36.15,,Jared WARD,09 SEP 1988,USA,3f1,,"Palo Alto, CA (USA)",29 MAR 2013,1077
169,28:36.3h,,Elvis Kipchoge CHEBOI,29 SEP 1995,KEN,2,,Réduit (MRI),30 AUG 2013,1077
170,28:36.34,,Takanori ICHIKAWA,03 NOV 1990,JPN,4f1,,Kitami (JPN),06 JUL 2013,1077
171,28:36.38,,Kazuya NAMERA,08 MAR 1987,JPN,8f4,,Yokohama (JPN),16 NOV 2013,1076
172,28:36.40,,Ahmed EL MAZOURY,15 MAR 1990,ITA,3,,Pravets (BUL),08 JUN 2013,1076
173,28:36.5h,,Bernard Kiprop KIPYEGO,16 JUL 1986,KEN,4,,Nairobi (KEN),25 MAY 2013,1076
174,28:36.56,,Taichi TAKASE,06 NOV 1989,JPN,10f2,,Hachioji (JPN),01 DEC 2013,1076
175,28:36.88,,Anatoliy RYBAKOV,27 FEB 1985,RUS,2,,Moskva (RUS),11 JUN 2013,1076
176,28:36.92,,Ryo MATSUMOTO,19 OCT 1990,JPN,14,,Kobe (JPN),21 APR 2013,1076
177,28:37.0h,,Peter Chesang KURUI,02 JAN 1988,KEN,12,,Nairobi (KEN),22 JUN 2013,1076
178,28:37.1h,,Josphat Kiprop KIPTIS,16 NOV 1993,KEN,3,,Réduit (MRI),30 AUG 2013,1075
179,28:37.15,,Titus WARURU,29 MAR 1992,KEN,2f3,,Fukagawa (JPN),29 JUN 2013,1075
180,28:37.2h,,Louis NDIEMA,1986,KEN,4,,Nairobi (KEN),04 MAY 2013,1075
180,28:37.2h,,Hillary LANGAT,14 AUG 1995,KEN,13,,Nairobi (KEN),22 JUN 2013,1075
182,28:37.37,,Masaya TAGUCHI,20 MAY 1992,JPN,7f2,,Fukagawa (JPN),29 JUN 2013,1075
182,28:37.37,,Min KIM,09 MAY 1989,KOR,5f1,,Kitami (JPN),06 JUL 2013,1075
184,28:37.44,,David MCNEILL,06 OCT 1986,AUS,6,,Melbourne (AUS),12 DEC 2013,1075
185,28:37.46,,Zac HINE,05 OCT 1987,USA,3f2,,"Palo Alto, CA (USA)",28 APR 2013,1075
186,28:37.53,,Duncan Maina MUTHEE,08 MAR 1991,KEN,2f16,,Tokyo (JPN),23 NOV 2013,1075
187,28:37.63,,Tomohiro SHIIYA,27 SEP 1986,JPN,6f1,,Kitami (JPN),06 JUL 2013,1075
188,28:37.64,,Naohiro YAMADA,18 DEC 1984,JPN,2f5,,Yokohama (JPN),26 OCT 2013,1075
189,28:38.00,,Kensuke TAKEZAWA,11 OCT 1986,JPN,7f1,,Kitami (JPN),06 JUL 2013,1074
190,28:38.12,,Shintaro MIWA,04 JAN 1992,JPN,1f3,,Hachioji (JPN),01 DEC 2013,1074
191,28:38.16,,Stephen FURST,16 AUG 1985,USA,18f1,,"Palo Alto, CA (USA)",28 APR 2013,1074
192,28:38.33,,Wataru UENO,02 AUG 1990,JPN,11f2,,Hachioji (JPN),01 DEC 2013,1074
193,28:38.43,,Hironori TSUETAKI,08 MAY 1993,JPN,1f4,,Saitama (JPN),28 APR 2013,1073
194,28:38.81,,Kazuma TASHIRO,02 FEB 1994,JPN,3f16,,Tokyo (JPN),23 NOV 2013,1073
195,28:38.84,,Ataru OTANI,29 JUN 1988,JPN,9f4,,Yokohama (JPN),16 NOV 2013,1073
196,28:39.08,,Hiroto INOUE,06 JAN 1993,JPN,6f12,,Yokohama (JPN),28 SEP 2013,1072
197,28:39.54,,Kento OTSU,07 DEC 1991,JPN,2f4,,Saitama (JPN),28 APR 2013,1072
198,28:39.95,,Robert CHESERET,08 OCT 1983,USA,19f1,,"Palo Alto, CA (USA)",28 APR 2013,1071
199,28:40.0h,,Abdallah Kibet MANDE,10 MAY 1995,UGA,4,,Réduit (MRI),30 AUG 2013,1071
200,28:40.20,,Taketo KUMAZAKI,15 MAY 1992,JPN,4f16,,Tokyo (JPN),23 NOV 2013,1071
201,28:40.35,,Hiroyuki YAMAMOTO,30 APR 1986,JPN,2,,Abashiri (JPN),03 JUL 2013,1071
202,28:40.4h,,Silas KIPRUTO,26 SEP 1984,KEN,5,,Nairobi (KEN),25 MAY 2013,1070
203,28:40.50,,Hiroki YAMAGISHI,06 SEP 1991,JPN,3f4,,Saitama (JPN),28 APR 2013,1070
204,28:40.88,,Shuho DAIROKUNO,23 DEC 1992,JPN,21f1,,Fukagawa (JPN),29 JUN 2013,1070
205,28:41.09,,Yuki ARIMURA,21 SEP 1992,JPN,5f1,,Kobe (JPN),20 APR 2013,1069
206,28:41.24,,Tomoya SHIRAYANAGI,07 JUL 1981,JPN,7f12,,Yokohama (JPN),28 SEP 2013,1069
207,28:41.48,,Daichi KAMINO,13 SEP 1993,JPN,5f16,,Tokyo (JPN),23 NOV 2013,1069
208,28:41.99,,Takayuki MATSUMIYA,21 FEB 1980,JPN,6f2,,Ibaraki (JPN),18 MAY 2013,1068
209,28:42.14,,Masato KIHARA,13 JUL 1986,JPN,15,,Kobe (JPN),21 APR 2013,1068
210,28:42.17,,Kenichi SHIRAISHI,06 APR 1982,JPN,4f3,,Kitakyushu (JPN),18 MAY 2013,1068
211,28:42.20,,Jonathan MELLOR,27 DEC 1986,GBR,20f1,,"Palo Alto, CA (USA)",28 APR 2013,1068
212,28:42.29,,Yudai OKAMOTO,29 DEC 1991,JPN,4f4,,Saitama (JPN),28 APR 2013,1068
213,28:42.35,,Abdenasir FATHI,20 MAY 1987,MAR,3,,Casablanca (MAR),07 JUL 2013,1068
214,28:42.55,,Takahiro ASO,07 DEC 1985,JPN,4,,Gifu (JPN),11 MAY 2013,1067
215,28:42.61,,Masato KIKUCHI,18 SEP 1990,JPN,1f2,,Kumagaya (JPN),20 SEP 2013,1067
216,28:42.71,,Ikki TAKEUCHI,02 JUN 1991,JPN,7f16,,Tokyo (JPN),23 NOV 2013,1067
217,28:42.78,,Ryu TAKAKU,18 FEB 1993,JPN,8f16,,Tokyo (JPN),23 NOV 2013,1067
218,28:42.90,,Daisuke MATSUFUJI,12 JAN 1986,JPN,16,,Kobe (JPN),21 APR 2013,1067
219,28:42.97,,Hiroki MITSUOKA,28 FEB 1989,JPN,8f2,,Fukagawa (JPN),29 JUN 2013,1067
220,28:43.08,,Ryo KINAME,22 JAN 1991,JPN,17,,Kobe (JPN),21 APR 2013,1066
221,28:43.3h,,Abrha MILAW ASEFA,27 FEB 1988,ETH,3,,Addis Abeba (ETH),26 JUN 2013,1066
222,28:43.44,,Kengo NAMIOKA,,JPN,9f16,,Tokyo (JPN),23 NOV 2013,1066
223,28:43.7h,,Kinde ATANAW,15 APR 1993,ETH,4,,Addis Abeba (ETH),26 JUN 2013,1065
224,28:43.83,,Shota YAMAGUCHI,19 DEC 1985,JPN,9f2,,Fukagawa (JPN),29 JUN 2013,1065
225,28:43.87,,Micah NJERU,05 AUG 1988,KEN,5,,Gifu (JPN),11 MAY 2013,1065
226,28:43.93,,Takashi ICHIDA,16 JUN 1992,JPN,2f4,,Yokohama (JPN),13 APR 2013,1065
227,28:44.06,,Tulosa ABEBE,,QAT,1,,Doha (QAT),30 APR 2013,1065
228,28:44.16,,Fumihiro MARUYAMA,01 JUL 1990,JPN,6f1,,Kobe (JPN),20 APR 2013,1065
229,28:44.29,,Yuki MATSUMURA,14 JAN 1993,JPN,10f16,,Tokyo (JPN),23 NOV 2013,1065
230,28:44.30,,Keita AKIBA,27 NOV 1979,JPN,8f12,,Yokohama (JPN),28 SEP 2013,1065
231,28:44.34,,Yuki HIROTA,28 MAY 1994,JPN,9f12,,Yokohama (JPN),28 SEP 2013,1065
232,28:44.8h,,Tony MWANGANGI,,KEN,3,,Nairobi (KEN),16 MAY 2013,1064
233,28:44.81,,Solomon MUTAI,22 OCT 1992,UGA,4,,Kampala (UGA),19 JUL 2013,1064
233,28:44.81,,Kazuki UEMURA,13 JAN 1994,JPN,11f16,,Tokyo (JPN),23 NOV 2013,1064
235,28:45.24,,Tsukasa KOYAMA,21 JAN 1992,JPN,12f16,,Tokyo (JPN),23 NOV 2013,1063
236,28:46.02,,Takaya SATO,05 MAY 1994,JPN,13f16,,Tokyo (JPN),23 NOV 2013,1062
237,28:46.08,,Kazuma GANAHA,01 OCT 1993,JPN,10f4,,Yokohama (JPN),16 NOV 2013,1062
238,28:46.72,,Aldo VEGA,26 NOV 1987,MEX,4f1,,"Palo Alto, CA (USA)",29 MAR 2013,1061
239,28:46.73,,Ryuji KASHIWABARA,13 JUL 1989,JPN,10f3,,Kumagaya (JPN),20 SEP 2013,1061
240,28:46.92,,Shuhei YAMAGUCHI,08 MAR 1994,JPN,2f10,,Yokohama (JPN),30 NOV 2013,1061
241,28:47.25,,Henry KIPLAGAT,16 DEC 1992,KEN,2,,Doha (QAT),30 APR 2013,1060
242,28:47.26,,Alemu BEKELE,23 MAR 1990,BRN,1,,Pune (IND),04 JUL 2013,1060
243,28:47.37,,Ryuji WATANABE,02 NOV 1988,JPN,8f3,,Kitakyushu (JPN),18 MAY 2013,1060
244,28:47.4h,,Daniel Lemashon SALEL,11 DEC 1990,KEN,6,,Nairobi (KEN),25 MAY 2013,1060
245,28:47.52,,Kentaro TONE,30 JUL 1989,JPN,3f10,,Yokohama (JPN),30 NOV 2013,1060
246,28:47.78,,Kazuki ONISHI,28 MAR 1987,JPN,7f2,,Ibaraki (JPN),18 MAY 2013,1059
247,28:47.79,,Keigo YANO,03 DEC 1991,JPN,3,,Abashiri (JPN),03 JUL 2013,1059
248,28:47.91,,Soji IKEDA,22 DEC 1986,JPN,10f12,,Yokohama (JPN),28 SEP 2013,1059
249,28:48.00,,Vyacheslav SHALAMOV,08 JUL 1989,RUS,3,,Moskva (RUS),11 JUN 2013,1059
250,28:48.04,,Miguel AMADOR,10 JUN 1992,COL,4f2,,"Palo Alto, CA (USA)",28 APR 2013,1059
251,28:48.13,,Kosei YAMAGUCHI,19 AUG 1991,JPN,11f4,,Yokohama (JPN),16 NOV 2013,1059
252,28:48.22,,Daisuke UEKADO,11 DEC 1993,JPN,12f4,,Yokohama (JPN),16 NOV 2013,1059
253,28:48.24,,Mizuho TANAKA,09 NOV 1991,JPN,14f16,,Tokyo (JPN),23 NOV 2013,1059
254,28:48.62,,Shunsuke ISHIDA,,JPN,15f16,,Tokyo (JPN),23 NOV 2013,1058
255,28:48.76,,Rui YONEZAWA,26 AUG 1986,JPN,2f3,,Hachioji (JPN),01 DEC 2013,1058
256,28:48.85,,Joseph GITAU,03 JAN 1988,KEN,3,,Hiroshima (JPN),18 MAY 2013,1058
257,28:49.23,,Shogo SEKIGUCHI,08 JAN 1993,JPN,4f4,,Yokohama (JPN),13 APR 2013,1057
258,28:49.29,,Genki MATSUMURA,23 JUN 1992,JPN,5f4,,Saitama (JPN),28 APR 2013,1057
259,28:49.33,,Hidehiko YAMANA,17 MAR 1994,JPN,1,,Sagamihara (JPN),20 APR 2013,1057
260,28:49.78,,Rinas AKHMADEYEV,25 MAY 1989,RUS,4,,Moskva (RUS),11 JUN 2013,1056
261,28:49.88,,Leslie ENCINA,02 JAN 1982,CHI,1,,Concepción (CHI),25 MAY 2013,1056
262,28:49.89,,Victor ARAVENA PINCHEIRA,05 FEB 1990,CHI,2,,Concepción (CHI),25 MAY 2013,1056
263,28:49.99,,Daisuke KOYAMA,29 AUG 1987,JPN,4f10,,Yokohama (JPN),30 NOV 2013,1056
264,28:50.08,,Jun SHINOTO,02 APR 1985,JPN,3f3,,Hachioji (JPN),01 DEC 2013,1056
265,28:50.1h,,Titus Kipjumba MBISHEI,28 OCT 1990,KEN,7,,Nairobi (KEN),25 MAY 2013,1056
266,28:50.12,,Zelalem BACHA,10 JAN 1988,BRN,3,,Lier (BEL),30 JUN 2013,1056
267,28:50.23,,Taiki YOSHIMURA,19 JUN 1992,JPN,16f16,,Tokyo (JPN),23 NOV 2013,1056
268,28:50.30,,Takuji MORIMOTO,08 JUN 1987,JPN,11f12,,Yokohama (JPN),28 SEP 2013,1056
269,28:50.33,,Takahiro YAGIHARA,04 OCT 1991,JPN,17f16,,Tokyo (JPN),23 NOV 2013,1056
270,28:50.84,,Muryo TAKASE,31 JAN 1989,JPN,24f1,,Fukagawa (JPN),29 JUN 2013,1055
271,28:50.90,,Minato YAMASHITA,15 NOV 1988,JPN,4f3,,Hachioji (JPN),01 DEC 2013,1055
272,28:50.97,,Shunsuke OGINO,25 AUG 1993,JPN,5f10,,Yokohama (JPN),30 NOV 2013,1055
273,28:51.05,,Yuya SHIOKAWA,20 JAN 1983,JPN,13f4,,Yokohama (JPN),16 NOV 2013,1055
274,28:51.12,,Norihiro KOMATSU,,JPN,12f12,,Yokohama (JPN),28 SEP 2013,1054
275,28:51.16,,Ryoma TAKEUCHI,29 MAY 1992,JPN,5f3,,Hachioji (JPN),01 DEC 2013,1054
276,28:51.20,,Tsukasa MORITA,24 JAN 1983,JPN,6f10,,Yokohama (JPN),30 NOV 2013,1054
277,28:51.39,,Stefano LA ROSA,28 SEP 1985,ITA,4,,Pravets (BUL),08 JUN 2013,1054
278,28:51.54,,Kgosi Samuel TSOSANE,15 APR 1986,RSA,2,,Stellenbosch (RSA),12 APR 2013,1054
279,28:51.56,,Masatoshi KIKUCHI,12 FEB 1986,JPN,6f3,,Hachioji (JPN),01 DEC 2013,1054
280,28:51.63,,Daniel NJENGA,07 MAY 1976,KEN,13f12,,Yokohama (JPN),28 SEP 2013,1054
281,28:51.8h,,Edwin KIBET,07 JUL 1996,KEN,3,,Eldoret (KEN),31 MAY 2013,1053
282,28:51.9h,,Nicholas KIRUI,,KEN,2,,Nakuru (KEN),05 APR 2013,1053
283,28:51.97,,Aimon SCULLION,14 MAR 1987,USA,1,,"Portland, OR (USA)",07 JUN 2013,1053
284,28:51.98,,Kenta MUROTSUKA,12 FEB 1986,JPN,13f2,,Hachioji (JPN),01 DEC 2013,1053
285,28:52.09,,Shuhei MORIYA,30 NOV 1991,JPN,7,,Yokohama (JPN),30 NOV 2013,1053
286,28:52.12,,Hiromitsu KAKUAGE,14 SEP 1990,JPN,8f2,,Ibaraki (JPN),18 MAY 2013,1053
287,28:52.16,,Kodai TSUNO,,JPN,14f12,,Yokohama (JPN),28 SEP 2013,1053
288,28:52.4h,,Habtamu ASEFA,29 MAR 1985,ETH,5,,Addis Abeba (ETH),26 JUN 2013,1053
289,28:52.69,,Yasutaka ISHIBASHI,24 AUG 1994,JPN,15f12,,Yokohama (JPN),28 SEP 2013,1052
290,28:52.73,,Diego ESTRADA,19 DEC 1989,MEX,5f1,,"Palo Alto, CA (USA)",29 MAR 2013,1052
291,28:52.77,,Michael FOUT,07 MAY 1990,USA,5f2,,"Palo Alto, CA (USA)",28 APR 2013,1052
292,28:52.81,,Andy WACKER,24 SEP 1988,USA,6f1,,"Palo Alto, CA (USA)",29 MAR 2013,1052
293,28:53.10,,Yusei NAKAO,28 FEB 1984,JPN,11f2,,Fukagawa (JPN),29 JUN 2013,1051
294,28:53.11,,Yufu IKUTO,07 JUL 1991,JPN,25f1,,Fukagawa (JPN),29 JUN 2013,1051
295,28:53.19,,Sho MATSUEDA,09 SEP 1989,JPN,9f3,,Hachioji (JPN),01 DEC 2013,1051
296,28:53.34,,Olivier IRABARUTA,25 AUG 1990,BDI,2,,Nice (FRA),10 SEP 2013,1051
297,28:53.4h,,Frederick NGENY,1988,KEN,4,,Eldoret (KEN),31 MAY 2013,1051
298,28:53.54,,Kevin CASTILLE,17 MAR 1972,USA,6f2,,"Palo Alto, CA (USA)",28 APR 2013,1051
299,28:53.91,,Takamitsu HASHIMOTO,29 JUN 1989,JPN,10f3,,Hachioji (JPN),01 DEC 2013,1050
300,28:54.17,,Takafumi KIKUCHI,22 MAY 1991,JPN,18f16,,Tokyo (JPN),23 NOV 2013,1050
301,28:54.27,,Kazuya DEGUCHI,14 AUG 1988,JPN,20,,Kobe (JPN),21 APR 2013,1050
302,28:54.29,,Joseph CHIRLEE,14 FEB 1980,USA,22f1,,"Palo Alto, CA (USA)",28 APR 2013,1050
303,28:54.35,,Shoya KUROKAWA,19 FEB 1993,JPN,16f12,,Yokohama (JPN),28 SEP 2013,1050
304,28:54.63,,Hidehito TAKAMINE,08 OCT 1986,JPN,12f2,,Fukagawa (JPN),29 JUN 2013,1049
305,28:54.71,,Noriaki TAKAHASHI,26 JUL 1982,JPN,11f3,,Hachioji (JPN),01 DEC 2013,1049
306,28:54.92,,Shuhei YAMAMOTO,24 MAY 1991,JPN,9f1,,Kitami (JPN),06 JUL 2013,1049
307,28:54.95,,Daisuke SHIMIZU,02 AUG 1982,JPN,26f1,,Fukagawa (JPN),29 JUN 2013,1049
308,28:55.1h,,Daniel MUINDI,10 NOV 1994,KEN,5,,Nairobi (KEN),16 MAY 2013,1049
309,28:55.18,,Naohiro DOMOTO,23 JUL 1989,JPN,16f1,,Hachioji (JPN),01 DEC 2013,1048
310,28:55.24,,Aziz LAHBABI,03 FEB 1991,MAR,2,,Mersin (TUR),27 JUN 2013,1048
311,28:55.26,,Shuji YOSHIKAWA,06 DEC 1985,JPN,17f12,,Yokohama (JPN),28 SEP 2013,1048
312,28:55.27,,Alejandro FERNÁNDEZ,08 AUG 1985,ESP,2,,Mataró (ESP),06 APR 2013,1048
313,28:55.34,,Keisuke FUJI,30 MAY 1990,JPN,12f3,,Hachioji (JPN),01 DEC 2013,1048
314,28:55.55,,Ernest KIBET,,KEN,7f1,,"Palo Alto, CA (USA)",29 MAR 2013,1048
315,28:55.71,,Keisuke SAGO,07 APR 1992,JPN,1f10,,Yokohama (JPN),28 SEP 2013,1048
316,28:55.77,,Shinichiro TAI,11 JUN 1991,JPN,7f4,,Yokohama (JPN),13 APR 2013,1048
317,28:55.8h,,Leonard OLOITIPTIP,1990,KEN,2,,Nairobi (KEN),09 MAY 2013,1047
318,28:55.87,,Mikael EKVALL,18 JUN 1989,SWE,5,,Pravets (BUL),08 JUN 2013,1047
319,28:55.88,,Yu AOKI,,JPN,9f2,,Ibaraki (JPN),18 MAY 2013,1047
320,28:56.14,,Keisuke FURUKAWA,17 JUN 1993,JPN,10,,Yokohama (JPN),30 NOV 2013,1047
321,28:56.27,,Jamel CHATBI,30 APR 1984,ITA,1f2,,Ancona (ITA),18 MAY 2013,1047
322,28:56.28,,Christopher BARNICLE,31 MAR 1987,USA,23f1,,"Palo Alto, CA (USA)",28 APR 2013,1047
323,28:56.31,,Takayuki MAENO,24 APR 1992,JPN,4f5,,Yokohama (JPN),26 OCT 2013,1047
324,28:56.51,,Hikaru TOMINAGA,25 NOV 1988,JPN,1f2,,Hiroshima (JPN),23 NOV 2013,1046
325,28:56.55,,Hideyuki ANZAI,18 SEP 1985,JPN,2f2,,Kobe (JPN),20 APR 2013,1046
326,28:56.71,,Hayato SAITO,09 JAN 1989,JPN,22,,Kobe (JPN),21 APR 2013,1046
327,28:56.90,,Takuya ISHIKAWA,29 OCT 1987,JPN,24,,Kobe (JPN),21 APR 2013,1046
328,28:56.92,,Solomon HAILE,23 JAN 1990,USA,8f1,,"Palo Alto, CA (USA)",29 MAR 2013,1046
329,28:57.20,,Kentaro HIRAI,01 MAY 1993,JPN,5f5,,Yokohama (JPN),26 OCT 2013,1045
330,28:57.32,,Shun SATO,05 JAN 1988,JPN,6f4,,Saitama (JPN),28 APR 2013,1045
331,28:57.44,,Brendan O'NEILL,01 NOV 1988,IRL,9f1,,"Palo Alto, CA (USA)",29 MAR 2013,1045
332,28:57.45,,Kensuke GOTODA,08 DEC 1990,JPN,4f2,,Kobe (JPN),20 APR 2013,1045
333,28:57.52,,Shota HIRAGA,10 APR 1990,JPN,4f2,,Kumagaya (JPN),20 SEP 2013,1045
334,28:57.53,,Oleksandr SITKOVSKIY,09 JUN 1978,UKR,2,,Yalta (UKR),06 JUN 2013,1045
335,28:57.82,,Soufiyan BOUQANTAR,30 AUG 1993,MAR,3,,Mersin (TUR),27 JUN 2013,1044
336,28:58.12,,Hisanori KITAJIMA,16 OCT 1984,JPN,14f3,,Kumagaya (JPN),20 SEP 2013,1044
337,28:58.21,,Hayato SONODA,05 APR 1989,JPN,2,,Nagasaki (JPN),30 NOV 2013,1044
338,28:58.22,,Glarius ROP,28 MAR 1984,KEN,1,,"Philadelphia, PA (USA)",25 APR 2013,1044
339,28:58.25,,Kaito KITA,23 FEB 1992,JPN,10f1,,Kobe (JPN),20 APR 2013,1044
340,28:58.36,,Dai NAKAHARA,02 DEC 1990,JPN,13,,Yokohama (JPN),30 NOV 2013,1044
341,28:58.64,,Toshikatsu EBINA,24 JUN 1991,JPN,11f1,,Kobe (JPN),20 APR 2013,1043
342,28:58.67,,Bilisuma Shugi GELASSA,19 JUL 1989,BRN,2,,Pune (IND),04 JUL 2013,1043
343,28:58.70,,Yusuke SATO,20 OCT 1990,JPN,16f2,,Hachioji (JPN),01 DEC 2013,1043
344,28:58.79,,Yuriy CHECHUN,05 JUL 1986,RUS,5,,Moskva (RUS),11 JUN 2013,1043
345,28:58.8h,,John Kemboi CHERUIYOT,05 JUL 1990,KEN,8,,Nairobi (KEN),25 MAY 2013,1043
346,28:58.80,,Keisuke NAKATANI,12 JAN 1995,JPN,5,,Tokyo (JPN),06 SEP 2013,1043
347,28:58.92,,Gabriel PROCTOR,29 APR 1990,USA,1,,"Walnut, CA (USA)",18 APR 2013,1043
348,28:59.10,,Tatsunori HAMASAKI,04 JUL 1988,JPN,17f2,,Hachioji (JPN),01 DEC 2013,1043
349,28:59.12,,Toshiyuki YANAGI,23 APR 1993,JPN,6,,Tokyo (JPN),06 SEP 2013,1043
350,28:59.14,,Kentaro NAKAMOTO,07 DEC 1982,JPN,10f3,,Kitakyushu (JPN),18 MAY 2013,1043
351,28:59.29,,Tylor THATCHER,,USA,10f1,,"Palo Alto, CA (USA)",29 MAR 2013,1042
352,28:59.59,,John KARIUKI,10 NOV 1986,KEN,7,,Tokyo (JPN),06 SEP 2013,1042
353,28:59.88,,Tiidrek NURME,18 NOV 1985,EST,24f1,,"Palo Alto, CA (USA)",28 APR 2013,1041
354,29:00.02,,Abdelhadi EL HACHIMI,15 DEC 1974,BEL,1,,Duffel (BEL),04 MAY 2013,1041
355,29:00.05,,Morris Munene GACHAGA,07 APR 1995,KEN,18f1,,Hachioji (JPN),01 DEC 2013,1041
356,29:00.55,,Yuji NAKAMURA,29 APR 1970,JPN,18f12,,Yokohama (JPN),28 SEP 2013,1040
357,29:00.67,,Kenta MUTO,14 FEB 1994,JPN,19f16,,Tokyo (JPN),23 NOV 2013,1040
358,29:00.99,,Takashi MAKABE,03 FEB 1982,JPN,6f2,,Kumagaya (JPN),20 SEP 2013,1040
359,29:01.1h,,Linus Kipwambok CHUMBA,09 FEB 1980,KEN,4,,Nairobi (KEN),09 MAY 2013,1040
360,29:01.44,,Joseph CHEBET,25 AUG 1991,UGA,2,,"Walnut, CA (USA)",18 APR 2013,1039
361,29:01.46,,Kenta OTANI,29 OCT 1987,JPN,5,,Hiroshima (JPN),18 MAY 2013,1039
362,29:01.64,,Byron PIEDRA,19 AUG 1982,ECU,2,,Trujillo (PER),27 NOV 2013,1039
363,29:01.68,,José ESPANA,05 MAY 1986,ESP,3,,Mataró (ESP),06 APR 2013,1039
364,29:01.91,,Igor GELETIY,17 OCT 1982,UKR,3,,Yalta (UKR),06 JUN 2013,1038
365,29:01.99,,Shuji MATSUO,14 SEP 1991,JPN,20f16,,Tokyo (JPN),23 NOV 2013,1038
366,29:02.0h,,Richard NDEGWA,05 OCT 1985,KEN,5,,Nairobi (KEN),09 MAY 2013,1038
367,29:02.17,,Masato ENDO,15 JAN 1992,JPN,10f4,,Yokohama (JPN),13 APR 2013,1038
368,29:02.59,,Shunsuke MIYASAKA,01 JUN 1991,JPN,6f5,,Yokohama (JPN),26 OCT 2013,1037
369,29:02.7h,,Lewis MOSOTI,1985,KEN,6,,Nairobi (KEN),09 MAY 2013,1037
370,29:03.19,,Michael BIWOTT,,USA,2,,"Philadelphia, PA (USA)",25 APR 2013,1037
371,29:03.25,,Masamichi YASUDA,13 OCT 1987,JPN,26,,Kobe (JPN),21 APR 2013,1036
372,29:03.33,,Mike MURPHY,,USA,11f1,,"Palo Alto, CA (USA)",29 MAR 2013,1036
373,29:03.4h,,Reuben LIMAA,1987,KEN,7,,Nairobi (KEN),09 MAY 2013,1036
374,29:03.45,,Craig CURLEY,21 MAY 1985,USA,3,,"Walnut, CA (USA)",18 APR 2013,1036
375,29:03.58,,Ryosuke MAKI,25 APR 1986,JPN,1f1,,Kumagaya (JPN),20 SEP 2013,1036
376,29:03.59,,Gerald Nicolas GIRALDO VILLA,21 MAR 1989,COL,3,,Trujillo (PER),27 NOV 2013,1036
377,29:03.75,,Mats LUNDERS,05 JUL 1991,BEL,2,,Duffel (BEL),04 MAY 2013,1036
377,29:03.75,,Kenta UEDA,05 JUL 1995,JPN,7f5,,Yokohama (JPN),26 OCT 2013,1036
379,29:03.83,,Longyun REN,12 OCT 1987,CHN,1,,Shenyang (CHN),10 SEP 2013,1036
380,29:03.88,,Andrey SAFRONOV,16 DEC 1985,RUS,6,,Moskva (RUS),11 JUN 2013,1036
381,29:04.0h,,Davis KIPLANGAT,10 JUL 1998,KEN,4,,Nakuru (KEN),14 JUN 2013,1035
382,29:04.01,,Pardon NDHLOVU,23 AUG 1987,ZIM,3,,"Philadelphia, PA (USA)",25 APR 2013,1035
383,29:04.06,,Joseph GRAY,20 JAN 1984,USA,12f1,,"Palo Alto, CA (USA)",29 MAR 2013,1035
384,29:04.56,,Tyler PENNEL,21 DEC 1987,USA,25f1,,"Palo Alto, CA (USA)",28 APR 2013,1035
385,29:04.83,,Yuji MUROTA,22 JUN 1990,JPN,2f2,,Hiroshima (JPN),23 NOV 2013,1034
386,29:04.91,,Daichi MOTOMURA,26 JAN 1992,JPN,12f1,,Kobe (JPN),20 APR 2013,1034
387,29:04.92,,Jiahui SUN,08 OCT 1987,CHN,2,,Shenyang (CHN),10 SEP 2013,1034
388,29:05.03,,Tomoyuki MORITA,08 JUL 1984,JPN,10f2,,Ibaraki (JPN),18 MAY 2013,1034
389,29:05.13,,Andrea LALLI,20 MAY 1987,ITA,7,,Pravets (BUL),08 JUN 2013,1034
390,29:05.60,,Jhon CUSI,18 JAN 1985,PER,4,,Trujillo (PER),27 NOV 2013,1033
391,29:05.71,,Koichi SAKAI,11 MAR 1986,JPN,27,,Kobe (JPN),21 APR 2013,1033
391,29:05.71,,Rachid ADIL,26 JUL 1990,MAR,4,,Casablanca (MAR),07 JUL 2013,1033
393,29:05.72,,Hironori ARAI,19 SEP 1979,JPN,7,,Hiroshima (JPN),18 MAY 2013,1033
394,29:05.82,,Driss EL HIMER,04 APR 1974,FRA,1,,St-Maur (FRA),24 APR 2013,1033
395,29:05.86,,Yevgeniy PISHCHALOV,23 FEB 1985,RUS,7,,Moskva (RUS),11 JUN 2013,1033
396,29:05.88,,Yasuyuki NAKAMURA,22 JAN 1985,JPN,19f12,,Yokohama (JPN),28 SEP 2013,1033
397,29:05.94,,Genta YODOKAWA,22 SEP 1992,JPN,8f4,,Saitama (JPN),28 APR 2013,1033
398,29:06.00,,Seungho BAEK,16 DEC 1990,KOR,12f1,,Kitami (JPN),06 JUL 2013,1032
399,29:06.14,,Erik OLSON,15 MAR 1992,USA,13f1,,"Palo Alto, CA (USA)",29 MAR 2013,1032
400,29:06.2h,,William KIBOR,10 JAN 1985,KEN,1f2,,San Miniato (ITA),28 APR 2013,1032
401,29:06.21,,Yunlong TAI,11 MAY 1991,CHN,3,,Shenyang (CHN),10 SEP 2013,1032
402,29:06.24,,Shota NAGUMO,11 DEC 1992,JPN,14f4,,Yokohama (JPN),16 NOV 2013,1032
403,29:06.29,,Jacob RILEY,02 NOV 1988,USA,26f1,,"Palo Alto, CA (USA)",28 APR 2013,1032
404,29:06.74,,Duer YOA,16 DEC 1989,AUS,8,,Melbourne (AUS),12 DEC 2013,1031
405,29:07.00,,Yevgeniy DOGA,08 MAR 1984,RUS,8,,Moskva (RUS),11 JUN 2013,1031
406,29:07.06,,Norihide FUJIMORI,15 FEB 1985,JPN,9,,Hiroshima (JPN),18 MAY 2013,1031
407,29:07.26,,Ben TRUE,29 DEC 1985,USA,4,,"Drake Stadium, Des Moines, IA (USA)",20 JUN 2013,1031
408,29:07.33,,Aaron PULFORD,24 AUG 1991,NZL,9,,Melbourne (AUS),12 DEC 2013,1030
409,29:07.37,,Yuki MORIWAKI,25 AUG 1984,JPN,3f2,,Hiroshima (JPN),23 NOV 2013,1030
410,29:07.44,,Daiki KUBOTA,27 JUN 1987,JPN,8f2,,Kobe (JPN),20 APR 2013,1030
411,29:07.56,,Yuki AKIMOTO,07 OCT 1992,JPN,4f2,,Hiroshima (JPN),23 NOV 2013,1030
412,29:07.68,,Dmytro SIRUK,12 APR 1991,UKR,4,,Yalta (UKR),06 JUN 2013,1030
413,29:07.70,,Guojian DONG,16 MAR 1987,CHN,4,,Shenyang (CHN),10 SEP 2013,1030
414,29:07.76,,Jeff VEIGA,,USA,4,,"Philadelphia, PA (USA)",25 APR 2013,1030
415,29:07.80,,Yoshiaki SHIOTA,13 JUN 1987,JPN,28,,Kobe (JPN),21 APR 2013,1030
416,29:07.88,,Ryo SHIRAYOSHI,31 MAY 1993,JPN,1f11,,Yokohama (JPN),28 SEP 2013,1030
417,29:08.04,,Nate JEWKES,1990,USA,4,,"Walnut, CA (USA)",18 APR 2013,1029
417,29:08.04,,Andrey LEYMAN,13 APR 1987,RUS,9,,Moskva (RUS),11 JUN 2013,1029
419,29:08.06,,Naoya HASHIMOTO,23 APR 1981,JPN,5f2,,Hiroshima (JPN),23 NOV 2013,1029
420,29:08.15,,Yasushi YAMAMOTO,10 SEP 1985,JPN,20f12,,Yokohama (JPN),28 SEP 2013,1029
421,29:08.17,,Yoshihiro WAKAMATSU,09 DEC 1986,JPN,29,,Kobe (JPN),21 APR 2013,1029
422,29:08.32,,Jimmy CLARK,21 NOV 1992,USA,14f1,,"Palo Alto, CA (USA)",29 MAR 2013,1029
423,29:08.44,,Homiyu TESFAYE,23 JUN 1993,ETH,1,,Bremen (GER),04 MAY 2013,1029
424,29:08.47,,Shunsuke NOMURA,17 JAN 1983,JPN,22f12,,Yokohama (JPN),28 SEP 2013,1029
425,29:08.62,,Daniel Chaves DA SILVA,10 JUL 1988,BRA,,,São Paulo (BRA),06 JUN 2013,1029
426,29:08.81,,Stijn GARAIN,12 JAN 1989,BEL,3,,Duffel (BEL),04 MAY 2013,1028
427,29:09.00,,Kazuharu TAKAI,10 MAY 1984,JPN,30,,Kobe (JPN),21 APR 2013,1028
428,29:09.0h,,Peter MATELONG,1989,KEN,8,,Nairobi (KEN),09 MAY 2013,1028
429,29:09.19,,Jim SPISAK,18 NOV 1990,USA,1,,"Philadelphia, PA (USA)",25 APR 2013,1028
430,29:09.3h,,Boniface Kiprono BII,1987,KEN,2f2,,San Miniato (ITA),28 APR 2013,1028
431,29:09.41,,Satoru KITAMURA,04 FEB 1986,JPN,31,,Kobe (JPN),21 APR 2013,1027
432,29:09.45,,Igor MAKSIMOV,26 APR 1992,RUS,10,,Moskva (RUS),11 JUN 2013,1027
432,29:09.45,,Takashi MAIE,,JPN,2f11,,Yokohama (JPN),28 SEP 2013,1027
434,29:09.59,,Djamel BACHIRI,22 MAY 1977,FRA,2,,St-Maur (FRA),24 APR 2013,1027
435,29:09.65,,Philipp PFLIEGER,16 JUL 1987,GER,2,,Bremen (GER),04 MAY 2013,1027
436,29:10.29,,Haimro ALAME,08 JUN 1990,ISR,3,,Tel Aviv (ISR),09 MAY 2013,1026
437,29:10.44,,Yuki NAKAMURA,21 JUN 1981,JPN,9f2,,Kobe (JPN),20 APR 2013,1026
438,29:10.45,,Joilson Bernardo DA SILVA,29 AUG 1987,BRA,3,,Piracicaba (BRA),26 APR 2013,1026
439,29:10.52,,Shinji SUZUKI,08 APR 1982,JPN,23f12,,Yokohama (JPN),28 SEP 2013,1026
440,29:10.75,,Yohei NISHIYAMA,18 APR 1988,JPN,1,,Amagasaki (JPN),17 MAY 2013,1025
441,29:10.98,,Raúl PACHECO,26 APR 1979,PER,5,,"Walnut, CA (USA)",18 APR 2013,1025
442,29:11.1h,,Abel ROP,24 JAN 1986,KEN,6,,Nairobi (KEN),16 MAY 2013,1025
443,29:11.12,,Hiroyuki ISHIKAWA,22 JAN 1993,JPN,3f11,,Yokohama (JPN),28 SEP 2013,1025
444,29:11.21,,Vasil MATVIYCHUK,13 JAN 1982,UKR,5,,Yalta (UKR),06 JUN 2013,1025
445,29:11.26,,Adil BOUAFIF,31 DEC 1978,SWE,1,,Borås (SWE),30 AUG 2013,1025
446,29:11.27,,Renya SUGIYAMA,,JPN,1f15,,Tokyo (JPN),23 NOV 2013,1025
447,29:11.37,,William JONES,,USA,1f2,,"Lewisburg, PA (USA)",13 APR 2013,1025
448,29:11.46,,Yosuke TOKUOKA,05 SEP 1988,JPN,7f2,,Hiroshima (JPN),23 NOV 2013,1024
449,29:11.52,,Musael TEMSEGEN,1982,ERI,2,,Borås (SWE),30 AUG 2013,1024
450,29:11.74,,Yuta KANEKO,27 OCT 1992,JPN,21f16,,Tokyo (JPN),23 NOV 2013,1024
451,29:11.79,,Ababa LAMA,1993,SWE,3,,Borås (SWE),30 AUG 2013,1024
452,29:12.00,,Bian QI,06 JAN 1989,CHN,5,,Shenyang (CHN),10 SEP 2013,1024
453,29:12.24,,Yuki OSHIKAWA,02 JUN 1990,JPN,7f2,,Kumagaya (JPN),20 SEP 2013,1023
454,29:12.35,,Keisuke TANAKA,06 SEP 1988,JPN,10f2,,Kobe (JPN),20 APR 2013,1023
455,29:12.49,,Yusuke KAWAMINAMI,29 JUL 1984,JPN,2,,Amagasaki (JPN),17 MAY 2013,1023
455,29:12.49,,Kazuki IKENAGA,17 FEB 1984,JPN,4f11,,Yokohama (JPN),28 SEP 2013,1023
457,29:12.64,,Nobuyuki MATSUMOTO,08 AUG 1991,JPN,2f15,,Tokyo (JPN),23 NOV 2013,1023
458,29:12.77,,Kenta INUMA,01 FEB 1988,JPN,25f12,,Yokohama (JPN),28 SEP 2013,1022
459,29:12.81,,Naoto MORIMOTO,14 MAY 1983,JPN,8f2,,Hiroshima (JPN),23 NOV 2013,1022
460,29:12.84,,Kevin SCHWAB,15 APR 1989,USA,1,,"Waco, TX (USA)",03 MAY 2013,1022
460,29:12.84,,Jeroen HENDRIKX,08 MAY 1986,BEL,4,,Duffel (BEL),04 MAY 2013,1022
462,29:12.89,,Takumi KIYOTANI,24 JAN 1989,JPN,5f11,,Yokohama (JPN),28 SEP 2013,1022
463,29:12.90,,Brandon Derek LORD,13 JUN 1992,CAN,4,,"Central Stadium, Kazan (RUS)",08 JUL 2013,1022
464,29:13.01,,Hiromasa FUKUSHIMA,20 JUL 1987,JPN,2f10,,Yokohama (JPN),28 SEP 2013,1022
465,29:13.05,,Shun YAMAMURA,27 SEP 1993,JPN,3f15,,Tokyo (JPN),23 NOV 2013,1022
466,29:13.19,,Takahiko INOUE,30 JUL 1982,JPN,6f11,,Yokohama (JPN),28 SEP 2013,1022
467,29:13.40,,Baidong ZHAO,30 DEC 1994,CHN,6,,Shenyang (CHN),10 SEP 2013,1022
468,29:13.5h,,Nicodemus BIWOT,1980,KEN,3f2,,San Miniato (ITA),28 APR 2013,1021
469,29:13.69,,Yoshihiro HINOMOTO,25 SEP 1985,JPN,7f11,,Yokohama (JPN),28 SEP 2013,1021
470,29:13.80,,Maksim KOROLEV,17 JAN 1992,KAZ,15f1,,"Palo Alto, CA (USA)",29 MAR 2013,1021
471,29:13.85,,Kota KAKINUMA,,JPN,23f16,,Tokyo (JPN),23 NOV 2013,1021
472,29:13.87,,Kazuyoshi SHIMOZATO,09 APR 1981,JPN,2f1,,Kumagaya (JPN),20 SEP 2013,1021
473,29:13.99,,Wataru YAMAGUCHI,19 MAR 1984,JPN,8f11,,Yokohama (JPN),28 SEP 2013,1021
474,29:14.1h,,Philemon CHEBOI,08 NOV 1993,KEN,7,,Nairobi (KEN),16 MAY 2013,1021
475,29:14.21,,Martin GRADY,26 AUG 1991,USA,16f1,,"Palo Alto, CA (USA)",29 MAR 2013,1020
476,29:14.42,,Hiroki TAGUCHI,,JPN,1f3,,Yokohama (JPN),13 APR 2013,1020
477,29:14.53,,Scott SMITH,13 JUL 1986,USA,8f2,,"Palo Alto, CA (USA)",28 APR 2013,1020
478,29:14.60,,Koji WATANABE,20 FEB 1978,JPN,9f11,,Yokohama (JPN),28 SEP 2013,1020
479,29:14.8h,,John KIPKOECH,29 DEC 1991,KEN,1,,Mumias (KEN),27 APR 2013,1020
480,29:14.85,,Brett KELLEY,,USA,17f1,,"Palo Alto, CA (USA)",29 MAR 2013,1019
481,29:15.0h,,Peter Cheruiyot KIRUI,02 JAN 1988,KEN,1,,Nairobi (KEN),14 MAY 2013,1019
482,29:15.04,,Masaharu SANO,12 OCT 1992,JPN,4f15,,Tokyo (JPN),23 NOV 2013,1019
483,29:15.12,,Edward MWANZA,10 MAR 1989,ZAM,1,,Gaborone (BOT),01 JUN 2013,1019
484,29:15.39,,Yuki KIMURA,29 JAN 1993,JPN,4f10,,Yokohama (JPN),28 SEP 2013,1019
485,29:15.43,,Jake SCHMITT,27 MAR 1987,USA,18f1,,"Palo Alto, CA (USA)",29 MAR 2013,1019
486,29:15.46,,Hirotaka UENO,,JPN,5f15,,Tokyo (JPN),23 NOV 2013,1019
487,29:15.69,,Gilbert KEMBOI,14 MAY 1986,KEN,9f2,,"Palo Alto, CA (USA)",28 APR 2013,1018
488,29:15.7h,,Joseph EBUYA,20 JUN 1987,KEN,3,,Mumias (KEN),27 APR 2013,1018
489,29:16.00,,Simon CHERONO,1989,KEN,1,,Sofia (BUL),30 JUL 2013,1018
490,29:16.01,,Kevin MCDONNELL,30 OCT 1989,USA,2f2,,"Lewisburg, PA (USA)",13 APR 2013,1018
491,29:16.12,,Satoshi OKIMORI,24 MAY 1992,JPN,24f16,,Tokyo (JPN),23 NOV 2013,1018
492,29:16.25,,Shinya IWABUCHI,,JPN,7f15,,Tokyo (JPN),23 NOV 2013,1017
493,29:16.49,,Namakoe NKHASI,10 JAN 1993,RSA,3,,Stellenbosch (RSA),12 APR 2013,1017
494,29:16.5h,,Julius KIPNGETICH,1991,KEN,4f2,,San Miniato (ITA),28 APR 2013,1017
495,29:16.51,,Yuji SASANUMA,03 DEC 1984,JPN,3f1,,Kumagaya (JPN),20 SEP 2013,1017
496,29:16.58,,Naoki NISHIO,26 SEP 1989,JPN,9f2,,Hiroshima (JPN),23 NOV 2013,1017
497,29:16.60,,Tomonao NISHIMURA,05 AUG 1988,JPN,10f11,,Yokohama (JPN),28 SEP 2013,1017
498,29:16.62,,Kevin WILLIAMS,14 APR 1990,USA,2,,"Waco, TX (USA)",03 MAY 2013,1017
499,29:16.88,,Takayuki TSUCHIYA,14 MAY 1994,JPN,11f11,,Yokohama (JPN),28 SEP 2013,1016
500,29:17.03,,Peng WEI,06 AUG 1991,CHN,7,,Shenyang (CHN),10 SEP 2013,1016
501,29:17.44,,Shun INOURA,26 JUL 1992,JPN,12f11,,Yokohama (JPN),28 SEP 2013,1016
502,29:17.53,,Satoru SASAKI,16 OCT 1985,JPN,13f3,,Kitakyushu (JPN),18 MAY 2013,1016
503,29:17.58,,Daiki IGARI,,JPN,9f15,,Tokyo (JPN),23 NOV 2013,1015
504,29:17.68,,Daiji KAWAI,22 SEP 1991,JPN,2f14,,Tokyo (JPN),23 NOV 2013,1015
505,29:17.78,,Manuel Ángel PEÑAS,09 NOV 1977,ESP,8,,Pravets (BUL),08 JUN 2013,1015
506,29:17.83,,Tomonori IKEBUCHI,13 AUG 1988,JPN,5f10,,Yokohama (JPN),28 SEP 2013,1015
507,29:17.84,,Kazuaki IWAMI,25 FEB 1987,JPN,14f3,,Kitakyushu (JPN),18 MAY 2013,1015
508,29:18.28,,Ryo HASHIMOTO,26 SEP 1993,JPN,6f10,,Yokohama (JPN),28 SEP 2013,1014
509,29:18.39,,Masanori ISHIDA,26 JUN 1985,JPN,7f10,,Yokohama (JPN),28 SEP 2013,1014
510,29:18.5h,,Henry Kipsigei CHIRCHIR,14 MAY 1985,KEN,2,,Nairobi (KEN),14 MAY 2013,1014
511,29:18.56,,Shoji TAKADA,15 AUG 1990,JPN,13f11,,Yokohama (JPN),28 SEP 2013,1014
512,29:18.69,,Gladwin Sibabalwe MZAZI,28 AUG 1988,RSA,3,,Durban (RSA),27 APR 2013,1014
513,29:18.7h,,Duke MORANGA,,KEN,8,,Nairobi (KEN),16 MAY 2013,1014
514,29:18.71,,Takumi HONDA,25 JUL 1991,JPN,13f1,,Kobe (JPN),20 APR 2013,1014
515,29:19.12,,Brendan GREGG,15 MAY 1989,USA,2,,"Portland, OR (USA)",07 JUN 2013,1013
516,29:19.44,,Kenta NAKAYAMA,,JPN,3f14,,Tokyo (JPN),23 NOV 2013,1013
517,29:19.55,,Norimasa NISHINA,22 SEP 1988,JPN,16f2,,Kobe (JPN),20 APR 2013,1013
518,29:19.74,,John MASCARI,30 MAR 1992,USA,1,,"Des Moines, IA (USA)",25 APR 2013,1012
519,29:20.01,,Yosuke NAKAYAMA,31 MAY 1983,JPN,4f14,,Tokyo (JPN),23 NOV 2013,1012
520,29:20.06,,Solonei ROCHA DA SILVA,18 APR 1982,BRA,2,,São Paulo (BRA),06 JUN 2013,1012
521,29:20.13,,Yuta OIKAWA,22 DEC 1992,JPN,25f16,,Tokyo (JPN),23 NOV 2013,1012
522,29:20.19,,Ryan DOHNER,23 AUG 1991,USA,3,,"Waco, TX (USA)",03 MAY 2013,1012
523,29:20.30,,Khalid ZOUBAA,27 APR 1977,FRA,3,,St-Maur (FRA),24 APR 2013,1011
524,29:20.34,,David PERRY,27 MAY 1992,USA,19f1,,"Palo Alto, CA (USA)",29 MAR 2013,1011
525,29:20.38,,Keita SHIOYA,03 AUG 1993,JPN,11f4,,Saitama (JPN),28 APR 2013,1011
526,29:20.45,,Hunter MICKOW,15 MAR 1990,USA,6,,"Walnut, CA (USA)",18 APR 2013,1011
527,29:20.59,,George KIPRUTO,,KEN,3,,Doha (QAT),30 APR 2013,1011
528,29:20.64,,Keita NAGURA,,JPN,5f14,,Tokyo (JPN),23 NOV 2013,1011
529,29:21.05,,Rapula DIPHOKO,15 APR 1989,BOT,2,,Gaborone (BOT),01 JUN 2013,1010
530,29:21.16,,Henry KEMBOI,09 MAY 1981,KEN,1,,Domažlice (CZE),04 MAY 2013,1010
531,29:21.18,,Tim YOUNG,22 MAR 1987,USA,2f1,,"Raleigh, NC (USA)",29 MAR 2013,1010
532,29:21.22,,Yoshiyuki OZEKI,14 AUG 1983,JPN,11f2,,Kumagaya (JPN),20 SEP 2013,1010
533,29:21.26,,Daiyu KITANO,,JPN,6f14,,Tokyo (JPN),23 NOV 2013,1010
534,29:21.35,,Dinghong YANG,29 SEP 1987,CHN,8,,Shenyang (CHN),10 SEP 2013,1010
535,29:21.41,,Josh IZEWSKI,29 APR 1990,USA,20f1,,"Palo Alto, CA (USA)",29 MAR 2013,1010
536,29:21.62,,Daisuke KUMON,27 NOV 1989,JPN,15f11,,Yokohama (JPN),28 SEP 2013,1010
537,29:21.69,,Mark KENNEALLY,18 APR 1981,IRL,1,,Dublin (IRL),27 JUL 2013,1009
538,29:21.70,,Koji MATSUOKA,11 DEC 1982,JPN,10f2,,Hiroshima (JPN),23 NOV 2013,1009
539,29:21.87,,Paul KATAM,20 APR 1990,KEN,21f1,,"Palo Alto, CA (USA)",29 MAR 2013,1009
540,29:21.93,,Matt TEGENKAMP,19 JAN 1982,USA,7,,"Drake Stadium, Des Moines, IA (USA)",20 JUN 2013,1009
541,29:22.01,,Sibusiso NZIMA,23 NOV 1986,RSA,2,,Germiston (RSA),16 MAR 2013,1009
541,29:22.01,,Mehmet ÇAGLAYAN,30 JUL 1985,TUR,1,,Izmir (TUR),01 JUN 2013,1009
543,29:22.03,,Junya UEMURA,16 MAY 1994,JPN,1f13,,Tokyo (JPN),23 NOV 2013,1009
544,29:22.12,,Weldu Negash GEBRETSADIK,12 NOV 1986,ETH,1,,Wageningen (NED),05 JUN 2013,1009
545,29:22.17,,Dan LOWRY,30 OCT 1989,USA,27f1,,"Palo Alto, CA (USA)",28 APR 2013,1009
546,29:22.20,,Yehor ZHUKOV,26 FEB 1992,UKR,6,,Yalta (UKR),06 JUN 2013,1009
546,29:22.20,,Yuki TAGOMORI,,JPN,8f14,,Tokyo (JPN),23 NOV 2013,1009
548,29:22.27,,Tatsumi ABE,21 APR 1992,JPN,2f13,,Tokyo (JPN),23 NOV 2013,1009
549,29:22.61,,Frank DEVAR,1988,USA,3,,"Portland, OR (USA)",07 JUN 2013,1008
550,29:22.64,,José MOREIRA,05 MAY 1980,POR,10,,Pravets (BUL),08 JUN 2013,1008
551,29:22.75,,Craig LUTZ,07 NOV 1992,USA,4,,"Waco, TX (USA)",03 MAY 2013,1008
552,29:22.82,,Naoto MIYAGAWA,24 FEB 1990,JPN,16f11,,Yokohama (JPN),28 SEP 2013,1008
553,29:22.96,,Daniel MERCADO,22 DEC 1987,USA,7,,"Walnut, CA (USA)",18 APR 2013,1008
554,29:23.19,,Pierre URRUTY,17 SEP 1986,FRA,4,,St-Maur (FRA),24 APR 2013,1007
555,29:23.30,,David SANCHEZ,01 FEB 1990,USA,22f1,,"Palo Alto, CA (USA)",29 MAR 2013,1007
556,29:23.33,,Diego Alberto BORREGO,01 SEP 1988,MEX,10f2,,"Palo Alto, CA (USA)",28 APR 2013,1007
557,29:23.46,,Domenico Matteo RICATTI,16 MAY 1979,ITA,1,,Milano (ITA),14 SEP 2013,1007
558,29:23.6h,,Joshua MAINGI,1994,KEN,9,,Nairobi (KEN),16 MAY 2013,1007
558,29:23.6h,,Luke KIBET,12 APR 1983,KEN,10,,Nairobi (KEN),16 MAY 2013,1007
560,29:23.72,,Brian MEDIGOVICH,16 SEP 1987,USA,8,,"Walnut, CA (USA)",18 APR 2013,1007
561,29:23.82,,Norikazu KATO,19 OCT 1984,JPN,8f10,,Yokohama (JPN),28 SEP 2013,1006
562,29:24.01,,Aaron DINZEO,17 DEC 1991,USA,5,,"Philadelphia, PA (USA)",25 APR 2013,1006
563,29:24.03,,Tomohiro HAYAKAWA,25 APR 1990,JPN,17f11,,Yokohama (JPN),28 SEP 2013,1006
564,29:24.16,,Akira TOMIYASU,07 MAR 1996,JPN,1f9,,Yokohama (JPN),28 SEP 2013,1006
565,29:24.28,,Ederson VILELA PEREIRA,06 JUN 1990,BRA,5,,Piracicaba (BRA),26 APR 2013,1006
566,29:24.42,,Yoshiki ITO,21 JUL 1994,JPN,26f16,,Tokyo (JPN),23 NOV 2013,1005
567,29:24.85,,Yuki KAWASAKI,27 NOV 1992,JPN,10f15,,Tokyo (JPN),23 NOV 2013,1005
568,29:24.88,,Shota NAKAI,08 APR 1983,JPN,10f10,,Yokohama (JPN),28 SEP 2013,1005
569,29:25.04,,Yusuke OSUMI,25 SEP 1993,JPN,11f15,,Tokyo (JPN),23 NOV 2013,1005
570,29:25.11,,Maverick DARLING,09 JUN 1989,USA,1,,"Columbus, OH (USA)",10 MAY 2013,1004
571,29:25.17,,Mohamed HREZI,28 OCT 1991,USA,5,,"Waco, TX (USA)",03 MAY 2013,1004
572,29:25.31,,Saiya YAMAMOTO,01 MAR 1995,JPN,9f14,,Tokyo (JPN),23 NOV 2013,1004
573,29:25.42,,Max STORMS,01 OCT 1990,USA,23f1,,"Palo Alto, CA (USA)",29 MAR 2013,1004
574,29:25.71,,Mbongeni Amos NGXAZAZO,02 FEB 1980,RSA,3,,Germiston (RSA),16 MAR 2013,1004
575,29:25.85,,Tomonori SAKAMOTO,21 JUL 1986,JPN,11f10,,Yokohama (JPN),28 SEP 2013,1003
576,29:25.90,,Naoto YOSHIMURA,18 SEP 1992,JPN,18f11,,Yokohama (JPN),28 SEP 2013,1003
577,29:25.95,,Robert KREBS,18 AUG 1989,GER,1f2,,"Palo Alto, CA (USA)",29 MAR 2013,1003
578,29:26.03,,JL HINES,1993,USA,2f2,,"Palo Alto, CA (USA)",29 MAR 2013,1003
579,29:26.20,,Jake KILDOO,12 SEP 1993,USA,24f1,,"Palo Alto, CA (USA)",29 MAR 2013,1003
580,29:26.21,,Kazuki TOMARU,31 JUL 1987,JPN,18f2,,Kobe (JPN),20 APR 2013,1003
581,29:26.31,,Ryohei YAMAZAKI,24 NOV 1989,JPN,12f10,,Yokohama (JPN),28 SEP 2013,1003
582,29:26.36,,Yudai FUKUDA,19 NOV 1996,JPN,2f9,,Yokohama (JPN),28 SEP 2013,1003
583,29:26.43,,Masanori SAKAI,30 JUN 1986,JPN,16f3,,Kitakyushu (JPN),18 MAY 2013,1003
584,29:26.72,,Norihisa IMAI,28 AUG 1992,JPN,14f1,,Kobe (JPN),20 APR 2013,1002
585,29:26.88,,Koki NANBA,26 MAR 1992,JPN,27f16,,Tokyo (JPN),23 NOV 2013,1002
586,29:26.91,,Stephan SHAY,11 FEB 1986,USA,9,,"Walnut, CA (USA)",18 APR 2013,1002
587,29:27.28,,Luke PUSKEDRA,08 FEB 1990,USA,9,,"Drake Stadium, Des Moines, IA (USA)",20 JUN 2013,1001
588,29:27.30,,Kenji SHIMIZU,04 MAY 1985,JPN,13f10,,Yokohama (JPN),28 SEP 2013,1001
589,29:27.39,,Daniel KIPTUM,1978,KEN,2,,Sofia (BUL),30 JUL 2013,1001
590,29:27.65,,Yoshito NAGAIWA,03 JUL 1987,JPN,16f2,,Ibaraki (JPN),18 MAY 2013,1001
591,29:27.69,,Daiki NUMATA,19 JUL 1991,JPN,10f14,,Tokyo (JPN),23 NOV 2013,1001
592,29:27.78,,Natsuki MORI,,JPN,3f13,,Tokyo (JPN),23 NOV 2013,1001
593,29:27.84,,Adelson Alves DOLBERTH,25 JAN 1984,BRA,6,,Piracicaba (BRA),26 APR 2013,1001
594,29:27.89,,Michael FRANKIN,,USA,10,,"Walnut, CA (USA)",18 APR 2013,1000
595,29:27.94,,Shohei OTSUKA,13 AUG 1994,JPN,13f4,,Saitama (JPN),28 APR 2013,1000
596,29:28.17,,Gabriel NAVARRO,06 AUG 1992,ESP,1,,Avilés (ESP),29 MAY 2013,1000
597,29:28.27,,Ivan KONYAYEV,09 JAN 1987,RUS,11,,Moskva (RUS),11 JUN 2013,1000
598,29:28.36,,Zack MAYHEW,27 NOV 1989,USA,2,,"Columbus, OH (USA)",10 MAY 2013,1000
599,29:28.38,,Brian GOHLKE,18 MAY 1993,USA,6,,"Waco, TX (USA)",03 MAY 2013,1000
600,29:28.41,,Jim RIDDLE,09 JUN 1990,USA,11,,"Walnut, CA (USA)",18 APR 2013,1000
600,29:28.41,,Kazuki MATSUMURA,14 JAN 1993,JPN,4f13,,Tokyo (JPN),23 NOV 2013,1000
602,29:28.45,,Katsuto SANO,,JPN,14f10,,Yokohama (JPN),28 SEP 2013,1000
603,29:28.64,,Andrew SPRINGER,10 MAR 1991,USA,1,,"Piscataway, NJ (USA)",04 MAY 2013,999
604,29:28.72,,Andrew LEMONCELLO,12 OCT 1982,GBR,1,,Birmingham (GBR),12 JUL 2013,999
605,29:28.81,,Jeremy DRENCKHAHN,,USA,12,,"Walnut, CA (USA)",18 APR 2013,999
606,29:29.06,,Koki TANAKA,12 JAN 1994,JPN,5f13,,Tokyo (JPN),23 NOV 2013,999
607,29:29.11,,Jarkko JÄRVENPÄÄ,22 AUG 1986,FIN,2,,Wageningen (NED),05 JUN 2013,999
608,29:29.15,,Daniel SANZ,25 FEB 1979,ESP,4,,Mataró (ESP),06 APR 2013,999
609,29:29.35,,Hiroto KANAMORI,10 FEB 1994,JPN,3f9,,Yokohama (JPN),28 SEP 2013,998
610,29:29.37,,Josh HARDIN,12 MAY 1991,USA,6,,"Philadelphia, PA (USA)",25 APR 2013,998
611,29:29.47,,Keith GERRARD,24 MAR 1986,GBR,2,,Birmingham (GBR),12 JUL 2013,998
612,29:29.55,,Yoshihiro YAMAMOTO,20 APR 1983,JPN,19f2,,Kobe (JPN),20 APR 2013,998
612,29:29.55,,Jose Luis DUARTE,19 MAY 1989,MEX,7,,"Central Stadium, Kazan (RUS)",08 JUL 2013,998
614,29:29.57,,Scott OVERALL,09 FEB 1983,GBR,3,,Birmingham (GBR),12 JUL 2013,998
615,29:29.63,,Takuya SUZUKI,19 JAN 1990,JPN,4f1,,Kumagaya (JPN),20 SEP 2013,998
616,29:29.64,,Aaron SHERF,,USA,7,,"Waco, TX (USA)",03 MAY 2013,998
617,29:29.94,,Teppei SUEGAMI,03 OCT 1984,JPN,20f11,,Yokohama (JPN),28 SEP 2013,997
618,29:29.99,,Patrick STITZINGER,25 AUG 1981,NED,3,,Wageningen (NED),05 JUN 2013,997
619,29:30.11,,Dustin FAY,07 JUL 1992,USA,13,,"Walnut, CA (USA)",18 APR 2013,997
620,29:30.20,,Milan KOCOUREK,06 DEC 1987,CZE,2,,Domažlice (CZE),04 MAY 2013,997
621,29:30.33,,Ryan POLAND,07 JAN 1992,USA,8,,"Waco, TX (USA)",03 MAY 2013,997
622,29:30.35,,Bitew ASSEFA,1994,ETH,1,,Addis Abeba (ETH),14 MAR 2013,997
623,29:30.36,,Rory TUNNINGLEY,13 DEC 1989,USA,14,,"Walnut, CA (USA)",18 APR 2013,997
624,29:30.59,,Shane QUINN,15 SEP 1992,IRL,1,,"Williamsburg, VA (USA)",05 APR 2013,997
625,29:30.80,,Takehiro ARAKAWA,21 MAY 1985,JPN,1f2,,Kitakyushu (JPN),18 MAY 2013,996
625,29:30.80,,Shintaro MITSUWA,,JPN,2f5,,Yokohama (JPN),15 JUN 2013,996
627,29:30.89,,Natsuki TERADA,30 AUG 1991,JPN,12f2,,Tokyo (JPN),19 MAY 2013,996
628,29:30.95,,Tiago COSTA,08 AUG 1988,POR,5,,Mataró (ESP),06 APR 2013,996
629,29:30.97,,Mark LEINENGER,25 FEB 1991,USA,2,,"Williamsburg, VA (USA)",05 APR 2013,996
630,29:31.11,,Lorenzo DINI,02 OCT 1994,ITA,2,,"Stadio Guidobaldi, Rieti (ITA)",18 JUL 2013,996
631,29:31.14,,Mehdi MESSAHEL,,MAR,5,,Casablanca (MAR),07 JUL 2013,996
632,29:31.20,,Solomon DEKSISA,11 MAR 1994,ETH,2,,Addis Abeba (ETH),14 MAR 2013,996
633,29:31.23,,Evan LANDES,13 FEB 1993,USA,9,,"Waco, TX (USA)",03 MAY 2013,996
634,29:31.34,,Lungisa MDEDELWA,15 SEP 1984,RSA,4,,Stellenbosch (RSA),12 APR 2013,995
635,29:31.41,,Pavel ADYSHKIN,17 SEP 1988,RUS,12,,Moskva (RUS),11 JUN 2013,995
636,29:31.44,,Alexander SÖDERBERG,24 APR 1988,SWE,11f2,,"Palo Alto, CA (USA)",28 APR 2013,995
637,29:31.5h,,Patrick Makau MUSYOKI,02 MAR 1985,KEN,3,,Nairobi (KEN),14 MAY 2013,995
638,29:31.6h,,Felicien MUHITIRA,04 NOV 1994,RWA,5,,Réduit (MRI),30 AUG 2013,995
639,29:31.82,,Matthew MELANCON,,USA,3f2,,"Palo Alto, CA (USA)",29 MAR 2013,995
640,29:31.85,,Brhan MELAKU,1997,ETH,3,,Addis Abeba (ETH),14 MAR 2013,995
641,29:32.15,,Chris BENDTSEN,29 FEB 1992,USA,1f1,,"Princeton, NJ (USA)",05 APR 2013,994
642,29:32.20,,Henri MANNINEN,03 JAN 1985,FIN,4,,Wageningen (NED),05 JUN 2013,994
643,29:32.48,,Stsiapan RAHAUTSOU,29 MAY 1986,BLR,1,,Grodno (BLR),25 JUL 2013,994
644,29:32.51,,Andrey MINYAKOV,28 DEC 1983,RUS,13,,Moskva (RUS),11 JUN 2013,994
644,29:32.51,,Eddy MCGINLEY,29 JAN 1983,IRL,4,,Birmingham (GBR),12 JUL 2013,994
646,29:32.58,,Demetrios PAGONIS,,USA,4f2,,"Palo Alto, CA (USA)",29 MAR 2013,994
647,29:32.75,,Matthew TEBO,17 MAR 1989,USA,25f1,,"Palo Alto, CA (USA)",29 MAR 2013,993
648,29:32.95,,Tomasz SZYMKOWIAK,05 JUL 1983,POL,1,,Inowroclaw (POL),27 JUL 2013,993
649,29:32.97,,Brogan AUSTIN,05 OCT 1991,USA,5f2,,"Palo Alto, CA (USA)",29 MAR 2013,993
650,29:33.01,,Godiraone NTHOMPE,15 MAR 1986,BOT,3,,Gaborone (BOT),01 JUN 2013,993
651,29:33.07,,Wellington BEZERRA DA SILVA,19 JUN 1988,BRA,7,,Piracicaba (BRA),26 APR 2013,993
652,29:33.08,,Huadong TIAN,12 DEC 1989,CHN,9,,Shenyang (CHN),10 SEP 2013,993
653,29:33.12,,Chris FRIAS,24 NOV 1990,USA,6f2,,"Palo Alto, CA (USA)",29 MAR 2013,993
654,29:33.37,,Aaron EASKER,,USA,1,,"Hillsdale, MI (USA)",25 APR 2013,993
655,29:33.56,,Stijn DE VULDER,1982,BEL,5,,Duffel (BEL),04 MAY 2013,992
656,29:33.62,,Anthony FORD,26 MAY 1983,GBR,12f2,,"Palo Alto, CA (USA)",28 APR 2013,992
657,29:33.65,,Taylor FARNSWORTH,,USA,1,,"Walnut, CA (USA)",18 APR 2013,992
658,29:33.68,,Cale ALLEN,15 AUG 1989,USA,26f1,,"Palo Alto, CA (USA)",29 MAR 2013,992
659,29:33.88,,Reed CONNOR,25 SEP 1990,USA,7f2,,"Palo Alto, CA (USA)",29 MAR 2013,992
660,29:34.15,,Thomas PORTER,,USA,1,,"Charlottesville, VA (USA)",11 MAY 2013,991
661,29:34.19,,Morsi RAYYAN,08 AUG 1992,USA,2,,"Hillsdale, MI (USA)",25 APR 2013,991
662,29:34.28,,Yukio FUJIMURA,01 JUN 1987,JPN,5,,Amagasaki (JPN),17 MAY 2013,991
663,29:34.31,,Christopher GALVIN,,USA,2,,"Charlottesville, VA (USA)",11 MAY 2013,991
664,29:34.34,,Ben LIVESEY,20 SEP 1978,GBR,5,,Birmingham (GBR),12 JUL 2013,991
665,29:34.39,,Tom GRÖSCHEL,25 AUG 1991,GER,3,,Bremen (GER),04 MAY 2013,991
666,29:34.50,,Jovanny GODINEZ,29 OCT 1991,USA,1f1,,"Walnut, CA (USA)",18 APR 2013,991
667,29:34.63,,Dominic CHANNON,28 JAN 1989,NZL,2,,"Piscataway, NJ (USA)",04 MAY 2013,991
668,29:34.67,,Yuta TAKAHASHI,13 APR 1987,JPN,21,,Tokyo (JPN),08 JUN 2013,991
669,29:35.04,,Andrew KOWALSKY,03 MAR 1992,CAN,2f1,,"Princeton, NJ (USA)",05 APR 2013,990
670,29:35.08,,Kazuma OSAWA,21 JUN 1991,JPN,28f16,,Tokyo (JPN),23 NOV 2013,990
671,29:35.1h,,Bernard Kipsang CHUMBA,1988,KEN,5f2,,San Miniato (ITA),28 APR 2013,990
672,29:35.17,,Elliott KRAUSE,12 JUN 1990,USA,4,,"Columbus, OH (USA)",10 MAY 2013,990
673,29:35.42,,Rati RAM SAINI,03 MAR 1980,IND,3,,Pune (IND),04 JUL 2013,990
674,29:35.52,,Martin HEHIR,19 DEC 1992,USA,3,,"Piscataway, NJ (USA)",04 MAY 2013,989
675,29:35.59,,Conner PELOQUIN,04 MAY 1992,USA,2f1,,"Walnut, CA (USA)",18 APR 2013,989
676,29:35.69,,Dayne GRADONE,,USA,2,,"Walnut, CA (USA)",18 APR 2013,989
677,29:35.72,,Ram KHETA,20 SEP 1986,IND,4,,Pune (IND),04 JUL 2013,989
678,29:35.80,,Sean DAVIDSON,,USA,8f2,,"Palo Alto, CA (USA)",29 MAR 2013,989
679,29:35.81,,Dessie Getnet DEMLEW,18 SEP 1990,ETH,8,,"Central Stadium, Kazan (RUS)",08 JUL 2013,989
680,29:35.89,,Denis MAYAUD,22 APR 1986,FRA,5,,St-Maur (FRA),24 APR 2013,989
681,29:36.0h,,Gabriele CARLETTI,15 OCT 1985,ITA,6f2,,San Miniato (ITA),28 APR 2013,989
682,29:36.00,,Nick VAN PEBORGH,23 FEB 1984,BEL,6,,Duffel (BEL),04 MAY 2013,989
683,29:36.17,,Yolo NIKOLOV,04 FEB 1984,BUL,13,,Pravets (BUL),08 JUN 2013,989
684,29:36.38,,Borja Jeronimo GARCÍA MARTINEZ,30 MAY 1981,ESP,7,,Mataró (ESP),06 APR 2013,988
685,29:36.42,,Tom ANDERSON,12 JAN 1990,GBR,9f2,,"Palo Alto, CA (USA)",29 MAR 2013,988
686,29:36.48,,Pierce MURPHY,23 AUG 1993,USA,3,,"Los Angeles, CA (USA)",11 MAY 2013,988
687,29:36.49,,Mark BEAMS,,USA,3f1,,"Walnut, CA (USA)",18 APR 2013,988
688,29:36.60,,Jonathan PETERSON,06 JAN 1989,USA,27f1,,"Palo Alto, CA (USA)",29 MAR 2013,988
689,29:36.73,,Ruslan PECHNIKOV,14 OCT 1988,UKR,7,,Yalta (UKR),06 JUN 2013,988
690,29:36.80,,Seref DIRLI,01 JAN 1992,TUR,2,,Izmir (TUR),01 JUN 2013,988
690,29:36.80,,Mohammed ILABI,1993,MAR,6,,Casablanca (MAR),07 JUL 2013,988
692,29:36.8h,,Tsedat Abeje AYANA,18 FEB 1996,ETH,6,,Réduit (MRI),30 AUG 2013,988
693,29:37.04,,Giammarco BUTTAZZO,23 AUG 1977,ITA,14,,Pravets (BUL),08 JUN 2013,987
694,29:37.18,,Meles OBKBAZGHI,01 FEB 1985,ETH,6,,Birmingham (GBR),12 JUL 2013,987
695,29:37.25,,Ismael Apolo MONDRAGON ESCALONA,10 NOV 1988,MEX,4f1,,"Walnut, CA (USA)",18 APR 2013,987
696,29:37.26,,Yoshikazu KAWAZOE,26 SEP 1987,JPN,2f2,,Kitakyushu (JPN),18 MAY 2013,987
697,29:37.28,,Simone GARIBOLDI,16 JUL 1987,ITA,2f2,,Ancona (ITA),18 MAY 2013,987
698,29:37.29,,Kyle MCKENNA,,USA,10f2,,"Palo Alto, CA (USA)",29 MAR 2013,987
699,29:37.35,,Christian THOMPSON,02 JUL 1988,USA,13f2,,"Palo Alto, CA (USA)",28 APR 2013,987
700,29:37.57,,António SILVA,26 MAR 1987,POR,8,,Mataró (ESP),06 APR 2013,986
701,29:37.80,,Christopher JOHNSON,,USA,12f2,,"Palo Alto, CA (USA)",29 MAR 2013,986
702,29:37.85,,Fredrik UHRBOM,13 AUG 1977,SWE,5,,Borås (SWE),30 AUG 2013,986
703,29:37.89,,Matthew MCCLINTOCK,06 JAN 1994,USA,6,,"Columbus, OH (USA)",10 MAY 2013,986
704,29:37.99,,Phil SCHNEIDER,,USA,3,,"Hillsdale, MI (USA)",25 APR 2013,986
704,29:37.99,,Nathan MARTIN,18 DEC 1989,USA,1,,"Elgin, IL (USA)",04 MAY 2013,986
706,29:38.06,,Artur KOZLOWSKI,19 JAN 1985,POL,2,,Inowroclaw (POL),27 JUL 2013,986
707,29:38.21,,Neil BURTON,22 NOV 1982,GBR,7,,Birmingham (GBR),12 JUL 2013,986
708,29:38.26,,Kevin JOERGER,,USA,4,,"Walnut, CA (USA)",18 APR 2013,985
708,29:38.26,,Mikhail STRELKOV,25 JUL 1994,RUS,14,,Moskva (RUS),11 JUN 2013,985
710,29:38.30,,Alberto MONTORIO,1983,ITA,2,,Milano (ITA),14 SEP 2013,985
711,29:38.40,,Kabelo LESIA,25 AUG 1992,LES,4,,Gaborone (BOT),01 JUN 2013,985
712,29:38.41,,Bujie DUO,16 FEB 1994,CHN,10,,Shenyang (CHN),10 SEP 2013,985
713,29:38.42,,Robert SCRIBNER,16 NOV 1985,USA,2,,"Des Moines, IA (USA)",25 APR 2013,985
714,29:38.44,,Eric CAUSEY,,USA,5f1,,"Walnut, CA (USA)",18 APR 2013,985
715,29:38.65,,Du-haeng LEE,25 DEC 1981,KOR,1,,Incheon (KOR),22 OCT 2013,985
716,29:38.99,,Hendrik PFEIFFER,18 MAR 1993,GER,4,,Bremen (GER),04 MAY 2013,984
717,29:39.09,,Abdi-Hakin ULAD,14 JUN 1991,DEN,1,,Alleröd (DEN),10 AUG 2013,984
718,29:39.29,,Luke BAKER,,USA,6f1,,"Walnut, CA (USA)",18 APR 2013,984
719,29:39.36,,Amon TERER,06 APR 1992,KEN,9,,"Central Stadium, Kazan (RUS)",08 JUL 2013,984
720,29:39.49,,Mike MOVERMAN,23 NOV 1990,USA,3,,"Charlottesville, VA (USA)",11 MAY 2013,984
721,29:39.52,,Fatih BILGIC,01 JUN 1985,TUR,16,,Pravets (BUL),08 JUN 2013,984
722,29:39.55,,Isaac CHAVEZ,10 OCT 1990,USA,14f2,,"Palo Alto, CA (USA)",28 APR 2013,984
723,29:39.77,,Francesco BONA,19 DEC 1983,ITA,3,,Milano (ITA),14 SEP 2013,983
724,29:39.81,,Yuriy VYKHOPEN,08 MAY 1992,UKR,8,,Yalta (UKR),06 JUN 2013,983
725,29:39.85,,Atsushi IKAWA,13 DEC 1983,JPN,16f1,,Kobe (JPN),20 APR 2013,983
726,29:39.99,,Dan KERR,,USA,4,,"Hillsdale, MI (USA)",25 APR 2013,983
727,29:40.20,,Bruno ALBUQUERQUE,10 JAN 1989,POR,f1,,Brugg (SUI),25 JUN 2013,983
728,29:40.21,,Freddy GUIMARD,26 DEC 1986,FRA,6,,St-Maur (FRA),24 APR 2013,983
728,29:40.21,,Brian DOYLE,23 JUL 1992,USA,7,,"Philadelphia, PA (USA)",25 APR 2013,983
730,29:40.52,,Koki TAKADA,13 JUN 1993,JPN,1f2,,Kitami (JPN),06 JUL 2013,982
731,29:40.56,,Trent LUSIGNAN,,USA,5,,"Walnut, CA (USA)",18 APR 2013,982
732,29:40.61,,Suresh KUMAR,01 JUL 1991,IND,1,,Patiala (IND),26 APR 2013,982
733,29:40.76,,Jose COSTA,30 APR 1991,POR,f1,,Brugg (SUI),25 JUN 2013,982
734,29:40.81,,Johnnie GUY,,USA,15,,"Walnut, CA (USA)",18 APR 2013,982
735,29:40.96,,Takahiro MORI,22 MAY 1987,JPN,17f3,,Kitakyushu (JPN),18 MAY 2013,982
736,29:40.99,,Sergey PETROV,05 JUN 1990,RUS,15,,Moskva (RUS),11 JUN 2013,982
737,29:41.04,,Bryan GUIJARRO,11 APR 1994,USA,7f1,,"Walnut, CA (USA)",18 APR 2013,982
738,29:41.08,,Ian KIMPTON,08 NOV 1986,GBR,8,,Birmingham (GBR),12 JUL 2013,981
739,29:41.19,,Elphas MAIYO,,KEN,13f2,,"Palo Alto, CA (USA)",29 MAR 2013,981
740,29:41.21,,Didimo SÁNCHEZ,29 APR 1985,VEN,6,,"Walnut, CA (USA)",18 APR 2013,981
741,29:41.25,,Nicolae Alexandru SOARE,20 SEP 1991,ROU,1,,Bucureşti (ROU),24 AUG 2013,981
742,29:41.36,,Lakshmanan GOVINDAN,05 JUN 1990,IND,3,,Chennai (IND),07 JUN 2013,981
743,29:41.42,,Noah DRODDY,22 SEP 1990,USA,5,,"Hillsdale, MI (USA)",25 APR 2013,981
744,29:41.45,,Jono LAFLER,01 DEC 1989,USA,14f2,,"Palo Alto, CA (USA)",29 MAR 2013,981
745,29:41.52,,Akiyuki IWANAGA,28 SEP 1980,JPN,18f3,,Kitakyushu (JPN),18 MAY 2013,981
746,29:41.54,,Scott FAUBLE,05 NOV 1991,USA,16,,"Walnut, CA (USA)",18 APR 2013,981
747,29:41.83,,Kyo-jik LEE,13 DEC 1986,KOR,2,,Incheon (KOR),22 OCT 2013,980
748,29:41.88,,Pablo ALONSO,25 JUN 1980,ESP,9,,Mataró (ESP),06 APR 2013,980
749,29:42.01,,Thijs NIJHUIS,20 SEP 1992,DEN,8,,"Philadelphia, PA (USA)",25 APR 2013,980
750,29:42.14,,Richard MEDINA,15 JUN 1989,USA,5,,"Los Angeles, CA (USA)",11 MAY 2013,980
751,29:42.25,,Matthew VALERIANI,08 MAR 1992,USA,6f1,,"Raleigh, NC (USA)",29 MAR 2013,980
752,29:42.49,,Hayden LEGG,29 OCT 1990,USA,17,,"Walnut, CA (USA)",18 APR 2013,979
753,29:42.53,,Daichi KATO,10 JUN 1996,JPN,3f2,,Kitakyushu (JPN),18 MAY 2013,979
754,29:42.59,,Kevin POOL,05 FEB 1983,USA,1,,"San Francisco, CA (USA)",29 MAR 2013,979
755,29:42.63,,Rafael SANTOS,10 OCT 1985,BRA,8,,Piracicaba (BRA),26 APR 2013,979
756,29:42.99,,Stephen DINNEEN,12 NOV 1979,AUS,10,,Melbourne (AUS),12 DEC 2013,979
757,29:43.06,,Lars SÖDERGÅRD,1983,SWE,6,,Borås (SWE),30 AUG 2013,979
758,29:43.17,,Matt VANDER ROEST,,USA,6,,"Hillsdale, MI (USA)",25 APR 2013,978
759,29:43.35,,Jonathan GAULT,03 FEB 1991,USA,7,,"Walnut, CA (USA)",18 APR 2013,978
760,29:43.36,,Xiangdong WU,17 JAN 1994,CHN,11,,Shenyang (CHN),10 SEP 2013,978
761,29:43.39,,Jesper FAURSCHOU,01 JUL 1983,DEN,2,,Alleröd (DEN),10 AUG 2013,978
762,29:43.47,,Tito MEDRANO,01 FEB 1990,USA,15f2,,"Palo Alto, CA (USA)",29 MAR 2013,978
763,29:43.57,,Carlos Antonio DOS SANSOS,29 NOV 1980,BRA,9,,Piracicaba (BRA),26 APR 2013,978
764,29:43.70,,Kyohei NISHI,03 SEP 1991,JPN,7f1,,Kumagaya (JPN),20 SEP 2013,978
765,29:43.74,,Yusuke MITA,24 OCT 1989,JPN,33,,Kobe (JPN),21 APR 2013,978
766,29:43.83,,Elkanah KIBET,02 JUN 1983,KEN,28f1,,"Palo Alto, CA (USA)",29 MAR 2013,978
767,29:44.06,,Javier GARCÍA,27 OCT 1988,ESP,10,,Mataró (ESP),06 APR 2013,977
768,29:44.27,,Alex WOODROW,,USA,3f2,,"Lewisburg, PA (USA)",13 APR 2013,977
769,29:44.28,,Johan LARSSON,27 AUG 1983,SWE,7,,Borås (SWE),30 AUG 2013,977
770,29:44.51,,Matt MILLER,21 AUG 1989,USA,8,,"Walnut, CA (USA)",18 APR 2013,977
771,29:44.57,,Christian KREIENBÜHL,06 JUN 1981,SUI,1f1,,Brugg (SUI),25 JUN 2013,976
772,29:44.80,,Luis Paulo DA SILVA  ANTUNES,28 NOV 1980,BRA,10,,Piracicaba (BRA),26 APR 2013,976
773,29:44.82,,Van Lai NGUYEN,10 JUN 1986,VIE,1,,Naypiydaw (MYA),19 DEC 2013,976
774,29:44.86,,Tyler UDLAND,18 MAR 1992,USA,3f1,,"Princeton, NJ (USA)",05 APR 2013,976
775,29:44.92,,Josh LILLY,30 NOV 1985,GBR,9,,Birmingham (GBR),12 JUL 2013,976
776,29:44.99,,Marcin BŁAZIŃSKI,06 MAY 1988,POL,3,,Inowroclaw (POL),27 JUL 2013,976
777,29:45.23,,Mark ALLEN,29 SEP 1990,USA,3,,"Williamsburg, VA (USA)",05 APR 2013,976
778,29:45.26,,Ibrahim EZZAYDOUNI,28 APR 1991,ESP,1,,Mataró (ESP),06 APR 2013,975
779,29:45.39,,Igor OLEFIRENKO,14 MAR 1990,UKR,9,,Yalta (UKR),06 JUN 2013,975
780,29:45.43,,Yasuhito IKEDA,08 MAY 1983,JPN,14f2,,Kumagaya (JPN),20 SEP 2013,975
781,29:45.70,,Leoule DEGFAE,06 MAR 1990,USA,4,,"Charlottesville, VA (USA)",11 MAY 2013,975
782,29:45.77,,Alex MONROE,30 MAR 1992,USA,16f2,,"Palo Alto, CA (USA)",29 MAR 2013,975
783,29:45.83,,Matt KANE,09 APR 1990,USA,4f1,,"Princeton, NJ (USA)",05 APR 2013,975
784,29:45.90,,Reed KAMYSZEK,21 APR 1992,USA,17f2,,"Palo Alto, CA (USA)",29 MAR 2013,975
785,29:46.01,,Lucas SCARAVELLI DA SILVA,16 MAY 1984,BRA,11,,Piracicaba (BRA),26 APR 2013,974
786,29:46.08,,Tyler BYRNE,12 NOV 1991,USA,4,,"Piscataway, NJ (USA)",04 MAY 2013,974
787,29:46.26,,Jarrett LEBLANC,09 SEP 1990,USA,18,,"Walnut, CA (USA)",18 APR 2013,974
788,29:46.41,,Matt MCCULLOUGH,,USA,4f2,,"Lewisburg, PA (USA)",13 APR 2013,974
788,29:46.41,,Valentin PFEIL,17 JUL 1988,AUT,5,,Wageningen (NED),05 JUN 2013,974
790,29:46.49,,Brad MILOSEVIC,26 MAY 1989,AUS,11,,Melbourne (AUS),12 DEC 2013,974
791,29:46.61,,Boonthung SIRSUNG,30 MAY 1981,THA,2,,Naypiydaw (MYA),19 DEC 2013,974
792,29:46.63,,Yevgeniy KUNTS,21 APR 1993,RUS,16,,Moskva (RUS),11 JUN 2013,973
793,29:46.64,,Young-sul KWON,26 JUL 1989,KOR,2,,Ansan (KOR),06 MAY 2013,973
794,29:46.79,,Jordan HEBERT,02 AUG 1991,USA,9,,"Walnut, CA (USA)",18 APR 2013,973
795,29:47.08,,Kevin OLIVER,,USA,8f1,,"Walnut, CA (USA)",18 APR 2013,973
796,29:47.20,,Kaddour SLIMANI,1979,ITA,1f3,,Rubiera (ITA),28 APR 2013,973
797,29:47.52,,Franck Caldeira DE ALMEIDA,06 FEB 1983,BRA,12,,Piracicaba (BRA),26 APR 2013,972
798,29:47.53,,Jim ROSA,07 APR 1993,PUR,7,,"Los Angeles, CA (USA)",11 MAY 2013,972
798,29:47.53,,Cole ATKINS,21 NOV 1985,USA,4,,"Portland, OR (USA)",07 JUN 2013,972
800,29:47.60,,Aitor FERNÁNDEZ,13 AUG 1991,ESP,2,,Avilés (ESP),29 MAY 2013,972
801,29:47.63,,Young-jin KIM,27 SEP 1983,KOR,3,,Incheon (KOR),22 OCT 2013,972
802,29:47.66,,Alejandro Arroyo YAMIN,26 SEP 1991,MEX,4,,"Princeton, NJ (USA)",04 MAY 2013,972
803,29:47.69,,Mariano MASTROMARINO,15 SEP 1982,ARG,1,,Mar del Plata (ARG),31 MAR 2013,972
804,29:47.70,,Mynhardt KAWANIVI,03 MAR 1984,NAM,5,,Gaborone (BOT),01 JUN 2013,972
805,29:47.76,,Brandon HARGREAVES,20 JAN 1993,AUS,12,,Melbourne (AUS),12 DEC 2013,972
806,29:47.85,,Taoufik EL BARHOUMI,01 OCT 1981,MAR,2f3,,Rubiera (ITA),28 APR 2013,972
807,29:48.0h,,Lucas JANI,20 APR 1984,RSA,2,,Pretoria (RSA),16 MAR 2013,972
808,29:48.00,,Miguel Angel HERNANDEZ RUBIO,26 SEP 1985,MEX,9f1,,"Walnut, CA (USA)",18 APR 2013,972
809,29:48.09,,Ahmed OSMAN,01 JAN 1988,USA,19,,"Walnut, CA (USA)",18 APR 2013,971
810,29:48.19,,John RANERI,23 OCT 1991,USA,18f2,,"Palo Alto, CA (USA)",29 MAR 2013,971
811,29:48.35,,Alex RUSSEAU,18 MAY 1989,USA,7,,"Hillsdale, MI (USA)",25 APR 2013,971
811,29:48.35,,Phil NICHOLLS,29 SEP 1983,GBR,10,,Birmingham (GBR),12 JUL 2013,971
813,29:48.46,,José MADERA,23 SEP 1991,MEX,10f1,,"Walnut, CA (USA)",18 APR 2013,971
814,29:48.52,,Ryan PICKERING,12 MAY 1993,USA,1,,"Eugene, OR (USA)",19 APR 2013,971
815,29:48.57,,Isaac KEDIKOU,26 AUG 1990,BRN,2,,Doha (QAT),21 MAY 2013,971
816,29:48.77,,Scotty ALBAUGH,,USA,9,,"Columbus, OH (USA)",10 MAY 2013,970
817,29:49.06,,Benjamin BARBIER,23 NOV 1982,BEL,6,,Wageningen (NED),05 JUN 2013,970
818,29:49.20,,Brian LEUNG,17 OCT 1989,USA,29f1,,"Palo Alto, CA (USA)",29 MAR 2013,970
819,29:49.28,,William KINCAID,21 SEP 1992,USA,19f2,,"Palo Alto, CA (USA)",29 MAR 2013,970
820,29:49.30,,Nico COMPOSTO,27 AUG 1992,USA,6,,"Princeton, NJ (USA)",04 MAY 2013,970
821,29:49.31,,Scott DAHLBERG,09 SEP 1984,USA,10,,"Walnut, CA (USA)",18 APR 2013,970
822,29:49.37,,Lars BUDOLFSEN,12 AUG 1980,DEN,3,,Alleröd (DEN),10 AUG 2013,970
823,29:49.43,,Gabe CUADRA,05 NOV 1989,USA,11f1,,"Walnut, CA (USA)",18 APR 2013,970
824,29:49.45,,John CRAIN,27 MAY 1992,USA,2,,"La Crosse, WI (USA)",23 MAY 2013,969
825,29:49.56,,Brian KING,,USA,20f2,,"Palo Alto, CA (USA)",29 MAR 2013,969
826,29:49.62,,John POPE,,USA,4,,"Williamsburg, VA (USA)",05 APR 2013,969
827,29:49.66,,Shuhei HORIAI,13 AUG 1993,JPN,31f16,,Tokyo (JPN),23 NOV 2013,969
828,29:49.88,,Samuel MUELLER,,USA,3,,"San Francisco, CA (USA)",29 MAR 2013,969
829,29:50.00,,Colin COTTON,,USA,1,,"Cincinnati, OH (USA)",29 MAR 2013,969
830,29:50.01,,Flavio Henrique DE GUIMARAES ANDRADE,25 DEC 1983,BRA,13,,Piracicaba (BRA),26 APR 2013,969
831,29:50.03,,Nick RENBERG,,USA,8,,"Hillsdale, MI (USA)",25 APR 2013,969
832,29:50.06,,Radford GUNZENHAUSER,,USA,1f1,,"Williamsburg, VA (USA)",22 MAR 2013,969
833,29:50.56,,Pablo RAMIREZ,,USA,11,,"Walnut, CA (USA)",18 APR 2013,968
834,29:50.83,,David ROONEY,30 MAR 1988,IRL,1,,"Lake Charles, LA (USA)",10 MAY 2013,968
835,29:50.86,,Mark DENNIN,15 SEP 1989,USA,6,,"Piscataway, NJ (USA)",04 MAY 2013,967
836,29:50.88,,Jack HACKETT,,USA,7,,"Piscataway, NJ (USA)",04 MAY 2013,967
837,29:51.16,,Matt BELL,,USA,21f2,,"Palo Alto, CA (USA)",29 MAR 2013,967
838,29:51.36,,Anthony SOLIS,28 JUN 1990,USA,20,,"Walnut, CA (USA)",18 APR 2013,967
839,29:51.37,,Daniel TAPIA,21 APR 1987,USA,4,,"San Francisco, CA (USA)",29 MAR 2013,967
840,29:51.38,,Fengchen CHENG,14 JUN 1986,CHN,6,,Zhaoqing (CHN),28 APR 2013,967
841,29:51.53,,Taku MIYAHARA,31 JUL 1986,JPN,20f3,,Kitakyushu (JPN),18 MAY 2013,967
842,29:51.66,,Ryan RUTHERFORD,02 JUL 1992,USA,3,,"Des Moines, IA (USA)",25 APR 2013,966
843,29:51.70,,Tatsunori SENDO,12 MAY 1982,JPN,16f2,,Kumagaya (JPN),20 SEP 2013,966
844,29:51.76,,David OSBORN,,USA,22f2,,"Palo Alto, CA (USA)",29 MAR 2013,966
845,29:51.90,,Emmanuel LEJEUNE,29 JUN 1992,BEL,7,,St-Maur (FRA),24 APR 2013,966
846,29:51.97,,Zicheng LI,10 APR 1990,CHN,7,,Zhaoqing (CHN),28 APR 2013,966
847,29:52.05,,Sergey RYBIN,30 SEP 1985,RUS,17,,Moskva (RUS),11 JUN 2013,966
848,29:52.07,,Mike BRICE,,USA,4,,"Des Moines, IA (USA)",25 APR 2013,966
849,29:52.12,,Takahiro YAMANAKA,12 JUL 1986,JPN,17f2,,Kumagaya (JPN),20 SEP 2013,966
850,29:52.15,,Andrew EPPERSON,24 NOV 1990,USA,9,,"Hillsdale, MI (USA)",25 APR 2013,966
851,29:52.22,,Berhane OQUBIT,02 SEP 1978,ERI,f1,,Brugg (SUI),25 JUN 2013,966
852,29:52.23,,Tobias GRÖBL,1983,GER,2f1,,Regensburg (GER),16 MAR 2013,966
853,29:52.29,,James SLATER,14 NOV 1990,USA,5,,"San Francisco, CA (USA)",29 MAR 2013,965
854,29:52.45,,Barak WATSON,,USA,12,,"Walnut, CA (USA)",18 APR 2013,965
855,29:52.56,,Justin ENGLUND,01 APR 1990,USA,21,,"Walnut, CA (USA)",18 APR 2013,965
856,29:52.58,,Matt BROOKER,,USA,2,,"Cincinnati, OH (USA)",29 MAR 2013,965
857,29:52.60,,Mitchell HUNT,,USA,23f2,,"Palo Alto, CA (USA)",29 MAR 2013,965
858,29:52.65,,Michel BUTTER,05 NOV 1985,NED,1,,Amsterdam (NED),21 JUL 2013,965
859,29:52.91,,Martin MEDINA,27 APR 1990,USA,8,,"Los Angeles, CA (USA)",11 MAY 2013,965
860,29:53.01,,Japhet KIPKOECH,1990,KEN,6,,"San Francisco, CA (USA)",29 MAR 2013,964
860,29:53.01,,Antonio Carlos DE JESUS,13 JUN 1985,BRA,4,,São Paulo (BRA),06 JUN 2013,964
862,29:53.06,,Layne NIXON,11 NOV 1989,USA,2,,"Eugene, OR (USA)",19 APR 2013,964
863,29:53.16,,Derek ALCORN,14 SEP 1991,USA,10,,"Hillsdale, MI (USA)",25 APR 2013,964
864,29:53.28,,Dylan ANTHONY,,USA,7,,"San Francisco, CA (USA)",29 MAR 2013,964
865,29:53.34,,Alex VARNER,19 AUG 1985,USA,8,,"San Francisco, CA (USA)",29 MAR 2013,964
866,29:53.56,,Yuki MUNAKATA,20 DEC 1989,JPN,26,,Tokyo (JPN),08 JUN 2013,964
867,29:53.75,,Ali AL DAWOODI,29 JUN 1984,QAT,4,,Doha (QAT),30 APR 2013,963
868,29:53.83,,Tobias SCHREINDL,03 APR 1988,GER,5,,Bremen (GER),04 MAY 2013,963
869,29:53.90,,Manuel STÖCKERT,27 OCT 1988,GER,1,,Lübeck (GER),04 SEP 2013,963
870,29:53.96,,Max GROVES,,USA,5f2,,"Lewisburg, PA (USA)",13 APR 2013,963
870,29:53.96,,Reginaldo DE CAMPOS JUNIOR,08 JAN 1987,BRA,14,,Piracicaba (BRA),26 APR 2013,963
872,29:53.99,,Benjamin ASHKETTLE,09 SEP 1988,AUS,13,,Melbourne (AUS),12 DEC 2013,963
873,29:54.05,,Eliezer DE JESUS,27 OCT 1974,BRA,15,,Piracicaba (BRA),26 APR 2013,963
874,29:54.15,,Daniel PÉREZ,10 FEB 1986,ESP,11,,Mataró (ESP),06 APR 2013,963
875,29:54.20,,Mumin GALA,06 APR 1986,DJI,3,,Doha (QAT),21 MAY 2013,963
876,29:54.25,,Tyler MUELLER,,USA,6f2,,"Lewisburg, PA (USA)",13 APR 2013,963
877,29:54.3h,,Daniel Kipkirui NGENO,01 OCT 1982,KEN,7f2,,San Miniato (ITA),28 APR 2013,963
878,29:54.47,,Nesero KADI,20 MAY 1986,ETH,f1,,Brugg (SUI),25 JUN 2013,962
879,29:54.50,,Joeri WOLF,21 FEB 1991,NED,7,,Wageningen (NED),05 JUN 2013,962
880,29:54.60,,Roy HOORNWEG,08 MAY 1989,NED,2,,Amsterdam (NED),21 JUL 2013,962
881,29:54.90,,Ricardo GALINDO,,USA,2f1,,"Williamsburg, VA (USA)",22 MAR 2013,962
882,29:54.98,,Martin Esteban CUESTAS,08 DEC 1986,URU,1,,Montevideo (URU),25 MAY 2013,962
883,29:55.01,,Scott MORGAN,,USA,5,,"Charlottesville, VA (USA)",11 MAY 2013,962
884,29:55.15,,Juan Carlos ROMERO BERNAL,15 DEC 1977,MEX,1,,Zapopán (MEX),21 JUN 2013,961
885,29:55.24,,Xinglong WEN,28 JAN 1991,CHN,12,,Shenyang (CHN),10 SEP 2013,961
886,29:55.29,,John SWEENEY,,USA,9,,"Philadelphia, PA (USA)",25 APR 2013,961
887,29:55.31,,Ørjan GRØNNEVIG,14 FEB 1991,NOR,1,,Tønsberg (NOR),25 AUG 2013,961
888,29:55.36,,Nicholas WIGHTMAN,16 JAN 1985,AUS,14,,Melbourne (AUS),12 DEC 2013,961
889,29:55.37,,Sean GILDEA,,USA,11,,"Hillsdale, MI (USA)",25 APR 2013,961
890,29:55.49,,John CRAIN,30 DEC 1985,USA,1,,"Naperville, IL (USA)",28 MAR 2013,961
891,29:55.51,,Sergio PEDRAZA GONZÁLEZ,10 JAN 1986,MEX,2,,Zapopán (MEX),21 JUN 2013,961
892,29:55.62,,Daniel VERTIZ,,USA,3,,"Austin, TX (USA)",28 MAR 2013,961
892,29:55.62,,Malcolm RICHARDS,12 OCT 1982,USA,9,,"San Francisco, CA (USA)",29 MAR 2013,961
894,29:55.66,,Stephen FUELLING,,USA,13,,"Walnut, CA (USA)",18 APR 2013,961
895,29:55.69,,Brant HAASE,,USA,5,,"Des Moines, IA (USA)",25 APR 2013,961
896,29:55.85,,Ali Hassan MAHBOOB,31 DEC 1981,BRN,3,,Palembang (INA),25 SEP 2013,960
897,29:55.87,,Seth PROCTOR,04 NOV 1988,USA,6,,"Charlottesville, VA (USA)",11 MAY 2013,960
898,29:55.89,,Maksim KARAMASHEV,01 MAY 1987,RUS,18,,Moskva (RUS),11 JUN 2013,960
899,29:55.91,,Kevin DOONEY,07 JUL 1993,IRL,5f1,,"Princeton, NJ (USA)",05 APR 2013,960
900,29:55.97,,Jake SIENKO,06 MAY 1992,USA,30f1,,"Palo Alto, CA (USA)",29 MAR 2013,960
901,29:56.12,,Masashi WADA,10 JUN 1980,JPN,8f1,,Kumagaya (JPN),20 SEP 2013,960
902,29:56.15,,Evan ESSELINK,28 FEB 1992,CAN,10,,"Columbus, OH (USA)",10 MAY 2013,960
903,29:56.26,,Yoshitaro SHINDEN,1989,JPN,27,,Tokyo (JPN),08 JUN 2013,960
904,29:56.43,,David ELLIOTT,21 JUL 1993,USA,14,,"Walnut, CA (USA)",18 APR 2013,960
905,29:56.70,,Brian ATKINSON,19 MAR 1992,USA,7,,"Charlottesville, VA (USA)",11 MAY 2013,959
906,29:57.05,,Aaron BACK,,USA,15,,"Walnut, CA (USA)",18 APR 2013,959
907,29:57.08,,Nico GRECO,,USA,7f2,,"Lewisburg, PA (USA)",13 APR 2013,959
908,29:57.46,,Phil RIZZO,,USA,1f2,,St. Louis (USA),29 MAR 2013,958
909,29:57.64,,Joshua MACDONALD,20 MAR 1992,USA,24f2,,"Palo Alto, CA (USA)",29 MAR 2013,958
909,29:57.64,,Bobby CURTIS,28 NOV 1984,USA,16,,"Drake Stadium, Des Moines, IA (USA)",20 JUN 2013,958
911,29:57.86,,Mårten BOSTRÖM,03 AUG 1982,FIN,3,,Stockholm (SWE),07 SEP 2013,958
912,29:58.11,,Moritz STEININGER,1993,GER,,,Brugg (SUI),25 JUN 2013,957
913,29:58.14,,Anthony ALOISIO,02 NOV 1992,AUS,15,,Melbourne (AUS),12 DEC 2013,957
914,29:58.51,,David DE MACEDO,07 MAY 1984,BRA,5,,São Paulo (BRA),06 JUN 2013,957
915,29:58.56,,Giovanni AUCIELLO,21 JUL 1980,ITA,4f2,,Ancona (ITA),18 MAY 2013,957
916,29:58.57,,Daniel VARGAS DE JÉSUS,06 MAR 1984,MEX,3,,Zapopán (MEX),21 JUN 2013,957
917,29:58.69,,Alfredo SANTANA,08 APR 1991,USA,1,,"Charlotte, NC (USA)",04 MAY 2013,956
918,29:58.73,,Maksim PANKRATAU,08 FEB 1988,BLR,2,,Grodno (BLR),25 JUL 2013,956
919,29:58.84,,Oleksandr BABARIKA,22 MAY 1984,UKR,10,,Yalta (UKR),06 JUN 2013,956
920,29:58.88,,Ryan LEE,,USA,5,,"Williamsburg, VA (USA)",05 APR 2013,956
921,29:59.07,,Dino BOŠNJAK,21 JAN 1994,CRO,3,,"Stadio Guidobaldi, Rieti (ITA)",18 JUL 2013,956
922,29:59.31,,Cole DECKER,,USA,12f1,,"Walnut, CA (USA)",18 APR 2013,955
923,29:59.47,,Phil ROYER,18 DEC 1990,USA,8,,"Princeton, NJ (USA)",04 MAY 2013,955
924,29:59.6h,,Bernard WAWERU,1986,KEN,1,,Thika (KEN),12 APR 2013,955
925,29:59.80,,Anthony COSTALES,29 SEP 1988,USA,16,,"Walnut, CA (USA)",18 APR 2013,955
926,29:59.8h,,José Luis ROJAS,05 APR 1992,PER,1,,Lima (PER),02 JUN 2013,955
927,30:00.07,,Łukasz KUJAWSKI,02 MAR 1988,POL,4,,Inowroclaw (POL),27 JUL 2013,954
928,30:00.14,,Matthew JOHNSEN,27 JUN 1988,AUS,22,,"Walnut, CA (USA)",18 APR 2013,954
929,30:00.19,,Andrea PRANNO,21 DEC 1990,ITA,5f2,,Ancona (ITA),18 MAY 2013,954
929,30:00.19,,Jinlong CHEN,05 JUL 1991,CHN,13,,Shenyang (CHN),10 SEP 2013,954
931,30:00.20,,Arjun PRADHAN,03 JAN 1982,IND,5,,Chennai (IND),07 JUN 2013,954
932,30:00.32,,Michael MCGOWAN,29 APR 1993,USA,8f2,,"Lewisburg, PA (USA)",13 APR 2013,954
933,30:00.38,,Michael HELLER,25 FEB 1990,USA,6f1,,"Princeton, NJ (USA)",05 APR 2013,954
934,30:00.71,,Matt SONNENFELDT,,USA,16f2,,"Palo Alto, CA (USA)",28 APR 2013,953
935,30:00.85,,Peter KISSIN,,USA,4,,"La Crosse, WI (USA)",23 MAY 2013,953
936,30:00.95,,Chris STADLER,,USA,7f1,,"Princeton, NJ (USA)",05 APR 2013,953
937,30:00.97,,Marius VEDVIK,18 MAR 1992,NOR,1,,Fana (NOR),18 SEP 2013,953
938,30:01.00,,Dan KERLEY,,USA,6,,"Des Moines, IA (USA)",25 APR 2013,953
939,30:01.10,,Giovanni GUALDI,25 NOV 1979,ITA,6f2,,Ancona (ITA),18 MAY 2013,953
940,30:01.11,,Maru TEFERI,17 AUG 1992,ISR,1,,Tel Aviv (ISR),03 FEB 2013,953
941,30:01.18,,Ruben SCHEURWATER,19 FEB 1980,NED,8,,Wageningen (NED),05 JUN 2013,953
942,30:01.25,,Robert MOLKE,28 JAN 1991,USA,9,,"Piscataway, NJ (USA)",04 MAY 2013,953
943,30:01.47,,Ajay KUMAR PATEL,12 JUL 1984,IND,1,,Lucknow (IND),28 NOV 2013,952
944,30:01.98,,Filipe ROSA,14 JUL 1984,POR,1,,Fátima (POR),27 APR 2013,952
945,30:02.02,,Everett HACKETT,02 APR 1990,USA,3f1,,"Williamsburg, VA (USA)",22 MAR 2013,952
946,30:02.15,,Ryan HERSON,,USA,9,,"Los Angeles, CA (USA)",11 MAY 2013,951
947,30:02.19,,Enzo YÁÑEZ,13 SEP 1985,CHI,3,,Concepción (CHI),25 MAY 2013,951
948,30:02.52,,Darren DEED,07 MAY 1978,GBR,2,,Parliament Hill (GBR),06 JUN 2013,951
949,30:02.64,,Arttu VATTULAINEN,03 DEC 1991,FIN,2,,Jämsä (FIN),29 JUN 2013,951
950,30:02.71,,Ronald SCHRÖER,28 SEP 1984,NED,3,,Amsterdam (NED),21 JUL 2013,951
951,30:02.72,,Eirik GRAMSTAD,24 SEP 1984,NOR,2,,Sandviken (SWE),04 MAY 2013,951
951,30:02.72,,Mukesh Rawat KUMAR,02 FEB 1987,IND,2,,Lucknow (IND),28 NOV 2013,951
953,30:02.83,,Daniel HARPER,,USA,2,,"Philadelphia, PA (USA)",25 APR 2013,950
954,30:02.93,,Håkon BROX,18 JAN 1985,NOR,2,,Tønsberg (NOR),25 AUG 2013,950
955,30:03.09,,Ganbileg BOR,,USA,13f1,,"Walnut, CA (USA)",18 APR 2013,950
956,30:03.45,,Jake ERSCHEN,,USA,25f2,,"Palo Alto, CA (USA)",29 MAR 2013,950
957,30:03.49,,Adrian LEHMANN,06 DEC 1989,SUI,20,,Pravets (BUL),08 JUN 2013,950
958,30:03.61,,Mohamed LAQOUAHI,16 MAR 1978,MAR,4f3,,Rubiera (ITA),28 APR 2013,949
959,30:03.64,,Nico SONNENBERG,11 SEP 1991,GER,6,,Bremen (GER),04 MAY 2013,949
960,30:03.73,,Ian FORSYTH,1972,CAN,12,,"Hillsdale, MI (USA)",25 APR 2013,949
961,30:04.23,,Kaijun HU,15 MAR 1989,CHN,8,,Zhaoqing (CHN),28 APR 2013,949
962,30:04.51,,Ben FISH,21 MAY 1982,GBR,11,,Birmingham (GBR),12 JUL 2013,948
963,30:04.53,,Sergey SUSHCHIKH,05 APR 1993,RUS,17,,"Walnut, CA (USA)",18 APR 2013,948
964,30:04.80,,Domingos Nonato DA SILVA,11 JUN 1978,BRA,17,,Piracicaba (BRA),26 APR 2013,948
965,30:04.81,,Giovanni RUGGIERO,19 JAN 1974,ITA,7f2,,Ancona (ITA),18 MAY 2013,948
966,30:04.91,,Scott RYAN,,USA,9f2,,"Lewisburg, PA (USA)",13 APR 2013,948
967,30:05.11,,Dmytro LASHYN,17 FEB 1988,UKR,1,,Yalta (UKR),17 MAY 2013,947
968,30:05.29,,Patricio URIBE,21 JUN 1981,CHI,4,,Concepción (CHI),25 MAY 2013,947
969,30:05.30,,Guoxiong SU,26 MAY 1992,CHN,14,,Shenyang (CHN),10 SEP 2013,947
970,30:05.53,,Vishram MEENA,,IND,4,,Ranchi (IND),10 SEP 2013,947
971,30:05.57,,John DEWITT,30 APR 1991,USA,13,,"Hillsdale, MI (USA)",25 APR 2013,947
972,30:05.63,,Mustapha HOUDADI,05 AUG 1986,MAR,7,,Casablanca (MAR),07 JUL 2013,947
973,30:05.67,,Aiden IRISH,,USA,14f1,,"Walnut, CA (USA)",18 APR 2013,946
974,30:05.76,,Max ROBINSON,,USA,10,,"Philadelphia, PA (USA)",25 APR 2013,946
974,30:05.76,,Ankit MALIK,1996,IND,1,,Patiala (IND),27 DEC 2013,946
976,30:05.85,,Jakub NOWAK,18 NOV 1989,POL,12,,Birmingham (GBR),12 JUL 2013,946
977,30:05.89,,Mijue NIMA,08 JUN 1995,CHN,15,,Shenyang (CHN),10 SEP 2013,946
978,30:06.10,,Chunhui LI,09 AUG 1992,CHN,3,,Jinan (CHN),12 MAY 2013,946
979,30:06.31,,Kyle KING,30 OCT 1989,USA,11,,"Waco, TX (USA)",03 MAY 2013,946
980,30:06.39,,Brady THRELFALL,29 DEC 1987,AUS,16,,Melbourne (AUS),12 DEC 2013,945
981,30:06.41,,Seung-yeb YOU,16 JAN 1992,KOR,1,,Incheon (KOR),21 OCT 2013,945
982,30:06.56,,Bahlbi GEBREYOHANNS,27 JUL 1990,USA,15f1,,"Walnut, CA (USA)",18 APR 2013,945
983,30:06.83,,Mauricio MATUTE,25 AUG 1994,ECU,1f2,,"Walnut, CA (USA)",18 APR 2013,945
984,30:07.30,,Thomas CURTIN,08 AUG 1993,USA,9f1,,"Raleigh, NC (USA)",29 MAR 2013,944
985,30:07.42,,Aleksey POLTANOV,11 OCT 1989,RUS,19,,Moskva (RUS),11 JUN 2013,944
986,30:07.45,,Henry Rutto KIPLAGAT,25 MAY 1982,KEN,1,,Doha (QAT),16 APR 2013,944
987,30:07.50,,Aron RONO,01 NOV 1982,USA,18,,"Drake Stadium, Des Moines, IA (USA)",20 JUN 2013,944
988,30:07.62,,Stephen SAYLOR,11 APR 1991,USA,16f1,,"Walnut, CA (USA)",18 APR 2013,944
989,30:07.79,,Andrew PALMER,07 JUL 1992,USA,26f2,,"Palo Alto, CA (USA)",29 MAR 2013,944
990,30:07.80,,Matt BAYLEY,26 FEB 1989,AUS,11,,"Philadelphia, PA (USA)",25 APR 2013,943
991,30:07.81,,Chieh-Wen CHIANG,05 FEB 1982,TPE,1,,Taipei City (TPE),20 OCT 2013,943
992,30:08.01,,Daniele CAIMMI,17 DEC 1972,ITA,8f2,,Ancona (ITA),18 MAY 2013,943
993,30:08.09,,Mark PINALES,27 APR 1993,USA,5,,"Austin, TX (USA)",28 MAR 2013,943
994,30:08.23,,Jiří HOMOLÁČ,25 FEB 1990,CZE,3,,Domažlice (CZE),04 MAY 2013,943
995,30:08.28,,Michael CONWAY,,USA,6,,"Williamsburg, VA (USA)",05 APR 2013,943
996,30:08.41,,Patrick JENKINS,,USA,14,,"Hillsdale, MI (USA)",25 APR 2013,943
997,30:08.43,,Szymon KULKA,22 JUN 1993,POL,1,,Sosnowiec (POL),27 APR 2013,943
998,30:08.46,,Oleksandr ZHULІNSKIY,27 OCT 1989,UKR,2,,Yalta (UKR),17 MAY 2013,943
999,30:08.91,,Vasili PAPASTRAT,,USA,10f2,,"Lewisburg, PA (USA)",13 APR 2013,942
1000,30:08.93,,Michael NIELSEN,23 NOV 1980,DEN,3,,Sandviken (SWE),04 MAY 2013,942
