Rank,Mark,Competitor,DOB,Nat,Pos,,Venue,Date,ResultScore
1,26:51.02,Dejen GEBREMESKEL,24 NOV 1989,ETH,1,,Sollentuna (SWE),27 JUN 2013,1241
2,26:52.85,Abera KUMA,31 AUG 1990,ETH,2,,Sollentuna (SWE),27 JUN 2013,1238
3,26:57.33,Imane MERGA,15 OCT 1988,ETH,3,,Sollentuna (SWE),27 JUN 2013,1230
4,27:12.08,Kenenisa BEKELE,13 JUN 1982,ETH,1,,"Hayward Field, Eugene, OR (USA)",31 MAY 2013,1207
5,27:12.37,Imane MERGA,15 OCT 1988,ETH,2,,"Hayward Field, Eugene, OR (USA)",31 MAY 2013,1206
6,27:13.10,Abera KUMA,31 AUG 1990,ETH,3,,"Hayward Field, Eugene, OR (USA)",31 MAY 2013,1205
7,27:13.12,Bedan KAROKI,21 AUG 1990,KEN,4,,"Hayward Field, Eugene, OR (USA)",31 MAY 2013,1205
8,27:14.34,Birhan NEBEBEW,14 AUG 1994,ETH,5,,"Hayward Field, Eugene, OR (USA)",31 MAY 2013,1203
9,27:15.51,Yigrem DEMELASH,26 JAN 1994,ETH,4,,Sollentuna (SWE),27 JUN 2013,1201
10,27:17.30,Vincent Kiprop CHEPKOK,05 JUL 1988,KEN,6,,"Hayward Field, Eugene, OR (USA)",31 MAY 2013,1199
11,27:19.97,Teklemariam MEDHIN,24 JUN 1989,ERI,7,,"Hayward Field, Eugene, OR (USA)",31 MAY 2013,1194
12,27:21.50,Paul Kipngetich TANUI,22 DEC 1990,KEN,1f3,,Kitakyushu (JPN),18 MAY 2013,1192
13,27:21.71,Mo FARAH,23 MAR 1983,GBR,1,,"Luzhniki Stadion, Moskva (RUS)",10 AUG 2013,1192
14,27:22.23,Ibrahim JEILAN,12 JUN 1989,ETH,2,,"Luzhniki Stadion, Moskva (RUS)",10 AUG 2013,1191
15,27:22.61,Paul Kipngetich TANUI,22 DEC 1990,KEN,3,,"Luzhniki Stadion, Moskva (RUS)",10 AUG 2013,1190
16,27:24.39,Galen RUPP,08 MAY 1986,USA,4,,"Luzhniki Stadion, Moskva (RUS)",10 AUG 2013,1187
17,27:24.65,Yigrem DEMELASH,26 JAN 1994,ETH,8,,"Hayward Field, Eugene, OR (USA)",31 MAY 2013,1187
18,27:25.27,Abera KUMA,31 AUG 1990,ETH,5,,"Luzhniki Stadion, Moskva (RUS)",10 AUG 2013,1186
19,27:26.43,Paul Kipngetich TANUI,22 DEC 1990,KEN,1f3,,Kumagaya (JPN),20 SEP 2013,1184
20,27:27.17,Bedan KAROKI,21 AUG 1990,KEN,6,,"Luzhniki Stadion, Moskva (RUS)",10 AUG 2013,1183
21,27:28.11,Atsedu TSEGAY,17 DEC 1991,ETH,5,,Sollentuna (SWE),27 JUN 2013,1181
22,27:28.50,Kenneth Kiprop KIPKEMOI,02 AUG 1984,KEN,7,,"Luzhniki Stadion, Moskva (RUS)",10 AUG 2013,1181
23,27:28.67,Patrick Mutunga MWIKYA,20 NOV 1994,KEN,1,,Tajimi (JPN),14 OCT 2013,1181
24,27:28.71,Emmanuel Kipkemei BETT,29 MAR 1985,KEN,9,,"Hayward Field, Eugene, OR (USA)",31 MAY 2013,1181
25,27:29.21,Nguse AMLOSOM,10 NOV 1986,ERI,8,,"Luzhniki Stadion, Moskva (RUS)",10 AUG 2013,1180
26,27:30.51,Edward WAWERU,03 OCT 1990,KEN,2f3,,Kumagaya (JPN),20 SEP 2013,1178
27,27:30.65,Bedan KAROKI,21 AUG 1990,KEN,1f2,,Ibaraki (JPN),18 MAY 2013,1177
28,27:31.07,Timothy TOROITICH,10 OCT 1991,UGA,10,,"Hayward Field, Eugene, OR (USA)",31 MAY 2013,1177
29,27:31.61,Bedan KAROKI,21 AUG 1990,KEN,1,,Nairobi (KEN),13 JUL 2013,1176
30,27:32.00,Goitom KIFLE,03 DEC 1993,ERI,11,,"Hayward Field, Eugene, OR (USA)",31 MAY 2013,1175
31,27:32.76,Paul Kipngetich TANUI,22 DEC 1990,KEN,2,,Nairobi (KEN),13 JUL 2013,1174
32,27:33.13,Leonard BARSOTON,21 OCT 1994,KEN,1f1,,Fukagawa (JPN),29 JUN 2013,1174
33,27:33.38,Jeremiah KAREMI,07 JUL 1994,KEN,2f1,,Fukagawa (JPN),29 JUN 2013,1173
34,27:35.76,Mohammed AHMED,05 JAN 1991,CAN,9,,"Luzhniki Stadion, Moskva (RUS)",10 AUG 2013,1169
35,27:37.55,Ben ST. LAWRENCE,07 NOV 1981,AUS,1f1,,"Palo Alto, CA (USA)",28 APR 2013,1167
36,27:37.90,Dathan RITZENHEIN,30 DEC 1982,USA,10,,"Luzhniki Stadion, Moskva (RUS)",10 AUG 2013,1166
37,27:38.15,Tariku BEKELE,28 FEB 1987,ETH,12,,"Hayward Field, Eugene, OR (USA)",31 MAY 2013,1166
38,27:38.31,Suguru OSAKO,23 MAY 1991,JPN,2f1,,"Palo Alto, CA (USA)",28 APR 2013,1165
39,27:39.50,Yuki SATO,26 NOV 1986,JPN,3f1,,"Palo Alto, CA (USA)",28 APR 2013,1164
40,27:40.44,Patrick Mutunga MWIKYA,20 NOV 1994,KEN,1,,Kobe (JPN),21 APR 2013,1162
41,27:40.81,Chris THOMPSON,17 APR 1981,GBR,4f1,,"Palo Alto, CA (USA)",28 APR 2013,1162
42,27:40.96,Thomas AYEKO,10 FEB 1992,UGA,11,,"Luzhniki Stadion, Moskva (RUS)",10 AUG 2013,1161
43,27:41.28,Kenneth Kiprop KIPKEMOI,02 AUG 1984,KEN,3,,Nairobi (KEN),13 JUL 2013,1161
44,27:41.30,Elroy GELANT,25 AUG 1986,RSA,1,,Durban (RSA),27 APR 2013,1161
45,27:42.02,Imane MERGA,15 OCT 1988,ETH,12,,"Luzhniki Stadion, Moskva (RUS)",10 AUG 2013,1160
46,27:43.27,Emmanuel Kipkemei BETT,29 MAR 1985,KEN,4,,Nairobi (KEN),13 JUL 2013,1158
47,27:43.99,Bashir ABDI,10 FEB 1989,BEL,5f1,,"Palo Alto, CA (USA)",28 APR 2013,1157
48,27:44.05,Ryan VAIL,19 MAR 1986,USA,6f1,,"Palo Alto, CA (USA)",28 APR 2013,1157
49,27:44.26,Josphat Kipkoech BETT,12 JUN 1990,KEN,5,,Nairobi (KEN),13 JUL 2013,1156
50,27:44.53,Moses Ndiema KIPSIRO,02 SEP 1986,UGA,13,,"Luzhniki Stadion, Moskva (RUS)",10 AUG 2013,1156
51,27:44.58,Aaron BRAUN,28 MAY 1987,USA,7f1,,"Palo Alto, CA (USA)",28 APR 2013,1156
52,27:45.46,Jake ROBERTSON,14 NOV 1989,NZL,8f1,,"Palo Alto, CA (USA)",28 APR 2013,1154
53,27:46.06,Samuel CHELANGA,23 FEB 1985,KEN,1,,Melbourne (AUS),12 DEC 2013,1153
54,27:46.35,Agato Yashin HASSAN,19 JAN 1986,ETH,1f1,,Hachioji (JPN),01 DEC 2013,1153
55,27:46.56,Kenenisa BEKELE,13 JUN 1982,ETH,1,,Lier (BEL),30 JUN 2013,1153
56,27:47.89,Cameron LEVINS,28 MAR 1989,CAN,14,,"Luzhniki Stadion, Moskva (RUS)",10 AUG 2013,1151
57,27:48.55,William Malel SITONIK,01 MAR 1994,KEN,1f12,,Yokohama (JPN),28 SEP 2013,1150
58,27:50.07,Jacob WANJIKU,16 JAN 1986,KEN,2f1,,Hachioji (JPN),01 DEC 2013,1147
59,27:50.70,Mohammed AHMED,05 JAN 1991,CAN,13,,"Hayward Field, Eugene, OR (USA)",31 MAY 2013,1146
60,27:50.78,Sean QUIGLEY,08 FEB 1985,USA,9f1,,"Palo Alto, CA (USA)",28 APR 2013,1146
61,27:50.79,Tsuyoshi UGACHI,27 APR 1987,JPN,15,,"Luzhniki Stadion, Moskva (RUS)",10 AUG 2013,1146
62,27:51.10,Patrick MWAKA,02 NOV 1992,KEN,3f1,,Hachioji (JPN),01 DEC 2013,1146
63,27:51.13,Paul Kipngetich TANUI,22 DEC 1990,KEN,2,,Kobe (JPN),21 APR 2013,1146
64,27:51.54,Keita SHITARA,18 DEC 1991,JPN,1,,Nobeoka (JPN),11 MAY 2013,1145
65,27:51.88,Dejen GEBREMESKEL,24 NOV 1989,ETH,16,,"Luzhniki Stadion, Moskva (RUS)",10 AUG 2013,1144
66,27:52.38,Girma MECHESO,16 JAN 1988,ETH,10f1,,"Palo Alto, CA (USA)",28 APR 2013,1144
67,27:52.65,Martin Irungu MATHATHI,25 DEC 1985,KEN,2,,Nobeoka (JPN),11 MAY 2013,1143
68,27:53.34,Tetsuya YOROIZAKA,20 MAR 1990,JPN,4f1,,Hachioji (JPN),01 DEC 2013,1142
69,27:53.85,Leonard Patrick KOMON,10 JAN 1988,KEN,6,,Nairobi (KEN),13 JUL 2013,1141
70,27:54.00,Paul KUIRA,25 JAN 1991,KEN,5f1,,Hachioji (JPN),01 DEC 2013,1141
71,27:54.35,Daniel GITAU,01 OCT 1987,KEN,3f1,,Fukagawa (JPN),29 JUN 2013,1141
72,27:54.74,Melaku ABERA,20 APR 1994,ETH,3f3,,Kumagaya (JPN),20 SEP 2013,1140
73,27:54.82,Yuta SHITARA,18 DEC 1991,JPN,3,,Nobeoka (JPN),11 MAY 2013,1140
74,27:55.0h,Geoffrey MUTAI,07 OCT 1981,KEN,1,,Nairobi (KEN),22 JUN 2013,1140
75,27:55.07,Tonny OKELLO,26 DEC 1983,UGA,11f1,,"Palo Alto, CA (USA)",28 APR 2013,1139
76,27:55.27,Tsuyoshi UGACHI,27 APR 1987,JPN,12f1,,"Palo Alto, CA (USA)",28 APR 2013,1139
77,27:55.75,William Malel SITONIK,01 MAR 1994,KEN,7,,Nairobi (KEN),13 JUL 2013,1138
78,27:56.0h,Emmanuel Kipkemei BETT,29 MAR 1985,KEN,2,,Nairobi (KEN),22 JUN 2013,1138
79,27:56.22,Collis BIRMINGHAM,27 DEC 1984,AUS,2,,Melbourne (AUS),12 DEC 2013,1138
80,27:56.28,Patrick MWAKA,02 NOV 1992,KEN,1,,Gifu (JPN),11 MAY 2013,1138
81,27:56.38,Goitom KIFLE,03 DEC 1993,ERI,17,,"Luzhniki Stadion, Moskva (RUS)",10 AUG 2013,1137
82,27:56.78,Andrew BUMBALOUGH,14 MAR 1987,USA,13f1,,"Palo Alto, CA (USA)",28 APR 2013,1137
83,27:57.51,Abayneh AYELE,04 NOV 1987,ETH,1f2,,Fukagawa (JPN),29 JUN 2013,1136
84,27:57.69,Juan Luis BARRIOS,24 JUN 1983,MEX,14,,"Hayward Field, Eugene, OR (USA)",31 MAY 2013,1135
85,27:57.90,Chihiro MIYAWAKI,28 AUG 1991,JPN,6f1,,Hachioji (JPN),01 DEC 2013,1135
86,27:57.92,Carles CASTILLEJO,18 AUG 1978,ESP,1,,Mataró (ESP),06 APR 2013,1135
87,27:58.02,Alex MWANGI,14 JUN 1990,KEN,4f1,,Fukagawa (JPN),29 JUN 2013,1135
88,27:58.44,Martin Irungu MATHATHI,25 DEC 1985,KEN,3,,Kobe (JPN),21 APR 2013,1134
89,27:59.11,Joseph Mana NDIRANGU,09 SEP 1994,KEN,5f1,,Fukagawa (JPN),29 JUN 2013,1133
90,27:59.15,Patrick MWAKA,02 NOV 1992,KEN,4,,Kobe (JPN),21 APR 2013,1133
91,27:59.22,Christopher LANDRY,29 APR 1986,USA,14f1,,"Palo Alto, CA (USA)",28 APR 2013,1133
92,27:59.7h,Emmanuel KIPSANG,13 JUN 1991,KEN,3,,Nairobi (KEN),22 JUN 2013,1132
93,27:59.96,Azmeraw MENGIST,15 SEP 1992,ETH,2f2,,Ibaraki (JPN),18 MAY 2013,1132
94,28:01.01,Kassa MAKASHAW,19 MAR 1984,ETH,2f2,,Fukagawa (JPN),29 JUN 2013,1130
95,28:01.30,Alex MWANGI,14 JUN 1990,KEN,7f1,,Hachioji (JPN),01 DEC 2013,1130
96,28:01.87,Johnson KIUMBANI,27 JAN 1993,KEN,3f2,,Ibaraki (JPN),18 MAY 2013,1129
97,28:02.18,Paul Kipngetich TANUI,22 DEC 1990,KEN,6f1,,Fukagawa (JPN),29 JUN 2013,1128
98,28:02.36,Chihiro MIYAWAKI,28 AUG 1991,JPN,7f1,,Fukagawa (JPN),29 JUN 2013,1128
99,28:02.79,Daniel MUIVA KITONYI,12 JAN 1994,KEN,1f10,,Yokohama (JPN),30 NOV 2013,1128
100,28:02.86,Milion YEHWALAESHET,24 JAN 1989,ETH,3f2,,Fukagawa (JPN),29 JUN 2013,1127
101,28:03.0h,Josphat Kiprono MENJO,20 AUG 1979,KEN,4,,Nairobi (KEN),22 JUN 2013,1127
101,28:03.0h,Hosea Mwok MACHARINYANG,12 JUN 1986,KEN,5,,Nairobi (KEN),22 JUN 2013,1127
101,28:03.00,Alex MWANGI,14 JUN 1990,KEN,1f1,,Kitami (JPN),06 JUL 2013,1127
104,28:04.54,Chris DERRICK,17 OCT 1990,USA,18,,"Luzhniki Stadion, Moskva (RUS)",10 AUG 2013,1125
105,28:05.13,Johana MAINA,24 DEC 1990,KEN,8f1,,Hachioji (JPN),01 DEC 2013,1124
106,28:05.66,Leul GEBRESILASE,20 SEP 1992,ETH,2f1,,Kitami (JPN),06 JUL 2013,1123
107,28:05.79,Shogo NAKAMURA,16 SEP 1992,JPN,4,,Nobeoka (JPN),11 MAY 2013,1123
108,28:06.52,Chihiro MIYAWAKI,28 AUG 1991,JPN,4f3,,Kumagaya (JPN),20 SEP 2013,1122
109,28:06.74,Daniele MEUCCI,07 OCT 1985,ITA,19,,"Luzhniki Stadion, Moskva (RUS)",10 AUG 2013,1121
110,28:07.18,Abayneh AYELE,04 NOV 1987,ETH,9f1,,Hachioji (JPN),01 DEC 2013,1121
111,28:07.54,Shinobu KUBOTA,12 DEC 1991,JPN,10f1,,Hachioji (JPN),01 DEC 2013,1120
112,28:08.5h,John Nzau MWANGANGI,11 JAN 1990,KEN,6,,Nairobi (KEN),22 JUN 2013,1119
113,28:09.56,Yuichiro UENO,29 JUL 1985,JPN,5,,Nobeoka (JPN),11 MAY 2013,1117
114,28:09.70,Stephen MOKOKA,31 JAN 1985,RSA,2,,Durban (RSA),27 APR 2013,1117
115,28:09.97,Melaku ABERA,20 APR 1994,ETH,4f2,,Fukagawa (JPN),29 JUN 2013,1117
116,28:11.32,Alex MWANGI,14 JUN 1990,KEN,1,,Niigata (JPN),12 MAY 2013,1114
117,28:11.61,Stephen MOKOKA,31 JAN 1985,RSA,20,,"Luzhniki Stadion, Moskva (RUS)",10 AUG 2013,1114
118,28:11.81,Cyrus Gichobi NJUI,11 FEB 1986,KEN,2f12,,Yokohama (JPN),28 SEP 2013,1114
119,28:12.58,Tesema MOGES,02 FEB 1988,ISR,1,,Tel Aviv (ISR),09 MAY 2013,1113
120,28:12.82,Agato Yashin HASSAN,19 JAN 1986,ETH,5f2,,Fukagawa (JPN),29 JUN 2013,1112
121,28:13.23,Ryo YAMAMOTO,18 MAY 1984,JPN,8f1,,Fukagawa (JPN),29 JUN 2013,1112
121,28:13.23,Dishon Karukwa MAINA,19 JUN 1991,KEN,11f1,,Hachioji (JPN),01 DEC 2013,1112
123,28:13.34,Joseph Mana NDIRANGU,09 SEP 1994,KEN,3f12,,Yokohama (JPN),28 SEP 2013,1111
124,28:13.64,Elroy GELANT,25 AUG 1986,RSA,2,,Lier (BEL),30 JUN 2013,1111
125,28:13.71,Daniel GITAU,01 OCT 1987,KEN,12f1,,Hachioji (JPN),01 DEC 2013,1111
126,28:14.58,Emmanuel KIPSANG,13 JUN 1991,KEN,8,,Nairobi (KEN),13 JUL 2013,1109
127,28:14.63,Lawi LALANG,15 JUN 1991,KEN,1,,"Los Angeles, CA (USA)",11 MAY 2013,1109
128,28:14.88,Joseph Mana NDIRANGU,09 SEP 1994,KEN,13f1,,Hachioji (JPN),01 DEC 2013,1109
129,28:15.92,Sota HOSHI,06 JAN 1988,JPN,9f1,,Fukagawa (JPN),29 JUN 2013,1107
130,28:16.0h,Edwin Nyandusi MOKUA,31 DEC 1993,KEN,1,,Kisii (KEN),07 JUN 2013,1107
131,28:16.05,Harry SUMMERS,19 MAY 1990,AUS,3,,Melbourne (AUS),12 DEC 2013,1107
132,28:16.18,Liam ADAMS,04 SEP 1986,AUS,15f1,,"Palo Alto, CA (USA)",28 APR 2013,1107
133,28:16.27,Joseph KAMATHI,23 NOV 1996,KEN,14f1,,Hachioji (JPN),01 DEC 2013,1107
134,28:16.79,Yuichiro UENO,29 JUL 1985,JPN,5,,Kobe (JPN),21 APR 2013,1106
135,28:16.99,Akihiko TSUMURAI,10 JUL 1984,JPN,10f1,,Fukagawa (JPN),29 JUN 2013,1106
136,28:17.0h,Geoffrey KAMWOROR,22 NOV 1992,KEN,1,,Nairobi (KEN),25 MAY 2013,1106
137,28:17.26,Polat Kemboi ARIKAN,12 DEC 1990,TUR,1,,Mersin (TUR),27 JUN 2013,1105
138,28:17.31,Daniel MUIVA KITONYI,12 JAN 1994,KEN,1,,Tokyo (JPN),06 SEP 2013,1105
139,28:17.50,Daniele MEUCCI,07 OCT 1985,ITA,15,,"Hayward Field, Eugene, OR (USA)",31 MAY 2013,1105
140,28:17.85,James Gitahi RUNGARU,14 JAN 1993,KEN,2,,Tel Aviv (ISR),09 MAY 2013,1104
141,28:18.11,Kenta MURAYAMA,23 FEB 1993,JPN,1f1,,Kobe (JPN),20 APR 2013,1104
142,28:18.26,Christopher HAMER,02 AUG 1988,AUS,4,,Melbourne (AUS),12 DEC 2013,1104
143,28:18.3h,Elkana TERER,,KEN,2,,Eldoret (KEN),31 MAY 2013,1104
144,28:18.5h,Philemon RONO,08 FEB 1991,KEN,2,,Nairobi (KEN),25 MAY 2013,1103
145,28:18.57,Melaku ABERA,20 APR 1994,ETH,2f3,,Kitakyushu (JPN),18 MAY 2013,1103
146,28:18.73,Minato OISHI,19 MAY 1988,JPN,1f2,,Hachioji (JPN),01 DEC 2013,1103
147,28:18.91,Hiroyuki ONO,03 OCT 1986,JPN,11f1,,Fukagawa (JPN),29 JUN 2013,1103
148,28:19.2h,Wilson KIPROP,14 APR 1987,KEN,1,,Nairobi (KEN),16 MAY 2013,1102
149,28:19.50,Suguru OSAKO,23 MAY 1991,JPN,21,,"Luzhniki Stadion, Moskva (RUS)",10 AUG 2013,1102
150,28:20.0h,Philemon LIMO,02 AUG 1985,KEN,3,,Nairobi (KEN),25 MAY 2013,1101
151,28:20.07,Enock OMWAMBA,04 APR 1993,KEN,2f1,,Kobe (JPN),20 APR 2013,1101
152,28:20.26,Leul GEBRESILASE,20 SEP 1992,ETH,15f1,,Hachioji (JPN),01 DEC 2013,1101
153,28:20.43,Joseph ONSARIGO,1992,KEN,1,,Abashiri (JPN),03 JUL 2013,1101
154,28:20.57,Joseph ONSARIGO,1992,KEN,4f12,,Yokohama (JPN),28 SEP 2013,1100
155,28:20.6h,Charles CHERUIYOT TOROTICH,04 AUG 1988,KEN,2,,Nairobi (KEN),16 MAY 2013,1100
156,28:20.71,Tatsuya OIKE,18 MAY 1990,JPN,2f2,,Hachioji (JPN),01 DEC 2013,1100
157,28:21.12,Serhiy LEBID,15 JUL 1975,UKR,1,,Yalta (UKR),06 JUN 2013,1100
158,28:21.29,Abdi NAGEEYE,02 MAR 1989,NED,16,,"Hayward Field, Eugene, OR (USA)",31 MAY 2013,1099
159,28:21.42,Paul KUIRA,25 JAN 1991,KEN,4f2,,Ibaraki (JPN),18 MAY 2013,1099
160,28:21.53,Kenta MURAYAMA,23 FEB 1993,JPN,6,,Nobeoka (JPN),11 MAY 2013,1099
161,28:22.18,Aritaka KAJIWARA,16 JUN 1988,JPN,3f2,,Hachioji (JPN),01 DEC 2013,1098
162,28:22.30,Stephen MOKOKA,31 JAN 1985,RSA,1,,Stellenbosch (RSA),12 APR 2013,1098
163,28:22.43,Yuma HATTORI,13 NOV 1993,JPN,3f1,,Kitami (JPN),06 JUL 2013,1098
164,28:22.47,Tsubasa HAYAKAWA,02 JUL 1990,JPN,4f2,,Hachioji (JPN),01 DEC 2013,1097
165,28:22.7h,Silas CHEPROT,1992,KEN,7,,Nairobi (KEN),22 JUN 2013,1097
166,28:22.79,Shota HATTORI,28 OCT 1991,JPN,3f1,,Kobe (JPN),20 APR 2013,1097
167,28:23.67,Agato Yashin HASSAN,19 JAN 1986,ETH,5f3,,Kumagaya (JPN),20 SEP 2013,1096
168,28:23.89,Giovani DOS SANTOS,01 JUL 1981,BRA,1,,Piracicaba (BRA),26 APR 2013,1095
169,28:23.95,Keita SHITARA,18 DEC 1991,JPN,6,,Kobe (JPN),21 APR 2013,1095
169,28:23.95,Tomoya ONISHI,28 MAR 1987,JPN,6f3,,Kumagaya (JPN),20 SEP 2013,1095
171,28:24.04,Mark Kosgei KIPTOO,21 JUN 1976,KEN,9,,Nairobi (KEN),13 JUL 2013,1095
172,28:24.20,Marilson GOMES DOS SANTOS,06 AUG 1977,BRA,2,,Piracicaba (BRA),26 APR 2013,1095
173,28:24.26,Naoki OKAMOTO,26 MAY 1984,JPN,7,,Kobe (JPN),21 APR 2013,1095
174,28:24.31,Tomohiro TANIGAWA,04 MAR 1989,JPN,5f2,,Hachioji (JPN),01 DEC 2013,1095
175,28:24.37,Shinobu KUBOTA,12 DEC 1991,JPN,12f1,,Fukagawa (JPN),29 JUN 2013,1095
176,28:24.54,Minato OISHI,19 MAY 1988,JPN,8,,Kobe (JPN),21 APR 2013,1094
177,28:24.74,Lewis KORIR,11 JUN 1986,KEN,1,,Helsinki (FIN),30 MAY 2013,1094
178,28:24.94,Yuki SATO,26 NOV 1986,JPN,1,,Tokyo (JPN),08 JUN 2013,1094
179,28:25.30,John Nzau MWANGANGI,11 JAN 1990,KEN,10,,Nairobi (KEN),13 JUL 2013,1093
180,28:25.53,Taku FUJIMOTO,11 SEP 1989,JPN,6f2,,Hachioji (JPN),01 DEC 2013,1093
181,28:25.55,Akihiko TSUMURAI,10 JUL 1984,JPN,9,,Kobe (JPN),21 APR 2013,1093
182,28:25.7h,Philemon RONO,08 FEB 1991,KEN,8,,Nairobi (KEN),22 JUN 2013,1093
183,28:25.84,Suguru OSAKO,23 MAY 1991,JPN,2,,Tokyo (JPN),08 JUN 2013,1092
184,28:26.03,Hideto YAMANAKA,17 MAR 1994,JPN,6f2,,Fukagawa (JPN),29 JUN 2013,1092
185,28:26.04,Yoshinori ODA,05 DEC 1980,JPN,13f1,,Fukagawa (JPN),29 JUN 2013,1092
186,28:26.20,Peter KIBET,14 JAN 1992,UGA,1,,Kampala (UGA),19 JUL 2013,1092
187,28:26.59,Keita BABA,28 APR 1986,JPN,7f2,,Hachioji (JPN),01 DEC 2013,1091
188,28:26.68,Jeremiah KAREMI,07 JUL 1994,KEN,3f3,,Kitakyushu (JPN),18 MAY 2013,1091
189,28:26.73,Minato OISHI,19 MAY 1988,JPN,14f1,,Fukagawa (JPN),29 JUN 2013,1091
190,28:26.78,Liam ADAMS,04 SEP 1986,AUS,5,,Melbourne (AUS),12 DEC 2013,1091
191,28:26.91,Yuji OSUDA,18 NOV 1990,JPN,8f2,,Hachioji (JPN),01 DEC 2013,1091
192,28:27.00,Tsuyoshi UGACHI,27 APR 1987,JPN,3,,Tokyo (JPN),08 JUN 2013,1091
193,28:27.02,Takuya NOGUCHI,02 JUL 1988,JPN,9f2,,Hachioji (JPN),01 DEC 2013,1091
194,28:27.04,Kohei MATSUMURA,05 NOV 1986,JPN,15f1,,Fukagawa (JPN),29 JUN 2013,1091
195,28:27.67,Charles NDIRANGU,08 FEB 1993,KEN,1,,Hiroshima (JPN),18 MAY 2013,1090
195,28:27.67,Kenji YAMAMOTO,17 NOV 1989,JPN,16f1,,Fukagawa (JPN),29 JUN 2013,1090
197,28:27.69,Masato IMAI,02 APR 1984,JPN,4,,Tokyo (JPN),08 JUN 2013,1090
198,28:27.73,Shogo NAKAMURA,16 SEP 1992,JPN,5,,Tokyo (JPN),08 JUN 2013,1089
199,28:28.40,Ryotaro NITTA,14 DEC 1989,JPN,10,,Kobe (JPN),21 APR 2013,1088
200,28:28.48,Masato IMAI,02 APR 1984,JPN,11,,Kobe (JPN),21 APR 2013,1088
201,28:28.54,Belete ASSEFA,03 MAR 1991,ETH,1,,Addis Abeba (ETH),26 JUN 2013,1088
202,28:28.72,Patrick Mutunga MWIKYA,20 NOV 1994,KEN,7f3,,Kumagaya (JPN),20 SEP 2013,1088
203,28:29.36,Akihiko TSUMURAI,10 JUL 1984,JPN,6,,Tokyo (JPN),08 JUN 2013,1087
204,28:29.51,Yuya KONISHI,22 AUG 1990,JPN,17f1,,Fukagawa (JPN),29 JUN 2013,1087
205,28:30.25,Benjamin NGANDU,21 MAR 1990,KEN,5f2,,Ibaraki (JPN),18 MAY 2013,1086
206,28:30.35,John GILBERTSON,07 JUN 1991,USA,1f1,,"Palo Alto, CA (USA)",29 MAR 2013,1086
207,28:30.7h,Charles CHERUIYOT TOROTICH,04 AUG 1988,KEN,9,,Nairobi (KEN),22 JUN 2013,1085
208,28:30.73,Kassa MAKASHAW,19 MAR 1984,ETH,1f4,,Yokohama (JPN),16 NOV 2013,1085
209,28:30.80,Jose Antonio URIBE MARINO,03 JAN 1986,MEX,1f2,,"Palo Alto, CA (USA)",28 APR 2013,1085
210,28:31.06,Hicham BELLANI,15 SEP 1979,MAR,1,,Casablanca (MAR),07 JUL 2013,1084
211,28:31.14,Robert MACK,30 DEC 1984,USA,16f1,,"Palo Alto, CA (USA)",28 APR 2013,1084
212,28:31.16,Ali KAYA,20 APR 1994,TUR,1,,"Stadio Guidobaldi, Rieti (ITA)",18 JUL 2013,1084
213,28:31.23,Yuya KONISHI,22 AUG 1990,JPN,8f3,,Kumagaya (JPN),20 SEP 2013,1084
214,28:31.43,Takuya FUKATSU,10 NOV 1987,JPN,18f1,,Fukagawa (JPN),29 JUN 2013,1084
215,28:31.5h,Simion CHIRCHIR,,KEN,2,,Nairobi (KEN),04 MAY 2013,1084
215,28:31.50,Shinobu KUBOTA,12 DEC 1991,JPN,7,,Tokyo (JPN),08 JUN 2013,1084
217,28:31.72,Keiji AKUTSU,20 MAR 1987,JPN,2f4,,Yokohama (JPN),16 NOV 2013,1083
218,28:31.75,Sergio SÁNCHEZ,01 OCT 1982,ESP,1,,Pravets (BUL),08 JUN 2013,1083
219,28:31.8h,Moses Martin KURONG,07 JUL 1994,UGA,1,,Réduit (MRI),30 AUG 2013,1083
220,28:31.82,Halil AKKAŞ,01 JUL 1983,TUR,2,,Pravets (BUL),08 JUN 2013,1083
221,28:32.23,Kazuhiro MAEDA,19 APR 1981,JPN,12,,Kobe (JPN),21 APR 2013,1083
222,28:32.48,Alistair BROWNLEE,23 APR 1988,GBR,2f2,,"Palo Alto, CA (USA)",28 APR 2013,1082
223,28:32.5h,Emmanuel BOR,25 DEC 1993,KEN,10,,Nairobi (KEN),22 JUN 2013,1082
224,28:32.54,Atsushi YAMASAKI,07 OCT 1986,JPN,3f4,,Yokohama (JPN),16 NOV 2013,1082
225,28:33.23,Chihiro MIYAWAKI,28 AUG 1991,JPN,17f1,,"Palo Alto, CA (USA)",28 APR 2013,1081
226,28:33.4h,John Kyalo KYUI,20 OCT 1984,KEN,11,,Nairobi (KEN),22 JUN 2013,1081
227,28:33.50,Masaya KAKIHARA,16 JAN 1993,JPN,4f4,,Yokohama (JPN),16 NOV 2013,1081
228,28:33.61,Timothy TOROITICH,10 OCT 1991,UGA,22,,"Luzhniki Stadion, Moskva (RUS)",10 AUG 2013,1081
229,28:33.66,Yuki IWAI,30 DEC 1982,JPN,5f12,,Yokohama (JPN),28 SEP 2013,1081
230,28:34.0h,Zewde TEBELU,10 JUL 1993,ETH,2,,Addis Abeba (ETH),26 JUN 2013,1080
231,28:34.29,Chiharu TAKADA,09 JUL 1981,JPN,5f4,,Yokohama (JPN),16 NOV 2013,1080
232,28:34.39,Kenji SAWANO,,JPN,6f4,,Yokohama (JPN),16 NOV 2013,1079
233,28:34.59,Yevgeniy RYBAKOV,27 FEB 1985,RUS,1,,Moskva (RUS),11 JUN 2013,1079
233,28:34.59,Mekubo MOGUSU,25 DEC 1986,KEN,1f3,,Fukagawa (JPN),29 JUN 2013,1079
235,28:34.67,Yuichiro UENO,29 JUL 1985,JPN,8,,Tokyo (JPN),08 JUN 2013,1079
236,28:34.71,Parker STINSON,03 MAR 1992,USA,2f1,,"Palo Alto, CA (USA)",29 MAR 2013,1079
236,28:34.71,Phillip KIPLIMO,24 MAR 1991,UGA,2,,Kampala (UGA),19 JUL 2013,1079
238,28:34.79,Mustapha EL AZIZ,24 DEC 1985,MAR,2,,Casablanca (MAR),07 JUL 2013,1079
239,28:35.00,Shuhei KURATA,05 AUG 1992,JPN,7f4,,Yokohama (JPN),16 NOV 2013,1079
240,28:35.28,Shogo NAKAMURA,16 SEP 1992,JPN,13,,Kobe (JPN),21 APR 2013,1078
241,28:35.7h,Jairus CHANCHIMA,05 DEC 1984,KEN,2,,Kisii (KEN),07 JUN 2013,1077
242,28:35.72,Takuya FUJIKAWA,17 DEC 1992,JPN,1f16,,Tokyo (JPN),23 NOV 2013,1077
243,28:35.76,Yuta SHITARA,18 DEC 1991,JPN,4f1,,Kobe (JPN),20 APR 2013,1077
244,28:36.15,Jared WARD,09 SEP 1988,USA,3f1,,"Palo Alto, CA (USA)",29 MAR 2013,1077
245,28:36.3h,Elvis Kipchoge CHEBOI,29 SEP 1995,KEN,2,,Réduit (MRI),30 AUG 2013,1077
246,28:36.34,Takanori ICHIKAWA,03 NOV 1990,JPN,4f1,,Kitami (JPN),06 JUL 2013,1077
247,28:36.38,Kazuya NAMERA,08 MAR 1987,JPN,8f4,,Yokohama (JPN),16 NOV 2013,1076
248,28:36.40,Ahmed EL MAZOURY,15 MAR 1990,ITA,3,,Pravets (BUL),08 JUN 2013,1076
249,28:36.5h,Bernard Kiprop KIPYEGO,16 JUL 1986,KEN,4,,Nairobi (KEN),25 MAY 2013,1076
250,28:36.56,Taichi TAKASE,06 NOV 1989,JPN,10f2,,Hachioji (JPN),01 DEC 2013,1076
251,28:36.88,Anatoliy RYBAKOV,27 FEB 1985,RUS,2,,Moskva (RUS),11 JUN 2013,1076
252,28:36.89,Takuya FUKATSU,10 NOV 1987,JPN,9,,Tokyo (JPN),08 JUN 2013,1076
253,28:36.92,Ryo MATSUMOTO,19 OCT 1990,JPN,14,,Kobe (JPN),21 APR 2013,1076
254,28:37.0h,Peter Chesang KURUI,02 JAN 1988,KEN,12,,Nairobi (KEN),22 JUN 2013,1076
255,28:37.1h,Josphat Kiprop KIPTIS,16 NOV 1993,KEN,3,,Réduit (MRI),30 AUG 2013,1075
256,28:37.14,Lewis KORIR,11 JUN 1986,KEN,1,,Vaasa (FIN),26 JUL 2013,1075
257,28:37.15,Titus WARURU,29 MAR 1992,KEN,2f3,,Fukagawa (JPN),29 JUN 2013,1075
258,28:37.2h,Louis NDIEMA,1986,KEN,4,,Nairobi (KEN),04 MAY 2013,1075
258,28:37.2h,Hillary LANGAT,14 AUG 1995,KEN,13,,Nairobi (KEN),22 JUN 2013,1075
260,28:37.37,Masaya TAGUCHI,20 MAY 1992,JPN,7f2,,Fukagawa (JPN),29 JUN 2013,1075
260,28:37.37,Min KIM,09 MAY 1989,KOR,5f1,,Kitami (JPN),06 JUL 2013,1075
262,28:37.44,David MCNEILL,06 OCT 1986,AUS,6,,Melbourne (AUS),12 DEC 2013,1075
263,28:37.46,Zac HINE,05 OCT 1987,USA,3f2,,"Palo Alto, CA (USA)",28 APR 2013,1075
264,28:37.53,Duncan Maina MUTHEE,08 MAR 1991,KEN,2f16,,Tokyo (JPN),23 NOV 2013,1075
265,28:37.56,Alex MWANGI,14 JUN 1990,KEN,1f5,,Yokohama (JPN),26 OCT 2013,1075
266,28:37.63,Tomohiro SHIIYA,27 SEP 1986,JPN,6f1,,Kitami (JPN),06 JUL 2013,1075
267,28:37.64,Naohiro YAMADA,18 DEC 1984,JPN,2f5,,Yokohama (JPN),26 OCT 2013,1075
268,28:37.71,Marilson GOMES DOS SANTOS,06 AUG 1977,BRA,1,,São Paulo (BRA),06 JUN 2013,1074
269,28:38.00,Kensuke TAKEZAWA,11 OCT 1986,JPN,7f1,,Kitami (JPN),06 JUL 2013,1074
270,28:38.12,Shintaro MIWA,04 JAN 1992,JPN,1f3,,Hachioji (JPN),01 DEC 2013,1074
271,28:38.16,Stephen FURST,16 AUG 1985,USA,18f1,,"Palo Alto, CA (USA)",28 APR 2013,1074
272,28:38.33,Wataru UENO,02 AUG 1990,JPN,11f2,,Hachioji (JPN),01 DEC 2013,1074
273,28:38.43,Hironori TSUETAKI,08 MAY 1993,JPN,1f4,,Saitama (JPN),28 APR 2013,1073
274,28:38.78,Aritaka KAJIWARA,16 JUN 1988,JPN,19f1,,Fukagawa (JPN),29 JUN 2013,1073
275,28:38.81,Kazuma TASHIRO,02 FEB 1994,JPN,3f16,,Tokyo (JPN),23 NOV 2013,1073
276,28:38.84,Ataru OTANI,29 JUN 1988,JPN,9f4,,Yokohama (JPN),16 NOV 2013,1073
277,28:39.08,Hiroto INOUE,06 JAN 1993,JPN,6f12,,Yokohama (JPN),28 SEP 2013,1072
278,28:39.52,Shogo NAKAMURA,16 SEP 1992,JPN,1f2,,Tokyo (JPN),19 MAY 2013,1072
279,28:39.54,Kento OTSU,07 DEC 1991,JPN,2f4,,Saitama (JPN),28 APR 2013,1072
280,28:39.77,Agato Yashin HASSAN,19 JAN 1986,ETH,2,,Gifu (JPN),11 MAY 2013,1071
281,28:39.95,Robert CHESERET,08 OCT 1983,USA,19f1,,"Palo Alto, CA (USA)",28 APR 2013,1071
282,28:40.0h,Abdallah Kibet MANDE,10 MAY 1995,UGA,4,,Réduit (MRI),30 AUG 2013,1071
283,28:40.20,Taketo KUMAZAKI,15 MAY 1992,JPN,4f16,,Tokyo (JPN),23 NOV 2013,1071
284,28:40.35,Hiroyuki YAMAMOTO,30 APR 1986,JPN,2,,Abashiri (JPN),03 JUL 2013,1071
285,28:40.4h,Silas KIPRUTO,26 SEP 1984,KEN,5,,Nairobi (KEN),25 MAY 2013,1070
286,28:40.49,Minato OISHI,19 MAY 1988,JPN,3,,Gifu (JPN),11 MAY 2013,1070
287,28:40.50,Hiroki YAMAGISHI,06 SEP 1991,JPN,3f4,,Saitama (JPN),28 APR 2013,1070
288,28:40.69,Cyrus Gichobi NJUI,11 FEB 1986,KEN,1f5,,Yokohama (JPN),15 JUN 2013,1070
289,28:40.80,Keiji AKUTSU,20 MAR 1987,JPN,20f1,,Fukagawa (JPN),29 JUN 2013,1070
290,28:40.88,Shuho DAIROKUNO,23 DEC 1992,JPN,21f1,,Fukagawa (JPN),29 JUN 2013,1070
291,28:41.09,Yuki ARIMURA,21 SEP 1992,JPN,5f1,,Kobe (JPN),20 APR 2013,1069
292,28:41.24,Tomoya SHIRAYANAGI,07 JUL 1981,JPN,7f12,,Yokohama (JPN),28 SEP 2013,1069
293,28:41.48,Daichi KAMINO,13 SEP 1993,JPN,5f16,,Tokyo (JPN),23 NOV 2013,1069
294,28:41.69,Bashir ABDI,10 FEB 1989,BEL,23,,"Luzhniki Stadion, Moskva (RUS)",10 AUG 2013,1068
295,28:41.85,Kenji SAWANO,,JPN,6f16,,Tokyo (JPN),23 NOV 2013,1068
296,28:41.99,Takayuki MATSUMIYA,21 FEB 1980,JPN,6f2,,Ibaraki (JPN),18 MAY 2013,1068
297,28:42.14,Masato KIHARA,13 JUL 1986,JPN,15,,Kobe (JPN),21 APR 2013,1068
298,28:42.17,Kenichi SHIRAISHI,06 APR 1982,JPN,4f3,,Kitakyushu (JPN),18 MAY 2013,1068
299,28:42.20,Jonathan MELLOR,27 DEC 1986,GBR,20f1,,"Palo Alto, CA (USA)",28 APR 2013,1068
300,28:42.29,Yudai OKAMOTO,29 DEC 1991,JPN,4f4,,Saitama (JPN),28 APR 2013,1068
301,28:42.35,Abdenasir FATHI,20 MAY 1987,MAR,3,,Casablanca (MAR),07 JUL 2013,1068
302,28:42.55,Takahiro ASO,07 DEC 1985,JPN,4,,Gifu (JPN),11 MAY 2013,1067
303,28:42.61,Masato KIKUCHI,18 SEP 1990,JPN,1f2,,Kumagaya (JPN),20 SEP 2013,1067
304,28:42.71,Ikki TAKEUCHI,02 JUN 1991,JPN,7f16,,Tokyo (JPN),23 NOV 2013,1067
305,28:42.78,Ryu TAKAKU,18 FEB 1993,JPN,8f16,,Tokyo (JPN),23 NOV 2013,1067
306,28:42.85,Tomoya ONISHI,28 MAR 1987,JPN,10,,Tokyo (JPN),08 JUN 2013,1067
306,28:42.85,Benjamin NGANDU,21 MAR 1990,KEN,3f3,,Fukagawa (JPN),29 JUN 2013,1067
308,28:42.90,Daisuke MATSUFUJI,12 JAN 1986,JPN,16,,Kobe (JPN),21 APR 2013,1067
309,28:42.97,Hiroki MITSUOKA,28 FEB 1989,JPN,8f2,,Fukagawa (JPN),29 JUN 2013,1067
310,28:43.08,Ryo KINAME,22 JAN 1991,JPN,17,,Kobe (JPN),21 APR 2013,1066
311,28:43.3h,Abrha MILAW ASEFA,27 FEB 1988,ETH,3,,Addis Abeba (ETH),26 JUN 2013,1066
312,28:43.42,Duncan Maina MUTHEE,08 MAR 1991,KEN,1f4,,Yokohama (JPN),13 APR 2013,1066
313,28:43.44,Kengo NAMIOKA,,JPN,9f16,,Tokyo (JPN),23 NOV 2013,1066
314,28:43.62,Akihiko TSUMURAI,10 JUL 1984,JPN,2,,Hiroshima (JPN),18 MAY 2013,1066
315,28:43.68,Benjamin NGANDU,21 MAR 1990,KEN,9f3,,Kumagaya (JPN),20 SEP 2013,1066
316,28:43.7h,Kinde ATANAW,15 APR 1993,ETH,4,,Addis Abeba (ETH),26 JUN 2013,1065
317,28:43.81,Tsubasa HAYAKAWA,02 JUL 1990,JPN,22f1,,Fukagawa (JPN),29 JUN 2013,1065
318,28:43.83,Shota YAMAGUCHI,19 DEC 1985,JPN,9f2,,Fukagawa (JPN),29 JUN 2013,1065
319,28:43.87,Micah NJERU,05 AUG 1988,KEN,5,,Gifu (JPN),11 MAY 2013,1065
320,28:43.89,Kenta MURAYAMA,23 FEB 1993,JPN,2,,Tokyo (JPN),06 SEP 2013,1065
321,28:43.93,Takashi ICHIDA,16 JUN 1992,JPN,2f4,,Yokohama (JPN),13 APR 2013,1065
322,28:44.06,Tulosa ABEBE,,QAT,1,,Doha (QAT),30 APR 2013,1065
323,28:44.16,Fumihiro MARUYAMA,01 JUL 1990,JPN,6f1,,Kobe (JPN),20 APR 2013,1065
324,28:44.29,Yuki MATSUMURA,14 JAN 1993,JPN,10f16,,Tokyo (JPN),23 NOV 2013,1065
325,28:44.30,Keita AKIBA,27 NOV 1979,JPN,8f12,,Yokohama (JPN),28 SEP 2013,1065
326,28:44.34,Yuki HIROTA,28 MAY 1994,JPN,9f12,,Yokohama (JPN),28 SEP 2013,1065
327,28:44.51,Abdi NAGEEYE,02 MAR 1989,NED,21f1,,"Palo Alto, CA (USA)",28 APR 2013,1064
328,28:44.57,Yuma HATTORI,13 NOV 1993,JPN,10f2,,Fukagawa (JPN),29 JUN 2013,1064
329,28:44.8h,Tony MWANGANGI,,KEN,3,,Nairobi (KEN),16 MAY 2013,1064
330,28:44.81,Solomon MUTAI,22 OCT 1992,UGA,4,,Kampala (UGA),19 JUL 2013,1064
330,28:44.81,Kazuki UEMURA,13 JAN 1994,JPN,11f16,,Tokyo (JPN),23 NOV 2013,1064
332,28:44.82,Collis BIRMINGHAM,27 DEC 1984,AUS,24,,"Luzhniki Stadion, Moskva (RUS)",10 AUG 2013,1064
333,28:45.11,Hiroto INOUE,06 JAN 1993,JPN,3f4,,Yokohama (JPN),13 APR 2013,1063
334,28:45.22,Ryotaro NITTA,14 DEC 1989,JPN,23f1,,Fukagawa (JPN),29 JUN 2013,1063
335,28:45.24,Masato IMAI,02 APR 1984,JPN,5f3,,Kitakyushu (JPN),18 MAY 2013,1063
335,28:45.24,Tsukasa KOYAMA,21 JAN 1992,JPN,12f16,,Tokyo (JPN),23 NOV 2013,1063
337,28:45.29,Takayuki MATSUMIYA,21 FEB 1980,JPN,8f1,,Kitami (JPN),06 JUL 2013,1063
338,28:45.37,Kazuhiro MAEDA,19 APR 1981,JPN,6f3,,Kitakyushu (JPN),18 MAY 2013,1063
339,28:45.63,Hideto YAMANAKA,17 MAR 1994,JPN,3,,Tokyo (JPN),06 SEP 2013,1063
340,28:45.96,Stephen MOKOKA,31 JAN 1985,RSA,1,,"Central Stadium, Kazan (RUS)",08 JUL 2013,1062
341,28:46.02,Takaya SATO,05 MAY 1994,JPN,13f16,,Tokyo (JPN),23 NOV 2013,1062
342,28:46.08,Shota YAMAGUCHI,19 DEC 1985,JPN,18,,Kobe (JPN),21 APR 2013,1062
342,28:46.08,Kazuma GANAHA,01 OCT 1993,JPN,10f4,,Yokohama (JPN),16 NOV 2013,1062
344,28:46.34,Fumihiro MARUYAMA,01 JUL 1990,JPN,7f3,,Kitakyushu (JPN),18 MAY 2013,1062
345,28:46.40,Ryo MATSUMOTO,19 OCT 1990,JPN,6,,Gifu (JPN),11 MAY 2013,1061
346,28:46.72,Aldo VEGA,26 NOV 1987,MEX,4f1,,"Palo Alto, CA (USA)",29 MAR 2013,1061
347,28:46.73,Ryuji KASHIWABARA,13 JUL 1989,JPN,10f3,,Kumagaya (JPN),20 SEP 2013,1061
348,28:46.92,Shuhei YAMAGUCHI,08 MAR 1994,JPN,2f10,,Yokohama (JPN),30 NOV 2013,1061
349,28:47.25,Henry KIPLAGAT,16 DEC 1992,KEN,2,,Doha (QAT),30 APR 2013,1060
350,28:47.26,Alemu BEKELE,23 MAR 1990,BRN,1,,Pune (IND),04 JUL 2013,1060
351,28:47.27,Anatoliy RYBAKOV,27 FEB 1985,RUS,2,,"Central Stadium, Kazan (RUS)",08 JUL 2013,1060
352,28:47.28,Yevgeniy RYBAKOV,27 FEB 1985,RUS,3,,"Central Stadium, Kazan (RUS)",08 JUL 2013,1060
353,28:47.32,Galen RUPP,08 MAY 1986,USA,1,,"Drake Stadium, Des Moines, IA (USA)",20 JUN 2013,1060
354,28:47.37,Ryuji WATANABE,02 NOV 1988,JPN,8f3,,Kitakyushu (JPN),18 MAY 2013,1060
355,28:47.4h,Daniel Lemashon SALEL,11 DEC 1990,KEN,6,,Nairobi (KEN),25 MAY 2013,1060
356,28:47.49,Yevgeniy RYBAKOV,27 FEB 1985,RUS,25,,"Luzhniki Stadion, Moskva (RUS)",10 AUG 2013,1060
357,28:47.52,Sota HOSHI,06 JAN 1988,JPN,11f3,,Kumagaya (JPN),20 SEP 2013,1060
357,28:47.52,Kentaro TONE,30 JUL 1989,JPN,3f10,,Yokohama (JPN),30 NOV 2013,1060
359,28:47.6h,Emmanuel BOR,25 DEC 1993,KEN,4,,Nairobi (KEN),16 MAY 2013,1060
360,28:47.63,Tomohiro SHIIYA,27 SEP 1986,JPN,19,,Kobe (JPN),21 APR 2013,1060
361,28:47.78,Kazuki ONISHI,28 MAR 1987,JPN,7f2,,Ibaraki (JPN),18 MAY 2013,1059
362,28:47.79,Keigo YANO,03 DEC 1991,JPN,3,,Abashiri (JPN),03 JUL 2013,1059
363,28:47.91,Soji IKEDA,22 DEC 1986,JPN,10f12,,Yokohama (JPN),28 SEP 2013,1059
364,28:48.00,Vyacheslav SHALAMOV,08 JUL 1989,RUS,3,,Moskva (RUS),11 JUN 2013,1059
365,28:48.04,Miguel AMADOR,10 JUN 1992,COL,4f2,,"Palo Alto, CA (USA)",28 APR 2013,1059
366,28:48.13,Kosei YAMAGUCHI,19 AUG 1991,JPN,11f4,,Yokohama (JPN),16 NOV 2013,1059
367,28:48.22,Daisuke UEKADO,11 DEC 1993,JPN,12f4,,Yokohama (JPN),16 NOV 2013,1059
368,28:48.24,Mizuho TANAKA,09 NOV 1991,JPN,14f16,,Tokyo (JPN),23 NOV 2013,1059
369,28:48.57,Ben ST. LAWRENCE,07 NOV 1981,AUS,7,,Melbourne (AUS),12 DEC 2013,1058
370,28:48.62,Shunsuke ISHIDA,,JPN,15f16,,Tokyo (JPN),23 NOV 2013,1058
371,28:48.76,Rui YONEZAWA,26 AUG 1986,JPN,2f3,,Hachioji (JPN),01 DEC 2013,1058
372,28:48.77,Shinobu KUBOTA,12 DEC 1991,JPN,2f2,,Tokyo (JPN),19 MAY 2013,1058
373,28:48.85,Joseph GITAU,03 JAN 1988,KEN,3,,Hiroshima (JPN),18 MAY 2013,1058
374,28:49.09,Hicham BELLANI,15 SEP 1979,MAR,1,,Nice (FRA),10 SEP 2013,1057
375,28:49.23,Shogo SEKIGUCHI,08 JAN 1993,JPN,4f4,,Yokohama (JPN),13 APR 2013,1057
376,28:49.29,Genki MATSUMURA,23 JUN 1992,JPN,5f4,,Saitama (JPN),28 APR 2013,1057
377,28:49.33,Hidehiko YAMANA,17 MAR 1994,JPN,1,,Sagamihara (JPN),20 APR 2013,1057
378,28:49.50,Takashi ICHIDA,16 JUN 1992,JPN,3f2,,Tokyo (JPN),19 MAY 2013,1057
379,28:49.66,Dathan RITZENHEIN,30 DEC 1982,USA,2,,"Drake Stadium, Des Moines, IA (USA)",20 JUN 2013,1057
380,28:49.78,Rinas AKHMADEYEV,25 MAY 1989,RUS,4,,Moskva (RUS),11 JUN 2013,1056
381,28:49.88,Leslie ENCINA,02 JAN 1982,CHI,1,,Concepción (CHI),25 MAY 2013,1056
382,28:49.89,Victor ARAVENA PINCHEIRA,05 FEB 1990,CHI,2,,Concepción (CHI),25 MAY 2013,1056
383,28:49.99,Daisuke KOYAMA,29 AUG 1987,JPN,4f10,,Yokohama (JPN),30 NOV 2013,1056
384,28:50.08,Jun SHINOTO,02 APR 1985,JPN,3f3,,Hachioji (JPN),01 DEC 2013,1056
385,28:50.1h,Titus Kipjumba MBISHEI,28 OCT 1990,KEN,7,,Nairobi (KEN),25 MAY 2013,1056
386,28:50.12,Zelalem BACHA,10 JAN 1988,BRN,3,,Lier (BEL),30 JUN 2013,1056
387,28:50.23,Taiki YOSHIMURA,19 JUN 1992,JPN,16f16,,Tokyo (JPN),23 NOV 2013,1056
388,28:50.24,Elroy GELANT,25 AUG 1986,RSA,1,,Potchefstroom (RSA),16 MAR 2013,1056
388,28:50.24,Keita SHITARA,18 DEC 1991,JPN,11,,Tokyo (JPN),08 JUN 2013,1056
390,28:50.30,Takuji MORIMOTO,08 JUN 1987,JPN,11f12,,Yokohama (JPN),28 SEP 2013,1056
391,28:50.33,Takahiro YAGIHARA,04 OCT 1991,JPN,17f16,,Tokyo (JPN),23 NOV 2013,1056
392,28:50.84,Muryo TAKASE,31 JAN 1989,JPN,24f1,,Fukagawa (JPN),29 JUN 2013,1055
393,28:50.90,Kenji YAMAMOTO,17 NOV 1989,JPN,12f2,,Hachioji (JPN),01 DEC 2013,1055
393,28:50.90,Minato YAMASHITA,15 NOV 1988,JPN,4f3,,Hachioji (JPN),01 DEC 2013,1055
395,28:50.93,Shuho DAIROKUNO,23 DEC 1992,JPN,7f1,,Kobe (JPN),20 APR 2013,1055
396,28:50.97,Shunsuke OGINO,25 AUG 1993,JPN,5f10,,Yokohama (JPN),30 NOV 2013,1055
397,28:51.05,Yuya SHIOKAWA,20 JAN 1983,JPN,13f4,,Yokohama (JPN),16 NOV 2013,1055
398,28:51.12,Norihiro KOMATSU,,JPN,12f12,,Yokohama (JPN),28 SEP 2013,1054
399,28:51.16,Ryoma TAKEUCHI,29 MAY 1992,JPN,5f3,,Hachioji (JPN),01 DEC 2013,1054
400,28:51.20,Tsukasa MORITA,24 JAN 1983,JPN,6f10,,Yokohama (JPN),30 NOV 2013,1054
401,28:51.39,Stefano LA ROSA,28 SEP 1985,ITA,4,,Pravets (BUL),08 JUN 2013,1054
402,28:51.47,Kazuma GANAHA,01 OCT 1993,JPN,5f4,,Yokohama (JPN),13 APR 2013,1054
403,28:51.52,Tsubasa HAYAKAWA,02 JUL 1990,JPN,12f3,,Kumagaya (JPN),20 SEP 2013,1054
404,28:51.54,Kgosi Samuel TSOSANE,15 APR 1986,RSA,2,,Stellenbosch (RSA),12 APR 2013,1054
405,28:51.56,Masatoshi KIKUCHI,12 FEB 1986,JPN,6f3,,Hachioji (JPN),01 DEC 2013,1054
406,28:51.61,Soji IKEDA,22 DEC 1986,JPN,7f3,,Hachioji (JPN),01 DEC 2013,1054
407,28:51.63,Daniel NJENGA,07 MAY 1976,KEN,13f12,,Yokohama (JPN),28 SEP 2013,1054
408,28:51.77,Takuji MORIMOTO,08 JUN 1987,JPN,8f3,,Hachioji (JPN),01 DEC 2013,1053
409,28:51.8h,Edwin KIBET,07 JUL 1996,KEN,3,,Eldoret (KEN),31 MAY 2013,1053
410,28:51.9h,Nicholas KIRUI,,KEN,2,,Nakuru (KEN),05 APR 2013,1053
411,28:51.97,Aimon SCULLION,,USA,1,,"Portland, OR (USA)",07 JUN 2013,1053
412,28:51.98,Kenta MUROTSUKA,12 FEB 1986,JPN,13f2,,Hachioji (JPN),01 DEC 2013,1053
413,28:52.09,Shuhei MORIYA,30 NOV 1991,JPN,7,,Yokohama (JPN),30 NOV 2013,1053
414,28:52.12,Hiromitsu KAKUAGE,14 SEP 1990,JPN,8f2,,Ibaraki (JPN),18 MAY 2013,1053
415,28:52.16,Kodai TSUNO,,JPN,14f12,,Yokohama (JPN),28 SEP 2013,1053
416,28:52.25,Chris DERRICK,17 OCT 1990,USA,3,,"Drake Stadium, Des Moines, IA (USA)",20 JUN 2013,1053
417,28:52.4h,Habtamu ASEFA,29 MAR 1985,ETH,5,,Addis Abeba (ETH),26 JUN 2013,1053
418,28:52.64,Hiroyuki YAMAMOTO,30 APR 1986,JPN,14f2,,Hachioji (JPN),01 DEC 2013,1052
419,28:52.69,Yasutaka ISHIBASHI,24 AUG 1994,JPN,15f12,,Yokohama (JPN),28 SEP 2013,1052
420,28:52.73,Diego ESTRADA,19 DEC 1989,MEX,5f1,,"Palo Alto, CA (USA)",29 MAR 2013,1052
421,28:52.77,Michael FOUT,07 MAY 1990,USA,5f2,,"Palo Alto, CA (USA)",28 APR 2013,1052
422,28:52.81,Andy WACKER,24 SEP 1988,USA,6f1,,"Palo Alto, CA (USA)",29 MAR 2013,1052
423,28:52.97,Kohei MATSUMURA,05 NOV 1986,JPN,9f3,,Kitakyushu (JPN),18 MAY 2013,1052
424,28:53.10,Yusei NAKAO,28 FEB 1984,JPN,11f2,,Fukagawa (JPN),29 JUN 2013,1051
425,28:53.11,Yufu IKUTO,07 JUL 1991,JPN,25f1,,Fukagawa (JPN),29 JUN 2013,1051
426,28:53.19,Sho MATSUEDA,09 SEP 1989,JPN,9f3,,Hachioji (JPN),01 DEC 2013,1051
427,28:53.34,Olivier IRABARUTA,25 AUG 1990,BDI,2,,Nice (FRA),10 SEP 2013,1051
428,28:53.4h,Frederick NGENY,1988,KEN,4,,Eldoret (KEN),31 MAY 2013,1051
429,28:53.54,Kevin CASTILLE,17 MAR 1972,USA,6f2,,"Palo Alto, CA (USA)",28 APR 2013,1051
430,28:53.64,Keigo YANO,03 DEC 1991,JPN,8f1,,Kobe (JPN),20 APR 2013,1051
431,28:53.87,Masato KIKUCHI,18 SEP 1990,JPN,9f1,,Kobe (JPN),20 APR 2013,1050
432,28:53.91,Takamitsu HASHIMOTO,29 JUN 1989,JPN,10f3,,Hachioji (JPN),01 DEC 2013,1050
433,28:54.17,Takafumi KIKUCHI,22 MAY 1991,JPN,18f16,,Tokyo (JPN),23 NOV 2013,1050
434,28:54.27,Kazuya DEGUCHI,14 AUG 1988,JPN,20,,Kobe (JPN),21 APR 2013,1050
435,28:54.28,Masaya KAKIHARA,16 JAN 1993,JPN,6f4,,Yokohama (JPN),13 APR 2013,1050
436,28:54.29,Joseph CHIRLEE,14 FEB 1980,USA,22f1,,"Palo Alto, CA (USA)",28 APR 2013,1050
437,28:54.35,Shoya KUROKAWA,19 FEB 1993,JPN,16f12,,Yokohama (JPN),28 SEP 2013,1050
438,28:54.63,Hidehito TAKAMINE,08 OCT 1986,JPN,12f2,,Fukagawa (JPN),29 JUN 2013,1049
439,28:54.71,Noriaki TAKAHASHI,26 JUL 1982,JPN,11f3,,Hachioji (JPN),01 DEC 2013,1049
440,28:54.84,Yuji OSUDA,18 NOV 1990,JPN,2f2,,Kumagaya (JPN),20 SEP 2013,1049
441,28:54.92,Shuhei YAMAMOTO,24 MAY 1991,JPN,9f1,,Kitami (JPN),06 JUL 2013,1049
442,28:54.95,Tetsuya YOROIZAKA,20 MAR 1990,JPN,7,,Nobeoka (JPN),11 MAY 2013,1049
442,28:54.95,Daisuke SHIMIZU,02 AUG 1982,JPN,26f1,,Fukagawa (JPN),29 JUN 2013,1049
444,28:55.1h,Daniel MUINDI,10 NOV 1994,KEN,5,,Nairobi (KEN),16 MAY 2013,1049
445,28:55.18,Naohiro DOMOTO,23 JUL 1989,JPN,16f1,,Hachioji (JPN),01 DEC 2013,1048
446,28:55.23,Aritaka KAJIWARA,16 JUN 1988,JPN,21,,Kobe (JPN),21 APR 2013,1048
447,28:55.24,Aziz LAHBABI,03 FEB 1991,MAR,2,,Mersin (TUR),27 JUN 2013,1048
448,28:55.26,Shuji YOSHIKAWA,06 DEC 1985,JPN,17f12,,Yokohama (JPN),28 SEP 2013,1048
449,28:55.27,Alejandro FERNÁNDEZ,08 AUG 1985,ESP,2,,Mataró (ESP),06 APR 2013,1048
450,28:55.28,Keita BABA,28 APR 1986,JPN,3f2,,Kumagaya (JPN),20 SEP 2013,1048
451,28:55.29,Wataru UENO,02 AUG 1990,JPN,13f2,,Fukagawa (JPN),29 JUN 2013,1048
452,28:55.34,Keisuke FUJI,30 MAY 1990,JPN,12f3,,Hachioji (JPN),01 DEC 2013,1048
453,28:55.36,Shota YAMAGUCHI,19 DEC 1985,JPN,3f5,,Yokohama (JPN),26 OCT 2013,1048
454,28:55.4h,Mark Kosgei KIPTOO,21 JUN 1976,KEN,1,,Nairobi (KEN),09 MAY 2013,1048
455,28:55.55,Ernest KIBET,,KEN,7f1,,"Palo Alto, CA (USA)",29 MAR 2013,1048
456,28:55.64,Naohiro YAMADA,18 DEC 1984,JPN,15f2,,Hachioji (JPN),01 DEC 2013,1048
457,28:55.65,Shinobu KUBOTA,12 DEC 1991,JPN,8,,Nobeoka (JPN),11 MAY 2013,1048
458,28:55.71,Keisuke SAGO,07 APR 1992,JPN,1f10,,Yokohama (JPN),28 SEP 2013,1048
459,28:55.77,Shinichiro TAI,11 JUN 1991,JPN,7f4,,Yokohama (JPN),13 APR 2013,1048
460,28:55.8h,Leonard OLOITIPTIP,1990,KEN,2,,Nairobi (KEN),09 MAY 2013,1047
461,28:55.87,Mikael EKVALL,18 JUN 1989,SWE,5,,Pravets (BUL),08 JUN 2013,1047
462,28:55.88,Yu AOKI,,JPN,9f2,,Ibaraki (JPN),18 MAY 2013,1047
463,28:56.04,William Malel SITONIK,01 MAR 1994,KEN,1f2,,Kobe (JPN),20 APR 2013,1047
464,28:56.1h,Josphat Kiprono MENJO,20 AUG 1979,KEN,3,,Nairobi (KEN),09 MAY 2013,1047
465,28:56.14,Keisuke FURUKAWA,17 JUN 1993,JPN,10,,Yokohama (JPN),30 NOV 2013,1047
466,28:56.20,Parker STINSON,03 MAR 1992,USA,2,,"Los Angeles, CA (USA)",11 MAY 2013,1047
467,28:56.27,Jamel CHATBI,30 APR 1984,ITA,1f2,,Ancona (ITA),18 MAY 2013,1047
468,28:56.28,Christopher BARNICLE,31 MAR 1987,USA,23f1,,"Palo Alto, CA (USA)",28 APR 2013,1047
469,28:56.31,Takayuki MAENO,24 APR 1992,JPN,4f5,,Yokohama (JPN),26 OCT 2013,1047
470,28:56.46,Rui YONEZAWA,26 AUG 1986,JPN,14f2,,Fukagawa (JPN),29 JUN 2013,1047
471,28:56.51,Hikaru TOMINAGA,25 NOV 1988,JPN,1f2,,Hiroshima (JPN),23 NOV 2013,1046
472,28:56.55,Hideyuki ANZAI,18 SEP 1985,JPN,2f2,,Kobe (JPN),20 APR 2013,1046
473,28:56.71,Hayato SAITO,09 JAN 1989,JPN,22,,Kobe (JPN),21 APR 2013,1046
473,28:56.71,Naohiro DOMOTO,23 JUL 1989,JPN,23,,Kobe (JPN),21 APR 2013,1046
475,28:56.90,Takuya ISHIKAWA,29 OCT 1987,JPN,24,,Kobe (JPN),21 APR 2013,1046
476,28:56.92,Solomon HAILE,23 JAN 1990,USA,8f1,,"Palo Alto, CA (USA)",29 MAR 2013,1046
477,28:56.96,Kenji YAMAMOTO,17 NOV 1989,JPN,13f3,,Kumagaya (JPN),20 SEP 2013,1046
478,28:56.97,Benjamin NGANDU,21 MAR 1990,KEN,3f2,,Kobe (JPN),20 APR 2013,1046
479,28:57.20,Chihiro MIYAWAKI,28 AUG 1991,JPN,12,,Tokyo (JPN),08 JUN 2013,1045
479,28:57.20,Kentaro HIRAI,01 MAY 1993,JPN,5f5,,Yokohama (JPN),26 OCT 2013,1045
481,28:57.21,Shuhei YAMAMOTO,24 MAY 1991,JPN,4,,Tokyo (JPN),06 SEP 2013,1045
482,28:57.27,Tsubasa HAYAKAWA,02 JUL 1990,JPN,13,,Tokyo (JPN),08 JUN 2013,1045
483,28:57.32,Shun SATO,05 JAN 1988,JPN,6f4,,Saitama (JPN),28 APR 2013,1045
484,28:57.44,Brendan O'NEILL,01 NOV 1988,IRL,9f1,,"Palo Alto, CA (USA)",29 MAR 2013,1045
485,28:57.45,Kensuke GOTODA,08 DEC 1990,JPN,4f2,,Kobe (JPN),20 APR 2013,1045
486,28:57.52,Shota HIRAGA,10 APR 1990,JPN,4f2,,Kumagaya (JPN),20 SEP 2013,1045
487,28:57.53,Oleksandr SITKOVSKIY,09 JUN 1978,UKR,2,,Yalta (UKR),06 JUN 2013,1045
488,28:57.82,Soufiyan BOUQANTAR,30 AUG 1993,MAR,3,,Mersin (TUR),27 JUN 2013,1044
489,28:57.84,Tesema MOGES,02 FEB 1988,ISR,6,,Pravets (BUL),08 JUN 2013,1044
490,28:58.00,Melaku ABERA,20 APR 1994,ETH,1,,Nagasaki (JPN),30 NOV 2013,1044
491,28:58.09,Ryu TAKAKU,18 FEB 1993,JPN,7f4,,Saitama (JPN),28 APR 2013,1044
492,28:58.12,Hisanori KITAJIMA,16 OCT 1984,JPN,14f3,,Kumagaya (JPN),20 SEP 2013,1044
493,28:58.19,Takahiro ASO,07 DEC 1985,JPN,5f2,,Kobe (JPN),20 APR 2013,1044
494,28:58.21,Hayato SONODA,05 APR 1989,JPN,2,,Nagasaki (JPN),30 NOV 2013,1044
495,28:58.22,Glarius ROP,28 MAR 1984,KEN,1,,"Philadelphia, PA (USA)",25 APR 2013,1044
496,28:58.25,Kaito KITA,23 FEB 1992,JPN,10f1,,Kobe (JPN),20 APR 2013,1044
497,28:58.36,Dai NAKAHARA,02 DEC 1990,JPN,13,,Yokohama (JPN),30 NOV 2013,1044
498,28:58.64,Toshikatsu EBINA,24 JUN 1991,JPN,11f1,,Kobe (JPN),20 APR 2013,1043
499,28:58.67,Bilisuma Shugi GELASSA,19 JUL 1989,BRN,2,,Pune (IND),04 JUL 2013,1043
500,28:58.70,Yusuke SATO,20 OCT 1990,JPN,16f2,,Hachioji (JPN),01 DEC 2013,1043
501,28:58.79,Yuriy CHECHUN,05 JUL 1986,RUS,5,,Moskva (RUS),11 JUN 2013,1043
502,28:58.8h,John Kemboi CHERUIYOT,05 JUL 1990,KEN,8,,Nairobi (KEN),25 MAY 2013,1043
502,28:58.80,Keisuke NAKATANI,12 JAN 1995,JPN,5,,Tokyo (JPN),06 SEP 2013,1043
504,28:58.91,Kohei MATSUMURA,05 NOV 1986,JPN,15f3,,Kumagaya (JPN),20 SEP 2013,1043
505,28:58.92,Gabriel PROCTOR,29 APR 1990,USA,1,,"Walnut, CA (USA)",18 APR 2013,1043
506,28:59.10,Tatsunori HAMASAKI,04 JUL 1988,JPN,17f2,,Hachioji (JPN),01 DEC 2013,1043
507,28:59.12,Toshiyuki YANAGI,23 APR 1993,JPN,6,,Tokyo (JPN),06 SEP 2013,1043
508,28:59.14,Kentaro NAKAMOTO,07 DEC 1982,JPN,10f3,,Kitakyushu (JPN),18 MAY 2013,1043
509,28:59.29,Tylor THATCHER,,USA,10f1,,"Palo Alto, CA (USA)",29 MAR 2013,1042
510,28:59.56,Ryo KINAME,22 JAN 1991,JPN,17f1,,Hachioji (JPN),01 DEC 2013,1042
511,28:59.59,John KARIUKI,10 NOV 1986,KEN,7,,Tokyo (JPN),06 SEP 2013,1042
512,28:59.67,Shintaro MIWA,04 JAN 1992,JPN,1f14,,Tokyo (JPN),23 NOV 2013,1042
513,28:59.79,Leslie ENCINA,02 JAN 1982,CHI,1,,Trujillo (PER),27 NOV 2013,1042
514,28:59.80,Takuya NOGUCHI,02 JUL 1988,JPN,5f2,,Kumagaya (JPN),20 SEP 2013,1042
515,28:59.82,Ikki TAKEUCHI,02 JUN 1991,JPN,8f4,,Yokohama (JPN),13 APR 2013,1042
516,28:59.88,Tiidrek NURME,18 NOV 1985,EST,24f1,,"Palo Alto, CA (USA)",28 APR 2013,1041
517,29:00.02,Abdelhadi EL HACHIMI,15 DEC 1974,BEL,1,,Duffel (BEL),04 MAY 2013,1041
518,29:00.05,Morris Munene GACHAGA,07 APR 1995,KEN,18f1,,Hachioji (JPN),01 DEC 2013,1041
519,29:00.28,Kazuma GANAHA,01 OCT 1993,JPN,8,,Tokyo (JPN),06 SEP 2013,1041
520,29:00.55,Yuji NAKAMURA,29 APR 1970,JPN,18f12,,Yokohama (JPN),28 SEP 2013,1040
521,29:00.67,Kenta MUTO,14 FEB 1994,JPN,19f16,,Tokyo (JPN),23 NOV 2013,1040
522,29:00.87,Daisuke KOYAMA,29 AUG 1987,JPN,4,,Hiroshima (JPN),18 MAY 2013,1040
523,29:00.99,Takashi MAKABE,03 FEB 1982,JPN,6f2,,Kumagaya (JPN),20 SEP 2013,1040
524,29:01.1h,Linus Kipwambok CHUMBA,09 FEB 1980,KEN,4,,Nairobi (KEN),09 MAY 2013,1040
525,29:01.18,Daichi KAMINO,13 SEP 1993,JPN,9f4,,Yokohama (JPN),13 APR 2013,1040
526,29:01.44,Joseph CHEBET,25 AUG 1991,UGA,2,,"Walnut, CA (USA)",18 APR 2013,1039
527,29:01.46,Kenta OTANI,29 OCT 1987,JPN,5,,Hiroshima (JPN),18 MAY 2013,1039
528,29:01.64,Byron PIEDRA,19 AUG 1982,ECU,2,,Trujillo (PER),27 NOV 2013,1039
529,29:01.68,José ESPANA,05 MAY 1986,ESP,3,,Mataró (ESP),06 APR 2013,1039
530,29:01.80,Ryuji KASHIWABARA,13 JUL 1989,JPN,25,,Kobe (JPN),21 APR 2013,1039
531,29:01.91,Igor GELETIY,17 OCT 1982,UKR,3,,Yalta (UKR),06 JUN 2013,1038
532,29:01.99,Shuji MATSUO,14 SEP 1991,JPN,20f16,,Tokyo (JPN),23 NOV 2013,1038
533,29:02.0h,Richard NDEGWA,05 OCT 1985,KEN,5,,Nairobi (KEN),09 MAY 2013,1038
534,29:02.17,Masato ENDO,15 JAN 1992,JPN,10f4,,Yokohama (JPN),13 APR 2013,1038
535,29:02.59,Shunsuke MIYASAKA,01 JUN 1991,JPN,6f5,,Yokohama (JPN),26 OCT 2013,1037
536,29:02.66,Toshiyuki YANAGI,23 APR 1993,JPN,10f1,,Kitami (JPN),06 JUL 2013,1037
537,29:02.7h,Lewis MOSOTI,1985,KEN,6,,Nairobi (KEN),09 MAY 2013,1037
538,29:03.19,Michael BIWOTT,,USA,2,,"Philadelphia, PA (USA)",25 APR 2013,1037
539,29:03.25,Masamichi YASUDA,13 OCT 1987,JPN,26,,Kobe (JPN),21 APR 2013,1036
540,29:03.33,Mike MURPHY,,USA,11f1,,"Palo Alto, CA (USA)",29 MAR 2013,1036
541,29:03.4h,Reuben LIMAA,1987,KEN,7,,Nairobi (KEN),09 MAY 2013,1036
542,29:03.45,Craig CURLEY,21 MAY 1985,USA,3,,"Walnut, CA (USA)",18 APR 2013,1036
543,29:03.53,Takashi ICHIDA,16 JUN 1992,JPN,9,,Tokyo (JPN),06 SEP 2013,1036
544,29:03.58,Ryosuke MAKI,25 APR 1986,JPN,1f1,,Kumagaya (JPN),20 SEP 2013,1036
545,29:03.59,Gerald Nicolas GIRALDO VILLA,21 MAR 1989,COL,3,,Trujillo (PER),27 NOV 2013,1036
546,29:03.75,Mats LUNDERS,05 JUL 1991,BEL,2,,Duffel (BEL),04 MAY 2013,1036
546,29:03.75,Kenta UEDA,05 JUL 1995,JPN,7f5,,Yokohama (JPN),26 OCT 2013,1036
548,29:03.83,Longyun REN,12 OCT 1987,CHN,1,,Shenyang (CHN),10 SEP 2013,1036
549,29:03.88,Andrey SAFRONOV,16 DEC 1985,RUS,6,,Moskva (RUS),11 JUN 2013,1036
550,29:04.0h,Davis KIPLANGAT,10 JUL 1998,KEN,4,,Nakuru (KEN),14 JUN 2013,1035
551,29:04.01,Pardon NDHLOVU,23 AUG 1987,ZIM,3,,"Philadelphia, PA (USA)",25 APR 2013,1035
552,29:04.06,Joseph GRAY,20 JAN 1984,USA,12f1,,"Palo Alto, CA (USA)",29 MAR 2013,1035
553,29:04.56,Tyler PENNEL,21 DEC 1987,USA,25f1,,"Palo Alto, CA (USA)",28 APR 2013,1035
554,29:04.83,Yuji MUROTA,22 JUN 1990,JPN,2f2,,Hiroshima (JPN),23 NOV 2013,1034
555,29:04.91,Daichi MOTOMURA,26 JAN 1992,JPN,12f1,,Kobe (JPN),20 APR 2013,1034
556,29:04.92,Jiahui SUN,08 OCT 1987,CHN,2,,Shenyang (CHN),10 SEP 2013,1034
557,29:05.03,Tomoyuki MORITA,08 JUL 1984,JPN,10f2,,Ibaraki (JPN),18 MAY 2013,1034
558,29:05.05,Mustapha EL AZIZ,24 DEC 1985,MAR,3,,Nice (FRA),10 SEP 2013,1034
559,29:05.07,Kenji YAMAMOTO,17 NOV 1989,JPN,6,,Hiroshima (JPN),18 MAY 2013,1034
560,29:05.13,Andrea LALLI,20 MAY 1987,ITA,7,,Pravets (BUL),08 JUN 2013,1034
561,29:05.42,Cyrus Gichobi NJUI,11 FEB 1986,KEN,19f1,,Hachioji (JPN),01 DEC 2013,1033
562,29:05.48,Ryuji KASHIWABARA,13 JUL 1989,JPN,11f1,,Kitami (JPN),06 JUL 2013,1033
563,29:05.60,Takaya SATO,05 MAY 1994,JPN,10,,Tokyo (JPN),06 SEP 2013,1033
563,29:05.60,Jhon CUSI,18 JAN 1985,PER,4,,Trujillo (PER),27 NOV 2013,1033
565,29:05.69,Aritaka KAJIWARA,16 JUN 1988,JPN,11f2,,Ibaraki (JPN),18 MAY 2013,1033
566,29:05.71,Koichi SAKAI,11 MAR 1986,JPN,27,,Kobe (JPN),21 APR 2013,1033
566,29:05.71,Rachid ADIL,26 JUL 1990,MAR,4,,Casablanca (MAR),07 JUL 2013,1033
568,29:05.72,Hironori ARAI,19 SEP 1979,JPN,7,,Hiroshima (JPN),18 MAY 2013,1033
569,29:05.82,Driss EL HIMER,04 APR 1974,FRA,1,,St-Maur (FRA),24 APR 2013,1033
570,29:05.86,Yevgeniy PISHCHALOV,23 FEB 1985,RUS,7,,Moskva (RUS),11 JUN 2013,1033
571,29:05.88,Yasuyuki NAKAMURA,22 JAN 1985,JPN,19f12,,Yokohama (JPN),28 SEP 2013,1033
572,29:05.94,Genta YODOKAWA,22 SEP 1992,JPN,8f4,,Saitama (JPN),28 APR 2013,1033
573,29:05.98,Rui YONEZAWA,26 AUG 1986,JPN,8,,Hiroshima (JPN),18 MAY 2013,1032
574,29:06.00,Seung-ho BAEK,16 DEC 1990,KOR,12f1,,Kitami (JPN),06 JUL 2013,1032
575,29:06.14,Erik OLSON,15 MAR 1992,USA,13f1,,"Palo Alto, CA (USA)",29 MAR 2013,1032
576,29:06.2h,William KIBOR,10 JAN 1985,KEN,1f2,,San Miniato (ITA),28 APR 2013,1032
577,29:06.21,Yunlong TAI,11 MAY 1991,CHN,3,,Shenyang (CHN),10 SEP 2013,1032
578,29:06.24,Shota NAGUMO,11 DEC 1992,JPN,14f4,,Yokohama (JPN),16 NOV 2013,1032
579,29:06.29,Jacob RILEY,02 NOV 1988,USA,26f1,,"Palo Alto, CA (USA)",28 APR 2013,1032
580,29:06.54,Kazuki UEMURA,13 JAN 1994,JPN,9f4,,Saitama (JPN),28 APR 2013,1032
581,29:06.74,Duer YOA,16 DEC 1989,AUS,8,,Melbourne (AUS),12 DEC 2013,1031
582,29:06.85,Kenji YAMAMOTO,17 NOV 1989,JPN,6f2,,Kobe (JPN),20 APR 2013,1031
583,29:07.00,Yevgeniy DOGA,08 MAR 1984,RUS,8,,Moskva (RUS),11 JUN 2013,1031
584,29:07.06,Norihide FUJIMORI,15 FEB 1985,JPN,9,,Hiroshima (JPN),18 MAY 2013,1031
585,29:07.07,Takamitsu HASHIMOTO,29 JUN 1989,JPN,12f2,,Ibaraki (JPN),18 MAY 2013,1031
586,29:07.26,Takuji MORIMOTO,08 JUN 1987,JPN,7f2,,Kobe (JPN),20 APR 2013,1031
586,29:07.26,Ben TRUE,29 DEC 1985,USA,4,,"Drake Stadium, Des Moines, IA (USA)",20 JUN 2013,1031
588,29:07.33,Aaron PULFORD,24 AUG 1991,NZL,9,,Melbourne (AUS),12 DEC 2013,1030
589,29:07.37,Yuki MORIWAKI,25 AUG 1984,JPN,3f2,,Hiroshima (JPN),23 NOV 2013,1030
590,29:07.44,Daiki KUBOTA,27 JUN 1987,JPN,8f2,,Kobe (JPN),20 APR 2013,1030
591,29:07.56,Yuki AKIMOTO,07 OCT 1992,JPN,4f2,,Hiroshima (JPN),23 NOV 2013,1030
592,29:07.68,Dmytro SIRUK,12 APR 1991,UKR,4,,Yalta (UKR),06 JUN 2013,1030
593,29:07.70,Guojian DONG,16 MAR 1987,CHN,4,,Shenyang (CHN),10 SEP 2013,1030
594,29:07.72,Yusuke SATO,20 OCT 1990,JPN,13f2,,Ibaraki (JPN),18 MAY 2013,1030
595,29:07.76,Jeff VEIGA,,USA,4,,"Philadelphia, PA (USA)",25 APR 2013,1030
596,29:07.80,Yoshiaki SHIOTA,13 JUN 1987,JPN,28,,Kobe (JPN),21 APR 2013,1030
597,29:07.88,Ryo SHIRAYOSHI,31 MAY 1993,JPN,1f11,,Yokohama (JPN),28 SEP 2013,1030
598,29:08.01,Ryosuke MAKI,25 APR 1986,JPN,4f3,,Fukagawa (JPN),29 JUN 2013,1029
599,29:08.04,Nate JEWKES,1990,USA,4,,"Walnut, CA (USA)",18 APR 2013,1029
599,29:08.04,Andrey LEYMAN,13 APR 1987,RUS,9,,Moskva (RUS),11 JUN 2013,1029
601,29:08.06,Naoya HASHIMOTO,23 APR 1981,JPN,5f2,,Hiroshima (JPN),23 NOV 2013,1029
602,29:08.15,Yasushi YAMAMOTO,10 SEP 1985,JPN,20f12,,Yokohama (JPN),28 SEP 2013,1029
603,29:08.17,Yoshihiro WAKAMATSU,09 DEC 1986,JPN,29,,Kobe (JPN),21 APR 2013,1029
604,29:08.20,Duncan Maina MUTHEE,08 MAR 1991,KEN,21f12,,Yokohama (JPN),28 SEP 2013,1029
605,29:08.32,Jimmy CLARK,21 NOV 1992,USA,14f1,,"Palo Alto, CA (USA)",29 MAR 2013,1029
606,29:08.44,Homiyu TESFAYE,23 JUN 1993,ETH,1,,Bremen (GER),04 MAY 2013,1029
607,29:08.47,Shunsuke NOMURA,17 JAN 1983,JPN,22f12,,Yokohama (JPN),28 SEP 2013,1029
608,29:08.62,Daniel Chaves DA SILVA,10 JUL 1988,BRA,,,São Paulo (BRA),06 JUN 2013,1029
609,29:08.81,Stijn GARAIN,12 JAN 1989,BEL,3,,Duffel (BEL),04 MAY 2013,1028
610,29:08.99,Tomoya ONISHI,28 MAR 1987,JPN,9,,Nobeoka (JPN),11 MAY 2013,1028
611,29:09.00,Kazuharu TAKAI,10 MAY 1984,JPN,30,,Kobe (JPN),21 APR 2013,1028
611,29:09.0h,Peter MATELONG,1989,KEN,8,,Nairobi (KEN),09 MAY 2013,1028
613,29:09.13,Keiji AKUTSU,20 MAR 1987,JPN,14,,Tokyo (JPN),08 JUN 2013,1028
614,29:09.19,Jim SPISAK,18 NOV 1990,USA,1,,"Philadelphia, PA (USA)",25 APR 2013,1028
615,29:09.3h,Boniface Kiprono BII,1987,KEN,2f2,,San Miniato (ITA),28 APR 2013,1028
616,29:09.34,Tomohiro SHIIYA,27 SEP 1986,JPN,15,,Tokyo (JPN),08 JUN 2013,1028
617,29:09.41,Satoru KITAMURA,04 FEB 1986,JPN,31,,Kobe (JPN),21 APR 2013,1027
618,29:09.45,Igor MAKSIMOV,26 APR 1992,RUS,10,,Moskva (RUS),11 JUN 2013,1027
618,29:09.45,Takashi MAIE,,JPN,2f11,,Yokohama (JPN),28 SEP 2013,1027
620,29:09.48,Aaron BRAUN,28 MAY 1987,USA,5,,"Drake Stadium, Des Moines, IA (USA)",20 JUN 2013,1027
621,29:09.53,Norihide FUJIMORI,15 FEB 1985,JPN,6f2,,Hiroshima (JPN),23 NOV 2013,1027
622,29:09.59,Djamel BACHIRI,22 MAY 1977,FRA,2,,St-Maur (FRA),24 APR 2013,1027
623,29:09.65,Philipp PFLIEGER,16 JUL 1987,GER,2,,Bremen (GER),04 MAY 2013,1027
624,29:09.73,Duncan Maina MUTHEE,08 MAR 1991,KEN,4f2,,Tokyo (JPN),19 MAY 2013,1027
625,29:10.29,Haimro ALAME,08 JUN 1990,ISR,3,,Tel Aviv (ISR),09 MAY 2013,1026
626,29:10.44,Yuki NAKAMURA,21 JUN 1981,JPN,9f2,,Kobe (JPN),20 APR 2013,1026
627,29:10.45,Joilson Bernardo DA SILVA,29 AUG 1987,BRA,3,,Piracicaba (BRA),26 APR 2013,1026
628,29:10.52,Shinji SUZUKI,08 APR 1982,JPN,23f12,,Yokohama (JPN),28 SEP 2013,1026
629,29:10.75,Yohei NISHIYAMA,18 APR 1988,JPN,1,,Amagasaki (JPN),17 MAY 2013,1025
630,29:10.76,Keita BABA,28 APR 1986,JPN,32,,Kobe (JPN),21 APR 2013,1025
631,29:10.98,Raúl PACHECO,26 APR 1979,PER,5,,"Walnut, CA (USA)",18 APR 2013,1025
632,29:11.1h,Abel ROP,24 JAN 1986,KEN,6,,Nairobi (KEN),16 MAY 2013,1025
633,29:11.12,Hiroyuki ISHIKAWA,22 JAN 1993,JPN,3f11,,Yokohama (JPN),28 SEP 2013,1025
634,29:11.21,Vasil MATVIYCHUK,13 JAN 1982,UKR,5,,Yalta (UKR),06 JUN 2013,1025
635,29:11.26,Adil BOUAFIF,31 DEC 1978,SWE,1,,Borås (SWE),30 AUG 2013,1025
636,29:11.27,Renya SUGIYAMA,,JPN,1f15,,Tokyo (JPN),23 NOV 2013,1025
637,29:11.37,William JONES,,USA,1f2,,"Lewisburg, PA (USA)",13 APR 2013,1025
638,29:11.41,Hidehito TAKAMINE,08 OCT 1986,JPN,14f2,,Ibaraki (JPN),18 MAY 2013,1024
639,29:11.42,Noriaki TAKAHASHI,26 JUL 1982,JPN,24f12,,Yokohama (JPN),28 SEP 2013,1024
640,29:11.44,Takuji MORIMOTO,08 JUN 1987,JPN,10,,Hiroshima (JPN),18 MAY 2013,1024
641,29:11.46,Yosuke TOKUOKA,05 SEP 1988,JPN,7f2,,Hiroshima (JPN),23 NOV 2013,1024
642,29:11.52,Musael TEMSEGEN,1982,ERI,2,,Borås (SWE),30 AUG 2013,1024
643,29:11.74,Yuta KANEKO,27 OCT 1992,JPN,21f16,,Tokyo (JPN),23 NOV 2013,1024
644,29:11.79,Ababa LAMA,1993,SWE,3,,Borås (SWE),30 AUG 2013,1024
645,29:12.00,Bian QI,06 JAN 1989,CHN,5,,Shenyang (CHN),10 SEP 2013,1024
646,29:12.01,Andy WACKER,24 SEP 1988,USA,7f2,,"Palo Alto, CA (USA)",28 APR 2013,1024
647,29:12.24,Yuki OSHIKAWA,02 JUN 1990,JPN,7f2,,Kumagaya (JPN),20 SEP 2013,1023
648,29:12.35,Keisuke TANAKA,06 SEP 1988,JPN,10f2,,Kobe (JPN),20 APR 2013,1023
649,29:12.49,Yusuke KAWAMINAMI,29 JUL 1984,JPN,2,,Amagasaki (JPN),17 MAY 2013,1023
649,29:12.49,Kazuki IKENAGA,17 FEB 1984,JPN,4f11,,Yokohama (JPN),28 SEP 2013,1023
651,29:12.64,Nobuyuki MATSUMOTO,08 AUG 1991,JPN,2f15,,Tokyo (JPN),23 NOV 2013,1023
652,29:12.77,Kenta INUMA,01 FEB 1988,JPN,25f12,,Yokohama (JPN),28 SEP 2013,1022
653,29:12.81,Naoto MORIMOTO,14 MAY 1983,JPN,8f2,,Hiroshima (JPN),23 NOV 2013,1022
654,29:12.84,Kevin SCHWAB,15 APR 1989,USA,1,,"Waco, TX (USA)",03 MAY 2013,1022
654,29:12.84,Jeroen HENDRIKX,08 MAY 1986,BEL,4,,Duffel (BEL),04 MAY 2013,1022
656,29:12.89,Takumi KIYOTANI,24 JAN 1989,JPN,5f11,,Yokohama (JPN),28 SEP 2013,1022
657,29:12.90,Brandon Derek LORD,13 JUN 1992,CAN,4,,"Central Stadium, Kazan (RUS)",08 JUL 2013,1022
658,29:13.01,Hiromasa FUKUSHIMA,20 JUL 1987,JPN,2f10,,Yokohama (JPN),28 SEP 2013,1022
659,29:13.05,Shun YAMAMURA,27 SEP 1993,JPN,3f15,,Tokyo (JPN),23 NOV 2013,1022
660,29:13.12,Rui YONEZAWA,26 AUG 1986,JPN,11f2,,Kobe (JPN),20 APR 2013,1022
661,29:13.19,Takahiko INOUE,30 JUL 1982,JPN,6f11,,Yokohama (JPN),28 SEP 2013,1022
662,29:13.22,Shunsuke MIYASAKA,01 JUN 1991,JPN,22f16,,Tokyo (JPN),23 NOV 2013,1022
663,29:13.40,Baidong ZHAO,30 DEC 1994,CHN,6,,Shenyang (CHN),10 SEP 2013,1022
664,29:13.5h,Nicodemus BIWOT,1980,KEN,3f2,,San Miniato (ITA),28 APR 2013,1021
665,29:13.61,Hiroki YAMAGISHI,06 SEP 1991,JPN,5f2,,Tokyo (JPN),19 MAY 2013,1021
666,29:13.66,Tomoyuki MORITA,08 JUL 1984,JPN,16,,Tokyo (JPN),08 JUN 2013,1021
667,29:13.69,Yoshihiro HINOMOTO,25 SEP 1985,JPN,7f11,,Yokohama (JPN),28 SEP 2013,1021
668,29:13.80,Maksim KOROLEV,17 JAN 1992,KAZ,15f1,,"Palo Alto, CA (USA)",29 MAR 2013,1021
669,29:13.85,Kota KAKINUMA,,JPN,23f16,,Tokyo (JPN),23 NOV 2013,1021
670,29:13.87,Kazuyoshi SHIMOZATO,09 APR 1981,JPN,2f1,,Kumagaya (JPN),20 SEP 2013,1021
671,29:13.99,Wataru YAMAGUCHI,19 MAR 1984,JPN,8f11,,Yokohama (JPN),28 SEP 2013,1021
672,29:14.1h,Philemon CHEBOI,08 NOV 1993,KEN,7,,Nairobi (KEN),16 MAY 2013,1021
673,29:14.11,Ryo KINAME,22 JAN 1991,JPN,11f3,,Kitakyushu (JPN),18 MAY 2013,1021
674,29:14.21,Martin GRADY,26 AUG 1991,USA,16f1,,"Palo Alto, CA (USA)",29 MAR 2013,1020
675,29:14.42,Hiroki TAGUCHI,,JPN,1f3,,Yokohama (JPN),13 APR 2013,1020
676,29:14.47,Mizuho TANAKA,09 NOV 1991,JPN,3f10,,Yokohama (JPN),28 SEP 2013,1020
677,29:14.53,Scott SMITH,13 JUL 1986,USA,8f2,,"Palo Alto, CA (USA)",28 APR 2013,1020
678,29:14.60,Koji WATANABE,20 FEB 1978,JPN,9f11,,Yokohama (JPN),28 SEP 2013,1020
679,29:14.76,Ryan VAIL,19 MAR 1986,USA,6,,"Drake Stadium, Des Moines, IA (USA)",20 JUN 2013,1020
680,29:14.8h,John KIPKOECH,29 DEC 1991,KEN,1,,Mumias (KEN),27 APR 2013,1020
681,29:14.85,Brett KELLEY,,USA,17f1,,"Palo Alto, CA (USA)",29 MAR 2013,1019
682,29:15.0h,Peter Cheruiyot KIRUI,02 JAN 1988,KEN,1,,Nairobi (KEN),14 MAY 2013,1019
683,29:15.01,Tsubasa HAYAKAWA,02 JUL 1990,JPN,7,,Gifu (JPN),11 MAY 2013,1019
684,29:15.04,Masaharu SANO,12 OCT 1992,JPN,4f15,,Tokyo (JPN),23 NOV 2013,1019
685,29:15.12,Edward MWANZA,10 MAR 1989,ZAM,1,,Gaborone (BOT),01 JUN 2013,1019
686,29:15.23,Fumihiro MARUYAMA,01 JUL 1990,JPN,17,,Tokyo (JPN),08 JUN 2013,1019
687,29:15.3h,Elkana TERER,,KEN,2,,Mumias (KEN),27 APR 2013,1019
688,29:15.39,Yuki KIMURA,29 JAN 1993,JPN,4f10,,Yokohama (JPN),28 SEP 2013,1019
689,29:15.43,Jake SCHMITT,27 MAR 1987,USA,18f1,,"Palo Alto, CA (USA)",29 MAR 2013,1019
690,29:15.46,Hirotaka UENO,,JPN,5f15,,Tokyo (JPN),23 NOV 2013,1019
691,29:15.50,Rui YONEZAWA,26 AUG 1986,JPN,8f2,,Kumagaya (JPN),20 SEP 2013,1018
691,29:15.50,Yuji NAKAMURA,29 APR 1970,JPN,9f2,,Kumagaya (JPN),20 SEP 2013,1018
693,29:15.69,Gilbert KEMBOI,14 MAY 1986,KEN,9f2,,"Palo Alto, CA (USA)",28 APR 2013,1018
694,29:15.7h,Joseph EBUYA,20 JUN 1987,KEN,3,,Mumias (KEN),27 APR 2013,1018
695,29:15.77,Mikael EKVALL,18 JUN 1989,SWE,4,,Borås (SWE),30 AUG 2013,1018
696,29:15.98,Johana MAINA,24 DEC 1990,KEN,12f2,,Kobe (JPN),20 APR 2013,1018
697,29:16.00,Simon CHERONO,1989,KEN,1,,Sofia (BUL),30 JUL 2013,1018
698,29:16.01,Kevin MCDONNELL,30 OCT 1989,USA,2f2,,"Lewisburg, PA (USA)",13 APR 2013,1018
699,29:16.11,Keisuke FURUKAWA,17 JUN 1993,JPN,6f15,,Tokyo (JPN),23 NOV 2013,1018
700,29:16.12,Satoshi OKIMORI,24 MAY 1992,JPN,24f16,,Tokyo (JPN),23 NOV 2013,1018
701,29:16.15,Yuta SHITARA,18 DEC 1991,JPN,18,,Tokyo (JPN),08 JUN 2013,1018
702,29:16.25,Shinya IWABUCHI,,JPN,7f15,,Tokyo (JPN),23 NOV 2013,1017
703,29:16.49,Namakoe NKHASI,10 JAN 1993,RSA,3,,Stellenbosch (RSA),12 APR 2013,1017
704,29:16.5h,Julius KIPNGETICH,1991,KEN,4f2,,San Miniato (ITA),28 APR 2013,1017
705,29:16.51,Yuji SASANUMA,03 DEC 1984,JPN,3f1,,Kumagaya (JPN),20 SEP 2013,1017
706,29:16.55,Yohei NISHIYAMA,18 APR 1988,JPN,13f2,,Kobe (JPN),20 APR 2013,1017
707,29:16.58,Naoki NISHIO,26 SEP 1989,JPN,9f2,,Hiroshima (JPN),23 NOV 2013,1017
708,29:16.60,Tomonao NISHIMURA,05 AUG 1988,JPN,10f11,,Yokohama (JPN),28 SEP 2013,1017
709,29:16.62,Kevin WILLIAMS,14 APR 1990,USA,2,,"Waco, TX (USA)",03 MAY 2013,1017
710,29:16.67,Kazuya DEGUCHI,14 AUG 1988,JPN,12f3,,Kitakyushu (JPN),18 MAY 2013,1017
711,29:16.88,Takayuki TSUCHIYA,14 MAY 1994,JPN,11f11,,Yokohama (JPN),28 SEP 2013,1016
712,29:16.96,Shuhei YAMAGUCHI,08 MAR 1994,JPN,8f15,,Tokyo (JPN),23 NOV 2013,1016
713,29:17.03,Peng WEI,06 AUG 1991,CHN,7,,Shenyang (CHN),10 SEP 2013,1016
714,29:17.35,Taichi TAKASE,06 NOV 1989,JPN,14f2,,Kobe (JPN),20 APR 2013,1016
715,29:17.44,Shun INOURA,26 JUL 1992,JPN,12f11,,Yokohama (JPN),28 SEP 2013,1016
716,29:17.53,Satoru SASAKI,16 OCT 1985,JPN,13f3,,Kitakyushu (JPN),18 MAY 2013,1016
717,29:17.58,Daiki IGARI,,JPN,9f15,,Tokyo (JPN),23 NOV 2013,1015
718,29:17.66,Taiki YOSHIMURA,19 JUN 1992,JPN,6f2,,Tokyo (JPN),19 MAY 2013,1015
719,29:17.68,Naoki OKAMOTO,26 MAY 1984,JPN,16f3,,Kumagaya (JPN),20 SEP 2013,1015
719,29:17.68,Daiji KAWAI,22 SEP 1991,JPN,2f14,,Tokyo (JPN),23 NOV 2013,1015
721,29:17.78,Manuel Ángel PEÑAS,09 NOV 1977,ESP,8,,Pravets (BUL),08 JUN 2013,1015
722,29:17.83,Tomonori IKEBUCHI,13 AUG 1988,JPN,5f10,,Yokohama (JPN),28 SEP 2013,1015
723,29:17.84,Kazuaki IWAMI,25 FEB 1987,JPN,14f3,,Kitakyushu (JPN),18 MAY 2013,1015
723,29:17.84,Sho MATSUEDA,09 SEP 1989,JPN,15f3,,Kitakyushu (JPN),18 MAY 2013,1015
725,29:18.28,Ryo HASHIMOTO,26 SEP 1993,JPN,6f10,,Yokohama (JPN),28 SEP 2013,1014
726,29:18.39,Masanori ISHIDA,26 JUN 1985,JPN,7f10,,Yokohama (JPN),28 SEP 2013,1014
727,29:18.5h,Henry Kipsigei CHIRCHIR,14 MAY 1985,KEN,2,,Nairobi (KEN),14 MAY 2013,1014
728,29:18.56,Shoji TAKADA,15 AUG 1990,JPN,13f11,,Yokohama (JPN),28 SEP 2013,1014
729,29:18.65,Micah NJERU,05 AUG 1988,KEN,15f2,,Kobe (JPN),20 APR 2013,1014
730,29:18.69,Gladwin Sibabalwe MZAZI,28 AUG 1988,RSA,3,,Durban (RSA),27 APR 2013,1014
731,29:18.7h,Duke MORANGA,,KEN,8,,Nairobi (KEN),16 MAY 2013,1014
732,29:18.71,Takumi HONDA,25 JUL 1991,JPN,13f1,,Kobe (JPN),20 APR 2013,1014
733,29:18.77,Keisuke NAKATANI,12 JAN 1995,JPN,10f4,,Saitama (JPN),28 APR 2013,1014
734,29:18.91,Djamel BACHIRI,22 MAY 1977,FRA,9,,Pravets (BUL),08 JUN 2013,1014
735,29:18.98,Hironori TSUETAKI,08 MAY 1993,JPN,7f2,,Tokyo (JPN),19 MAY 2013,1013
736,29:19.12,Brendan GREGG,15 MAY 1989,USA,2,,"Portland, OR (USA)",07 JUN 2013,1013
737,29:19.41,Taichi TAKASE,06 NOV 1989,JPN,10f2,,Kumagaya (JPN),20 SEP 2013,1013
738,29:19.44,Kenta NAKAYAMA,,JPN,3f14,,Tokyo (JPN),23 NOV 2013,1013
739,29:19.48,Daisuke UEKADO,11 DEC 1993,JPN,14f11,,Yokohama (JPN),28 SEP 2013,1013
740,29:19.55,Norimasa NISHINA,22 SEP 1988,JPN,16f2,,Kobe (JPN),20 APR 2013,1013
741,29:19.74,John MASCARI,30 MAR 1992,USA,1,,"Des Moines, IA (USA)",25 APR 2013,1012
742,29:20.01,Yosuke NAKAYAMA,31 MAY 1983,JPN,4f14,,Tokyo (JPN),23 NOV 2013,1012
743,29:20.06,Solonei ROCHA DA SILVA,18 APR 1982,BRA,2,,São Paulo (BRA),06 JUN 2013,1012
744,29:20.13,Yuta OIKAWA,22 DEC 1992,JPN,25f16,,Tokyo (JPN),23 NOV 2013,1012
745,29:20.19,Ryan DOHNER,23 AUG 1991,USA,3,,"Waco, TX (USA)",03 MAY 2013,1012
746,29:20.30,Khalid ZOUBAA,27 APR 1977,FRA,3,,St-Maur (FRA),24 APR 2013,1011
747,29:20.34,David PERRY,27 MAY 1992,USA,19f1,,"Palo Alto, CA (USA)",29 MAR 2013,1011
748,29:20.38,Keita SHIOYA,03 AUG 1993,JPN,11f4,,Saitama (JPN),28 APR 2013,1011
749,29:20.45,Hunter MICKOW,15 MAR 1990,USA,6,,"Walnut, CA (USA)",18 APR 2013,1011
750,29:20.59,George KIPRUTO,,KEN,3,,Doha (QAT),30 APR 2013,1011
751,29:20.64,Keita NAGURA,,JPN,5f14,,Tokyo (JPN),23 NOV 2013,1011
752,29:20.66,Brandon Derek LORD,13 JUN 1992,USA,1f1,,"Raleigh, NC (USA)",29 MAR 2013,1011
753,29:20.67,Yuji NAKAMURA,29 APR 1970,JPN,8,,Gifu (JPN),11 MAY 2013,1011
754,29:21.05,Rapula DIPHOKO,15 APR 1989,BOT,2,,Gaborone (BOT),01 JUN 2013,1010
755,29:21.16,Henry KEMBOI,09 MAY 1981,KEN,1,,Domažlice (CZE),04 MAY 2013,1010
756,29:21.18,Tim YOUNG,22 MAR 1987,USA,2f1,,"Raleigh, NC (USA)",29 MAR 2013,1010
757,29:21.22,Yoshiyuki OZEKI,14 AUG 1983,JPN,11f2,,Kumagaya (JPN),20 SEP 2013,1010
758,29:21.26,Daiyu KITANO,,JPN,6f14,,Tokyo (JPN),23 NOV 2013,1010
759,29:21.35,Dinghong YANG,29 SEP 1987,CHN,8,,Shenyang (CHN),10 SEP 2013,1010
760,29:21.41,Josh IZEWSKI,29 APR 1990,USA,20f1,,"Palo Alto, CA (USA)",29 MAR 2013,1010
761,29:21.49,Shuhei MORIYA,30 NOV 1991,JPN,7f14,,Tokyo (JPN),23 NOV 2013,1010
762,29:21.62,Daisuke KUMON,27 NOV 1989,JPN,15f11,,Yokohama (JPN),28 SEP 2013,1010
763,29:21.69,Mark KENNEALLY,18 APR 1981,IRL,1,,Dublin (IRL),27 JUL 2013,1009
764,29:21.70,Koji MATSUOKA,11 DEC 1982,JPN,10f2,,Hiroshima (JPN),23 NOV 2013,1009
765,29:21.87,Paul KATAM,20 APR 1990,KEN,21f1,,"Palo Alto, CA (USA)",29 MAR 2013,1009
766,29:21.93,Matt TEGENKAMP,19 JAN 1982,USA,7,,"Drake Stadium, Des Moines, IA (USA)",20 JUN 2013,1009
767,29:21.94,Stephen MOKOKA,31 JAN 1985,RSA,1,,Germiston (RSA),16 MAR 2013,1009
768,29:22.01,Sibusiso NZIMA,23 NOV 1986,RSA,2,,Germiston (RSA),16 MAR 2013,1009
768,29:22.01,Mehmet ÇAGLAYAN,30 JUL 1985,TUR,1,,Izmir (TUR),01 JUN 2013,1009
770,29:22.03,Junya UEMURA,16 MAY 1994,JPN,1f13,,Tokyo (JPN),23 NOV 2013,1009
771,29:22.04,Mohammed AHMED,05 JAN 1991,CAN,1,,Moncton (CAN),20 JUN 2013,1009
772,29:22.12,Weldu Negash GEBRETSADIK,12 NOV 1986,ETH,1,,Wageningen (NED),05 JUN 2013,1009
773,29:22.17,Dan LOWRY,30 OCT 1989,USA,27f1,,"Palo Alto, CA (USA)",28 APR 2013,1009
774,29:22.20,Yehor ZHUKOV,26 FEB 1992,UKR,6,,Yalta (UKR),06 JUN 2013,1009
774,29:22.20,Yuki TAGOMORI,,JPN,8f14,,Tokyo (JPN),23 NOV 2013,1009
776,29:22.27,Tatsumi ABE,21 APR 1992,JPN,2f13,,Tokyo (JPN),23 NOV 2013,1009
777,29:22.29,Solonei ROCHA DA SILVA,18 APR 1982,BRA,4,,Piracicaba (BRA),26 APR 2013,1009
778,29:22.59,Takuya NOGUCHI,02 JUL 1988,JPN,15f2,,Ibaraki (JPN),18 MAY 2013,1008
779,29:22.61,Frank DEVAR,1988,USA,3,,"Portland, OR (USA)",07 JUN 2013,1008
780,29:22.64,José MOREIRA,05 MAY 1980,POR,10,,Pravets (BUL),08 JUN 2013,1008
781,29:22.75,Takamitsu HASHIMOTO,29 JUN 1989,JPN,17f2,,Kobe (JPN),20 APR 2013,1008
781,29:22.75,Craig LUTZ,07 NOV 1992,USA,4,,"Waco, TX (USA)",03 MAY 2013,1008
783,29:22.82,Naoto MIYAGAWA,24 FEB 1990,JPN,16f11,,Yokohama (JPN),28 SEP 2013,1008
784,29:22.96,Gilbert KEMBOI,14 MAY 1986,KEN,3f1,,"Raleigh, NC (USA)",29 MAR 2013,1008
784,29:22.96,Daniel MERCADO,22 DEC 1987,USA,7,,"Walnut, CA (USA)",18 APR 2013,1008
786,29:22.97,Brandon Derek LORD,13 JUN 1992,USA,2,,Moncton (CAN),20 JUN 2013,1008
787,29:23.09,Yohei NISHIYAMA,18 APR 1988,JPN,8f2,,Tokyo (JPN),19 MAY 2013,1007
788,29:23.19,Pierre URRUTY,17 SEP 1986,FRA,4,,St-Maur (FRA),24 APR 2013,1007
789,29:23.30,David SANCHEZ,01 FEB 1990,USA,22f1,,"Palo Alto, CA (USA)",29 MAR 2013,1007
790,29:23.33,Diego Alberto BORREGO,01 SEP 1988,MEX,10f2,,"Palo Alto, CA (USA)",28 APR 2013,1007
791,29:23.46,Domenico Matteo RICATTI,16 MAY 1979,ITA,1,,Milano (ITA),14 SEP 2013,1007
792,29:23.50,Masamichi YASUDA,13 OCT 1987,JPN,26f12,,Yokohama (JPN),28 SEP 2013,1007
793,29:23.6h,Joshua MAINGI,1994,KEN,9,,Nairobi (KEN),16 MAY 2013,1007
793,29:23.6h,Luke KIBET,12 APR 1983,KEN,10,,Nairobi (KEN),16 MAY 2013,1007
795,29:23.72,Brian MEDIGOVICH,16 SEP 1987,USA,8,,"Walnut, CA (USA)",18 APR 2013,1007
796,29:23.82,Norikazu KATO,19 OCT 1984,JPN,8f10,,Yokohama (JPN),28 SEP 2013,1006
797,29:24.01,Aaron DINZEO,17 DEC 1991,USA,5,,"Philadelphia, PA (USA)",25 APR 2013,1006
798,29:24.03,Tomohiro HAYAKAWA,25 APR 1990,JPN,17f11,,Yokohama (JPN),28 SEP 2013,1006
799,29:24.16,Akira TOMIYASU,07 MAR 1996,JPN,1f9,,Yokohama (JPN),28 SEP 2013,1006
800,29:24.20,Yuta KANEKO,27 OCT 1992,JPN,9f10,,Yokohama (JPN),28 SEP 2013,1006
801,29:24.27,Shun SATO,05 JAN 1988,JPN,9f2,,Tokyo (JPN),19 MAY 2013,1006
802,29:24.28,Ederson VILELA PEREIRA,06 JUN 1990,BRA,5,,Piracicaba (BRA),26 APR 2013,1006
803,29:24.42,Yoshiki ITO,21 JUL 1994,JPN,26f16,,Tokyo (JPN),23 NOV 2013,1005
804,29:24.56,Minato OISHI,19 MAY 1988,JPN,19,,Tokyo (JPN),08 JUN 2013,1005
805,29:24.85,Yuki KAWASAKI,27 NOV 1992,JPN,10f15,,Tokyo (JPN),23 NOV 2013,1005
806,29:24.88,Shota NAKAI,08 APR 1983,JPN,10f10,,Yokohama (JPN),28 SEP 2013,1005
807,29:25.04,Yusuke OSUMI,25 SEP 1993,JPN,11f15,,Tokyo (JPN),23 NOV 2013,1005
808,29:25.11,Maverick DARLING,09 JUN 1989,USA,1,,"Columbus, OH (USA)",10 MAY 2013,1004
809,29:25.17,Mohamed HREZI,28 OCT 1991,USA,5,,"Waco, TX (USA)",03 MAY 2013,1004
810,29:25.31,Saiya YAMAMOTO,01 MAR 1995,JPN,9f14,,Tokyo (JPN),23 NOV 2013,1004
811,29:25.42,Max STORMS,01 OCT 1990,USA,23f1,,"Palo Alto, CA (USA)",29 MAR 2013,1004
811,29:25.42,Aldo VEGA,26 NOV 1987,MEX,5,,"Central Stadium, Kazan (RUS)",08 JUL 2013,1004
813,29:25.55,Shuhei YAMAGUCHI,08 MAR 1994,JPN,10f2,,Tokyo (JPN),19 MAY 2013,1004
814,29:25.66,Jacob RILEY,02 NOV 1988,USA,8,,"Drake Stadium, Des Moines, IA (USA)",20 JUN 2013,1004
815,29:25.71,Mbongeni Amos NGXAZAZO,02 FEB 1980,RSA,3,,Germiston (RSA),16 MAR 2013,1004
816,29:25.85,Tomonori SAKAMOTO,21 JUL 1986,JPN,11f10,,Yokohama (JPN),28 SEP 2013,1003
817,29:25.90,Naoto YOSHIMURA,18 SEP 1992,JPN,18f11,,Yokohama (JPN),28 SEP 2013,1003
818,29:25.95,Robert KREBS,18 AUG 1989,GER,1f2,,"Palo Alto, CA (USA)",29 MAR 2013,1003
819,29:26.03,JL HINES,1993,USA,2f2,,"Palo Alto, CA (USA)",29 MAR 2013,1003
820,29:26.20,Jake KILDOO,12 SEP 1993,USA,24f1,,"Palo Alto, CA (USA)",29 MAR 2013,1003
821,29:26.21,Kazuki TOMARU,31 JUL 1987,JPN,18f2,,Kobe (JPN),20 APR 2013,1003
822,29:26.31,Ryohei YAMAZAKI,24 NOV 1989,JPN,12f10,,Yokohama (JPN),28 SEP 2013,1003
823,29:26.36,Yudai FUKUDA,19 NOV 1996,JPN,2f9,,Yokohama (JPN),28 SEP 2013,1003
824,29:26.43,Masanori SAKAI,30 JUN 1986,JPN,16f3,,Kitakyushu (JPN),18 MAY 2013,1003
825,29:26.62,Glarius ROP,28 MAR 1984,KEN,4f1,,"Raleigh, NC (USA)",29 MAR 2013,1002
826,29:26.72,Norihisa IMAI,28 AUG 1992,JPN,14f1,,Kobe (JPN),20 APR 2013,1002
827,29:26.88,Koki NANBA,26 MAR 1992,JPN,27f16,,Tokyo (JPN),23 NOV 2013,1002
828,29:26.91,Stephan SHAY,11 FEB 1986,USA,9,,"Walnut, CA (USA)",18 APR 2013,1002
829,29:26.93,Yuta OIKAWA,22 DEC 1992,JPN,12f4,,Saitama (JPN),28 APR 2013,1002
830,29:27.10,Kentaro NAKAMOTO,07 DEC 1982,JPN,12f2,,Kumagaya (JPN),20 SEP 2013,1002
831,29:27.28,Luke PUSKEDRA,08 FEB 1990,USA,9,,"Drake Stadium, Des Moines, IA (USA)",20 JUN 2013,1001
832,29:27.30,Kenji SHIMIZU,04 MAY 1985,JPN,13f10,,Yokohama (JPN),28 SEP 2013,1001
833,29:27.36,Tyler PENNEL,21 DEC 1987,USA,10,,"Drake Stadium, Des Moines, IA (USA)",20 JUN 2013,1001
834,29:27.39,Daniel KIPTUM,1978,KEN,2,,Sofia (BUL),30 JUL 2013,1001
835,29:27.62,Takuya ISHIKAWA,29 OCT 1987,JPN,10,,Nobeoka (JPN),11 MAY 2013,1001
836,29:27.65,Yoshito NAGAIWA,03 JUL 1987,JPN,16f2,,Ibaraki (JPN),18 MAY 2013,1001
837,29:27.69,Daiki NUMATA,19 JUL 1991,JPN,10f14,,Tokyo (JPN),23 NOV 2013,1001
838,29:27.77,Kenta INUMA,01 FEB 1988,JPN,3,,Amagasaki (JPN),17 MAY 2013,1001
839,29:27.78,Natsuki MORI,,JPN,3f13,,Tokyo (JPN),23 NOV 2013,1001
840,29:27.84,Adelson Alves DOLBERTH,25 JAN 1984,BRA,6,,Piracicaba (BRA),26 APR 2013,1001
841,29:27.89,Michael FRANKIN,,USA,10,,"Walnut, CA (USA)",18 APR 2013,1000
842,29:27.94,Shohei OTSUKA,13 AUG 1994,JPN,13f4,,Saitama (JPN),28 APR 2013,1000
843,29:28.17,Gabriel NAVARRO,06 AUG 1992,ESP,1,,Avilés (ESP),29 MAY 2013,1000
844,29:28.20,Masanori ISHIDA,26 JUN 1985,JPN,1f4,,Fukagawa (JPN),29 JUN 2013,1000
845,29:28.27,Ivan KONYAYEV,09 JAN 1987,RUS,11,,Moskva (RUS),11 JUN 2013,1000
846,29:28.36,Zack MAYHEW,27 NOV 1989,USA,2,,"Columbus, OH (USA)",10 MAY 2013,1000
847,29:28.38,Brian GOHLKE,18 MAY 1993,USA,6,,"Waco, TX (USA)",03 MAY 2013,1000
848,29:28.41,Jim RIDDLE,09 JUN 1990,USA,11,,"Walnut, CA (USA)",18 APR 2013,1000
848,29:28.41,Kazuki MATSUMURA,14 JAN 1993,JPN,4f13,,Tokyo (JPN),23 NOV 2013,1000
850,29:28.42,Kazuma GANAHA,01 OCT 1993,JPN,11f2,,Tokyo (JPN),19 MAY 2013,1000
851,29:28.45,Katsuto SANO,,JPN,14f10,,Yokohama (JPN),28 SEP 2013,1000
852,29:28.53,Shota HATTORI,28 OCT 1991,JPN,6,,"Central Stadium, Kazan (RUS)",08 JUL 2013,1000
853,29:28.61,Shota NAGUMO,11 DEC 1992,JPN,19f11,,Yokohama (JPN),28 SEP 2013,999
854,29:28.64,Andrew SPRINGER,10 MAR 1991,USA,1,,"Piscataway, NJ (USA)",04 MAY 2013,999
855,29:28.67,Yuma HATTORI,13 NOV 1993,JPN,15f1,,Kobe (JPN),20 APR 2013,999
856,29:28.68,Ryo YAMAMOTO,18 MAY 1984,JPN,4,,Amagasaki (JPN),17 MAY 2013,999
857,29:28.71,Mikael EKVALL,18 JUN 1989,SWE,1,,Stockholm (SWE),07 SEP 2013,999
858,29:28.72,Andrew LEMONCELLO,12 OCT 1982,GBR,1,,Birmingham (GBR),12 JUL 2013,999
859,29:28.81,Jeremy DRENCKHAHN,,USA,12,,"Walnut, CA (USA)",18 APR 2013,999
860,29:29.06,Koki TANAKA,12 JAN 1994,JPN,5f13,,Tokyo (JPN),23 NOV 2013,999
861,29:29.08,Shun YAMAMURA,27 SEP 1993,JPN,15f10,,Yokohama (JPN),28 SEP 2013,999
862,29:29.11,Jarkko JÄRVENPÄÄ,22 AUG 1986,FIN,2,,Wageningen (NED),05 JUN 2013,999
863,29:29.15,Daniel SANZ,25 FEB 1979,ESP,4,,Mataró (ESP),06 APR 2013,999
864,29:29.35,Hiroto KANAMORI,10 FEB 1994,JPN,3f9,,Yokohama (JPN),28 SEP 2013,998
865,29:29.36,Masato ENDO,15 JAN 1992,JPN,12f15,,Tokyo (JPN),23 NOV 2013,998
866,29:29.37,Josh HARDIN,12 MAY 1991,USA,6,,"Philadelphia, PA (USA)",25 APR 2013,998
867,29:29.41,Abdelhadi EL HACHIMI,15 DEC 1974,BEL,11,,Pravets (BUL),08 JUN 2013,998
868,29:29.47,Keith GERRARD,24 MAR 1986,GBR,2,,Birmingham (GBR),12 JUL 2013,998
869,29:29.55,Yoshihiro YAMAMOTO,20 APR 1983,JPN,19f2,,Kobe (JPN),20 APR 2013,998
869,29:29.55,Jose Luis DUARTE,19 MAY 1989,MEX,7,,"Central Stadium, Kazan (RUS)",08 JUL 2013,998
871,29:29.57,Scott OVERALL,09 FEB 1983,GBR,3,,Birmingham (GBR),12 JUL 2013,998
872,29:29.63,Takuya SUZUKI,19 JAN 1990,JPN,4f1,,Kumagaya (JPN),20 SEP 2013,998
873,29:29.64,Aaron SHERF,,USA,7,,"Waco, TX (USA)",03 MAY 2013,998
873,29:29.64,Patrick MWAKA,02 NOV 1992,KEN,17f3,,Kumagaya (JPN),20 SEP 2013,998
875,29:29.65,Lawi LALANG,15 JUN 1991,KEN,1,,"Eugene, OR (USA)",06 JUN 2013,998
876,29:29.94,Teppei SUEGAMI,03 OCT 1984,JPN,20f11,,Yokohama (JPN),28 SEP 2013,997
877,29:29.99,Patrick STITZINGER,25 AUG 1981,NED,3,,Wageningen (NED),05 JUN 2013,997
878,29:30.11,Dustin FAY,07 JUL 1992,USA,13,,"Walnut, CA (USA)",18 APR 2013,997
879,29:30.20,Milan KOCOUREK,06 DEC 1987,CZE,2,,Domažlice (CZE),04 MAY 2013,997
880,29:30.33,Ryan POLAND,07 JAN 1992,USA,8,,"Waco, TX (USA)",03 MAY 2013,997
881,29:30.35,Bitew ASSEFA,1994,ETH,1,,Addis Abeba (ETH),14 MAR 2013,997
882,29:30.36,Rory TUNNINGLEY,13 DEC 1989,USA,14,,"Walnut, CA (USA)",18 APR 2013,997
883,29:30.46,Tomonori IKEBUCHI,13 AUG 1988,JPN,11,,Hiroshima (JPN),18 MAY 2013,997
884,29:30.59,Shane QUINN,15 SEP 1992,IRL,1,,"Williamsburg, VA (USA)",05 APR 2013,997
885,29:30.61,Seung-ho BAEK,16 DEC 1990,KOR,1,,Ansan (KOR),06 MAY 2013,997
886,29:30.80,Takehiro ARAKAWA,21 MAY 1985,JPN,1f2,,Kitakyushu (JPN),18 MAY 2013,996
886,29:30.80,Shintaro MITSUWA,,JPN,2f5,,Yokohama (JPN),15 JUN 2013,996
888,29:30.81,Jim RIDDLE,09 JUN 1990,USA,3,,"Columbus, OH (USA)",10 MAY 2013,996
889,29:30.89,Natsuki TERADA,30 AUG 1991,JPN,12f2,,Tokyo (JPN),19 MAY 2013,996
890,29:30.95,Tiago COSTA,08 AUG 1988,POR,5,,Mataró (ESP),06 APR 2013,996
891,29:30.97,Mark LEINENGER,25 FEB 1991,USA,2,,"Williamsburg, VA (USA)",05 APR 2013,996
891,29:30.97,Daisuke MATSUFUJI,12 JAN 1986,JPN,20,,Tokyo (JPN),08 JUN 2013,996
893,29:31.11,Lorenzo DINI,02 OCT 1994,ITA,2,,"Stadio Guidobaldi, Rieti (ITA)",18 JUL 2013,996
894,29:31.14,Mehdi MESSAHEL,,MAR,5,,Casablanca (MAR),07 JUL 2013,996
895,29:31.20,Solomon DEKSISA,11 MAR 1994,ETH,2,,Addis Abeba (ETH),14 MAR 2013,996
896,29:31.23,Evan LANDES,13 FEB 1993,USA,9,,"Waco, TX (USA)",03 MAY 2013,996
897,29:31.34,Lungisa MDEDELWA,15 SEP 1984,RSA,4,,Stellenbosch (RSA),12 APR 2013,995
898,29:31.41,Pavel ADYSHKIN,17 SEP 1988,RUS,12,,Moskva (RUS),11 JUN 2013,995
899,29:31.44,Alexander SÖDERBERG,24 APR 1988,SWE,11f2,,"Palo Alto, CA (USA)",28 APR 2013,995
900,29:31.5h,Patrick Makau MUSYOKI,02 MAR 1985,KEN,3,,Nairobi (KEN),14 MAY 2013,995
901,29:31.59,Daisuke SHIMIZU,02 AUG 1982,JPN,28f1,,"Palo Alto, CA (USA)",28 APR 2013,995
902,29:31.6h,Felicien MUHITIRA,04 NOV 1994,RWA,5,,Réduit (MRI),30 AUG 2013,995
903,29:31.82,Matthew MELANCON,,USA,3f2,,"Palo Alto, CA (USA)",29 MAR 2013,995
904,29:31.85,Brhan MELAKU,1997,ETH,3,,Addis Abeba (ETH),14 MAR 2013,995
905,29:32.15,Chris BENDTSEN,29 FEB 1992,USA,1f1,,"Princeton, NJ (USA)",05 APR 2013,994
906,29:32.20,Henri MANNINEN,03 JAN 1985,FIN,4,,Wageningen (NED),05 JUN 2013,994
907,29:32.21,José MOREIRA,05 MAY 1980,POR,6,,Mataró (ESP),06 APR 2013,994
908,29:32.48,Stsiapan RAHAUTSOU,29 MAY 1986,BLR,1,,Grodno (BLR),25 JUL 2013,994
909,29:32.51,Andrey MINYAKOV,28 DEC 1983,RUS,13,,Moskva (RUS),11 JUN 2013,994
909,29:32.51,Eddy MCGINLEY,29 JAN 1983,IRL,4,,Birmingham (GBR),12 JUL 2013,994
911,29:32.58,Demetrios PAGONIS,,USA,4f2,,"Palo Alto, CA (USA)",29 MAR 2013,994
912,29:32.63,Yuki MORIWAKI,25 AUG 1984,JPN,5f1,,Kumagaya (JPN),20 SEP 2013,994
913,29:32.75,Matthew TEBO,17 MAR 1989,USA,25f1,,"Palo Alto, CA (USA)",29 MAR 2013,993
914,29:32.95,Tomasz SZYMKOWIAK,05 JUL 1983,POL,1,,Inowroclaw (POL),27 JUL 2013,993
915,29:32.97,Brogan AUSTIN,05 OCT 1991,USA,5f2,,"Palo Alto, CA (USA)",29 MAR 2013,993
916,29:33.01,Godiraone NTHOMPE,15 MAR 1986,BOT,3,,Gaborone (BOT),01 JUN 2013,993
917,29:33.07,Wellington BEZERRA DA SILVA,19 JUN 1988,BRA,7,,Piracicaba (BRA),26 APR 2013,993
918,29:33.08,Huadong TIAN,12 DEC 1989,CHN,9,,Shenyang (CHN),10 SEP 2013,993
919,29:33.12,Chris FRIAS,,USA,6f2,,"Palo Alto, CA (USA)",29 MAR 2013,993
920,29:33.37,Aaron EASKER,,USA,1,,"Hillsdale, MI (USA)",25 APR 2013,993
921,29:33.56,Stijn DE VULDER,1982,BEL,5,,Duffel (BEL),04 MAY 2013,992
922,29:33.62,Anthony FORD,26 MAY 1983,GBR,12f2,,"Palo Alto, CA (USA)",28 APR 2013,992
923,29:33.65,Taylor FARNSWORTH,,USA,1,,"Walnut, CA (USA)",18 APR 2013,992
924,29:33.68,Cale ALLEN,15 AUG 1989,USA,26f1,,"Palo Alto, CA (USA)",29 MAR 2013,992
925,29:33.88,Reed CONNOR,25 SEP 1990,USA,7f2,,"Palo Alto, CA (USA)",29 MAR 2013,992
926,29:34.15,Thomas PORTER,,USA,1,,"Charlottesville, VA (USA)",11 MAY 2013,991
927,29:34.19,Morsi RAYYAN,08 AUG 1992,USA,2,,"Hillsdale, MI (USA)",25 APR 2013,991
928,29:34.23,José ESPANA,05 MAY 1986,ESP,12,,Pravets (BUL),08 JUN 2013,991
929,29:34.28,Yukio FUJIMURA,01 JUN 1987,JPN,5,,Amagasaki (JPN),17 MAY 2013,991
930,29:34.31,Christopher GALVIN,,USA,2,,"Charlottesville, VA (USA)",11 MAY 2013,991
931,29:34.34,Ryan DOHNER,23 AUG 1991,USA,1,,"Austin, TX (USA)",28 MAR 2013,991
931,29:34.34,Ben LIVESEY,20 SEP 1978,GBR,5,,Birmingham (GBR),12 JUL 2013,991
933,29:34.39,Tom GRÖSCHEL,25 AUG 1991,GER,3,,Bremen (GER),04 MAY 2013,991
934,29:34.50,Jovanny GODINEZ,29 OCT 1991,USA,1f1,,"Walnut, CA (USA)",18 APR 2013,991
935,29:34.63,Dominic CHANNON,28 JAN 1989,NZL,2,,"Piscataway, NJ (USA)",04 MAY 2013,991
936,29:34.67,Yuta TAKAHASHI,13 APR 1987,JPN,21,,Tokyo (JPN),08 JUN 2013,991
937,29:35.04,Andrew KOWALSKY,03 MAR 1992,CAN,2f1,,"Princeton, NJ (USA)",05 APR 2013,990
938,29:35.05,Ryo MATSUMOTO,19 OCT 1990,JPN,22,,Tokyo (JPN),08 JUN 2013,990
939,29:35.08,Kazuma OSAWA,21 JUN 1991,JPN,28f16,,Tokyo (JPN),23 NOV 2013,990
940,29:35.1h,Bernard Kipsang CHUMBA,1988,KEN,5f2,,San Miniato (ITA),28 APR 2013,990
941,29:35.17,Elliott KRAUSE,12 JUN 1990,USA,4,,"Columbus, OH (USA)",10 MAY 2013,990
942,29:35.42,Rati RAM SAINI,03 MAR 1980,IND,3,,Pune (IND),04 JUL 2013,990
943,29:35.52,Martin HEHIR,19 DEC 1992,USA,3,,"Piscataway, NJ (USA)",04 MAY 2013,989
944,29:35.59,Conner PELOQUIN,04 MAY 1992,USA,2f1,,"Walnut, CA (USA)",18 APR 2013,989
945,29:35.69,Dayne GRADONE,,USA,2,,"Walnut, CA (USA)",18 APR 2013,989
946,29:35.72,Ram KHETA,20 SEP 1986,IND,4,,Pune (IND),04 JUL 2013,989
947,29:35.74,Cale ALLEN,15 AUG 1989,USA,5,,"Columbus, OH (USA)",10 MAY 2013,989
948,29:35.80,Sean DAVIDSON,,USA,8f2,,"Palo Alto, CA (USA)",29 MAR 2013,989
949,29:35.81,Dessie Getnet DEMLEW,18 SEP 1990,ETH,8,,"Central Stadium, Kazan (RUS)",08 JUL 2013,989
950,29:35.89,Denis MAYAUD,22 APR 1986,FRA,5,,St-Maur (FRA),24 APR 2013,989
951,29:36.0h,Gabriele CARLETTI,15 OCT 1985,ITA,6f2,,San Miniato (ITA),28 APR 2013,989
951,29:36.00,Nick VAN PEBORGH,23 FEB 1984,BEL,6,,Duffel (BEL),04 MAY 2013,989
953,29:36.17,Yolo NIKOLOV,04 FEB 1984,BUL,13,,Pravets (BUL),08 JUN 2013,989
954,29:36.38,Borja Jeronimo GARCÍA MARTINEZ,30 MAY 1981,ESP,7,,Mataró (ESP),06 APR 2013,988
955,29:36.42,Tom ANDERSON,12 JAN 1990,GBR,9f2,,"Palo Alto, CA (USA)",29 MAR 2013,988
956,29:36.48,Pierce MURPHY,23 AUG 1993,USA,3,,"Los Angeles, CA (USA)",11 MAY 2013,988
957,29:36.49,Mark BEAMS,,USA,3f1,,"Walnut, CA (USA)",18 APR 2013,988
958,29:36.56,Takuya ISHIKAWA,29 OCT 1987,JPN,18f3,,Kumagaya (JPN),20 SEP 2013,988
959,29:36.60,Jonathan PETERSON,06 JAN 1989,USA,27f1,,"Palo Alto, CA (USA)",29 MAR 2013,988
960,29:36.62,Gabriel PROCTOR,29 APR 1990,USA,11,,"Drake Stadium, Des Moines, IA (USA)",20 JUN 2013,988
961,29:36.64,Ali KAYA,20 APR 1994,TUR,1,,Palembang (INA),25 SEP 2013,988
962,29:36.73,Ruslan PECHNIKOV,14 OCT 1988,UKR,7,,Yalta (UKR),06 JUN 2013,988
963,29:36.78,Bian QI,06 JAN 1989,CHN,1,,Zhaoqing (CHN),28 APR 2013,988
964,29:36.80,Seref DIRLI,01 JAN 1992,TUR,2,,Izmir (TUR),01 JUN 2013,988
964,29:36.80,Mohammed ILABI,1993,MAR,6,,Casablanca (MAR),07 JUL 2013,988
964,29:36.8h,Tsedat Abeje AYANA,18 FEB 1996,ETH,6,,Réduit (MRI),30 AUG 2013,988
967,29:37.04,Giammarco BUTTAZZO,23 AUG 1977,ITA,14,,Pravets (BUL),08 JUN 2013,987
968,29:37.18,Meles OBKBAZGHI,01 FEB 1985,ETH,6,,Birmingham (GBR),12 JUL 2013,987
969,29:37.25,Ismael Apolo MONDRAGON ESCALONA,10 NOV 1988,MEX,4f1,,"Walnut, CA (USA)",18 APR 2013,987
970,29:37.26,Yoshikazu KAWAZOE,26 SEP 1987,JPN,2f2,,Kitakyushu (JPN),18 MAY 2013,987
971,29:37.28,Simone GARIBOLDI,16 JUL 1987,ITA,2f2,,Ancona (ITA),18 MAY 2013,987
972,29:37.29,Kyle MCKENNA,,USA,10f2,,"Palo Alto, CA (USA)",29 MAR 2013,987
973,29:37.35,Christian THOMPSON,02 JUL 1988,USA,13f2,,"Palo Alto, CA (USA)",28 APR 2013,987
974,29:37.48,Minato OISHI,19 MAY 1988,JPN,19f3,,Kumagaya (JPN),20 SEP 2013,987
975,29:37.57,Antonio SILVA,26 MAR 1987,POR,8,,Mataró (ESP),06 APR 2013,986
976,29:37.69,Michael BIWOTT,,USA,5f1,,"Raleigh, NC (USA)",29 MAR 2013,986
977,29:37.71,Pierce MURPHY,23 AUG 1993,USA,11f2,,"Palo Alto, CA (USA)",29 MAR 2013,986
978,29:37.80,Christopher JOHNSON,,USA,12f2,,"Palo Alto, CA (USA)",29 MAR 2013,986
979,29:37.84,Miguel AMADOR,10 JUN 1992,COL,3,,"Walnut, CA (USA)",18 APR 2013,986
980,29:37.85,Fredrik UHRBOM,13 AUG 1977,SWE,5,,Borås (SWE),30 AUG 2013,986
981,29:37.89,Matthew MCCLINTOCK,06 JAN 1994,USA,6,,"Columbus, OH (USA)",10 MAY 2013,986
982,29:37.99,Phil SCHNEIDER,,USA,3,,"Hillsdale, MI (USA)",25 APR 2013,986
982,29:37.99,Nathan MARTIN,18 DEC 1989,USA,1,,"Elgin, IL (USA)",04 MAY 2013,986
984,29:38.06,Artur KOZLOWSKI,19 JAN 1985,POL,2,,Inowroclaw (POL),27 JUL 2013,986
985,29:38.17,Tsukasa MORITA,24 JAN 1983,JPN,6,,Amagasaki (JPN),17 MAY 2013,986
986,29:38.21,Neil BURTON,22 NOV 1982,GBR,7,,Birmingham (GBR),12 JUL 2013,986
987,29:38.26,Kevin JOERGER,,USA,4,,"Walnut, CA (USA)",18 APR 2013,985
987,29:38.26,Mikhail STRELKOV,25 JUL 1994,RUS,14,,Moskva (RUS),11 JUN 2013,985
989,29:38.30,Alberto MONTORIO,1983,ITA,2,,Milano (ITA),14 SEP 2013,985
990,29:38.36,Matthew MELANCON,,USA,4,,"Los Angeles, CA (USA)",11 MAY 2013,985
991,29:38.40,Kabelo LESIA,25 AUG 1992,LES,4,,Gaborone (BOT),01 JUN 2013,985
992,29:38.41,Bujie DUO,16 FEB 1994,CHN,10,,Shenyang (CHN),10 SEP 2013,985
993,29:38.42,Robert SCRIBNER,16 NOV 1985,USA,2,,"Des Moines, IA (USA)",25 APR 2013,985
994,29:38.44,Eric CAUSEY,,USA,5f1,,"Walnut, CA (USA)",18 APR 2013,985
995,29:38.65,Du-haeng LEE,25 DEC 1981,KOR,1,,Incheon (KOR),22 OCT 2013,985
996,29:38.82,Christopher LANDRY,29 APR 1986,USA,12,,"Drake Stadium, Des Moines, IA (USA)",20 JUN 2013,985
997,29:38.92,Hiroki MITSUOKA,28 FEB 1989,JPN,7,,Amagasaki (JPN),17 MAY 2013,985
998,29:38.93,Driss EL HIMER,04 APR 1974,FRA,15,,Pravets (BUL),08 JUN 2013,985
999,29:38.99,Hendrik PFEIFFER,18 MAR 1993,GER,4,,Bremen (GER),04 MAY 2013,984
1000,29:39.01,Philipp PFLIEGER,16 JUL 1987,GER,1f1,,Regensburg (GER),16 MAR 2013,984
