Rank,Mark,Competitor,DOB,Nat,Pos,,Venue,Date,ResultScore
1,26:50.97,Mo FARAH,23 MAR 1983,GBR,1,,"Hayward Field, Eugene, OR (USA)",29 MAY 2015,1241
2,26:51.86,Paul Kipngetich TANUI,22 DEC 1990,KEN,2,,"Hayward Field, Eugene, OR (USA)",29 MAY 2015,1239
3,26:52.65,Geoffrey KAMWOROR,22 NOV 1992,KEN,3,,"Hayward Field, Eugene, OR (USA)",29 MAY 2015,1238
4,27:01.13,Mo FARAH,23 MAR 1983,GBR,1,,"National Stadium, Beijing (CHN)",22 AUG 2015,1224
5,27:01.76,Geoffrey KAMWOROR,22 NOV 1992,KEN,2,,"National Stadium, Beijing (CHN)",22 AUG 2015,1223
6,27:02.83,Paul Kipngetich TANUI,22 DEC 1990,KEN,3,,"National Stadium, Beijing (CHN)",22 AUG 2015,1222
7,27:04.77,Bedan KAROKI,21 AUG 1990,KEN,4,,"National Stadium, Beijing (CHN)",22 AUG 2015,1218
8,27:07.51,Cameron LEVINS,28 MAR 1989,CAN,4,,"Hayward Field, Eugene, OR (USA)",29 MAY 2015,1214
9,27:08.21,Paul Kipngetich TANUI,22 DEC 1990,KEN,1f1,,Kitakyushu (JPN),16 MAY 2015,1213
10,27:08.91,Galen RUPP,08 MAY 1986,USA,5,,"National Stadium, Beijing (CHN)",22 AUG 2015,1212
11,27:11.89,Geoffrey KAMWOROR,22 NOV 1992,KEN,1,,Nairobi (KEN),01 AUG 2015,1207
12,27:15.33,Bedan KAROKI,21 AUG 1990,KEN,2,,Nairobi (KEN),01 AUG 2015,1202
13,27:17.18,Muktar EDRIS,14 JAN 1994,ETH,1,,Hengelo (NED),17 JUN 2015,1199
14,27:17.63,Imane MERGA,15 OCT 1988,ETH,2,,Hengelo (NED),17 JUN 2015,1198
15,27:17.91,Geoffrey KIRUI,16 FEB 1993,KEN,5,,"Hayward Field, Eugene, OR (USA)",29 MAY 2015,1198
16,27:18.45,Paul Kipngetich TANUI,22 DEC 1990,KEN,3,,Nairobi (KEN),01 AUG 2015,1197
17,27:18.86,Mosinet GEREMEW,12 FEB 1992,ETH,3,,Hengelo (NED),17 JUN 2015,1196
18,27:19.34,Adugna TAKELE,26 FEB 1989,ETH,4,,Hengelo (NED),17 JUN 2015,1195
19,27:20.54,Tebalu ZAWUDE HEYI,02 NOV 1987,ETH,5,,Hengelo (NED),17 JUN 2015,1193
20,27:22.12,William Malel SITONIK,01 MAR 1994,KEN,1f7,,Hachioji (JPN),28 NOV 2015,1191
21,27:22.34,Emmanuel Kipkemei BETT,29 MAR 1985,KEN,6,,"Hayward Field, Eugene, OR (USA)",29 MAY 2015,1191
22,27:22.64,Tamirat TOLA,11 AUG 1991,ETH,6,,Hengelo (NED),17 JUN 2015,1190
23,27:22.89,Leul GEBRESILASE,20 SEP 1992,ETH,7,,Hengelo (NED),17 JUN 2015,1190
24,27:24.09,Ali KAYA,20 APR 1994,TUR,1,,Mersin (TUR),02 MAY 2015,1188
25,27:25.02,El Hassan EL ABBASSI,13 APR 1984,BRN,7,,"Hayward Field, Eugene, OR (USA)",29 MAY 2015,1186
26,27:26.92,Johana MAINA,24 DEC 1990,KEN,2f7,,Hachioji (JPN),28 NOV 2015,1183
27,27:27.19,Tebalu ZAWUDE HEYI,02 NOV 1987,ETH,1,,Brazzaville (CGO),14 SEP 2015,1183
28,27:27.55,Leonard BARSOTON,21 OCT 1994,KEN,2,,Brazzaville (CGO),14 SEP 2015,1182
29,27:27.57,Joshua CHEPTEGEI,12 SEP 1996,UGA,8,,"Hayward Field, Eugene, OR (USA)",29 MAY 2015,1182
30,27:28.40,Adugna TAKELE,26 FEB 1989,ETH,3,,Brazzaville (CGO),14 SEP 2015,1181
31,27:29.69,Kota MURAYAMA,23 FEB 1993,JPN,3f7,,Hachioji (JPN),28 NOV 2015,1179
32,27:29.74,Tetsuya YOROIZAKA,20 MAR 1990,JPN,4f7,,Hachioji (JPN),28 NOV 2015,1179
33,27:30.53,Diego ESTRADA,19 DEC 1989,USA,9,,"Hayward Field, Eugene, OR (USA)",29 MAY 2015,1178
34,27:31.48,Titus Kipjumba MBISHEI,28 OCT 1990,KEN,10,,"Hayward Field, Eugene, OR (USA)",29 MAY 2015,1176
35,27:33.04,Hassan MEAD,28 AUG 1989,USA,11,,"Hayward Field, Eugene, OR (USA)",29 MAY 2015,1174
36,27:33.45,Vincent Kipsegechi YATOR,11 JUL 1989,KEN,4,,Nairobi (KEN),01 AUG 2015,1173
37,27:33.82,Azmeraw MENGIST,15 SEP 1992,ETH,8,,Hengelo (NED),17 JUN 2015,1173
38,27:34.76,Paul Kipngetich TANUI,22 DEC 1990,KEN,1,,Kumamoto (JPN),12 DEC 2015,1171
39,27:35.54,John MAINA,14 JUL 1993,KEN,5f7,,Hachioji (JPN),28 NOV 2015,1170
40,27:35.75,Leonard BARSOTON,21 OCT 1994,KEN,5,,Nairobi (KEN),01 AUG 2015,1169
41,27:37.13,Paul Kipngetich TANUI,22 DEC 1990,KEN,1f1,,Gifu (JPN),25 SEP 2015,1167
42,27:38.93,Teressa NYAKORA,16 FEB 1995,ETH,6f7,,Hachioji (JPN),28 NOV 2015,1165
43,27:39.71,Timothy TOROITICH,10 OCT 1991,UGA,12,,"Hayward Field, Eugene, OR (USA)",29 MAY 2015,1163
44,27:39.76,Bernard KIMANI,30 SEP 1993,KEN,7f7,,Hachioji (JPN),28 NOV 2015,1163
45,27:39.95,Kenta MURAYAMA,23 FEB 1993,JPN,1,,Nobeoka (JPN),09 MAY 2015,1163
46,27:40.08,Vincent Kipsegechi YATOR,11 JUL 1989,KEN,4,,Brazzaville (CGO),14 SEP 2015,1163
47,27:40.20,Josphat Kipkoech BETT,12 JUN 1990,KEN,13,,"Hayward Field, Eugene, OR (USA)",29 MAY 2015,1163
48,27:40.78,Hersuato MAMIYO,13 FEB 1982,ETH,1f1,,Fukagawa (JPN),09 JUL 2015,1162
49,27:41.69,Abrar OSMAN,01 JAN 1994,ERI,1f1,,Leiden (NED),13 JUN 2015,1160
50,27:41.74,Hiran NGATIA,1992,KEN,2f1,,Fukagawa (JPN),09 JUL 2015,1160
51,27:41.76,El Hassan EL ABBASSI,13 APR 1984,BRN,1,,Mungyeong (KOR),05 OCT 2015,1160
52,27:42.62,Andy VERNON,07 JAN 1986,GBR,1f1,,"Palo Alto, CA (USA)",02 MAY 2015,1159
53,27:42.66,Geoffrey KIRUI,16 FEB 1993,KEN,6,,Nairobi (KEN),01 AUG 2015,1159
54,27:42.71,Yuta SHITARA,18 DEC 1991,JPN,2,,Nobeoka (JPN),09 MAY 2015,1159
55,27:42.99,William Malel SITONIK,01 MAR 1994,KEN,1,,Kobe (JPN),26 APR 2015,1158
56,27:43.21,Abrar OSMAN,01 JAN 1994,ERI,6,,"National Stadium, Beijing (CHN)",22 AUG 2015,1158
57,27:43.25,James WANGARI,23 MAR 1994,KEN,2f1,,Gifu (JPN),25 SEP 2015,1158
58,27:43.59,Jeremiah KAREMI,07 JUL 1994,KEN,3f1,,Fukagawa (JPN),09 JUL 2015,1157
59,27:43.69,Ali KAYA,20 APR 1994,TUR,7,,"National Stadium, Beijing (CHN)",22 AUG 2015,1157
60,27:43.73,Stephen MOKOKA,31 JAN 1985,RSA,14,,"Hayward Field, Eugene, OR (USA)",29 MAY 2015,1157
61,27:43.79,Ben TRUE,29 DEC 1985,USA,2f1,,"Palo Alto, CA (USA)",02 MAY 2015,1157
62,27:43.93,Arne GABIUS,22 MAR 1981,GER,15,,"Hayward Field, Eugene, OR (USA)",29 MAY 2015,1157
63,27:44.24,Ben ST. LAWRENCE,07 NOV 1981,AUS,3f1,,"Palo Alto, CA (USA)",02 MAY 2015,1156
64,27:44.90,Timothy TOROITICH,10 OCT 1991,UGA,8,,"National Stadium, Beijing (CHN)",22 AUG 2015,1155
65,27:45.01,David MCNEILL,06 OCT 1986,AUS,4f1,,"Palo Alto, CA (USA)",02 MAY 2015,1155
66,27:45.22,Rodgers KWEMOI,03 MAR 1998,KEN,1f2,,Gifu (JPN),17 OCT 2015,1155
67,27:45.24,Suguru OSAKO,23 MAY 1991,JPN,16,,"Hayward Field, Eugene, OR (USA)",29 MAY 2015,1155
68,27:45.36,Hiran NGATIA,1992,KEN,1f3,,Tajimi (JPN),12 OCT 2015,1154
68,27:45.36,Hiran NGATIA,1992,KEN,2f2,,Gifu (JPN),17 OCT 2015,1154
70,27:45.69,Johana MAINA,24 DEC 1990,KEN,4f1,,Fukagawa (JPN),09 JUL 2015,1154
71,27:45.92,Kassa MAKASHAW,19 MAR 1984,ETH,5f1,,Fukagawa (JPN),09 JUL 2015,1154
72,27:46.21,Agato Yashin HASSAN,19 JAN 1986,ETH,8f7,,Hachioji (JPN),28 NOV 2015,1153
73,27:46.36,Paul Kipngetich TANUI,22 DEC 1990,KEN,1f5,,Saga (JPN),17 OCT 2015,1153
74,27:46.55,Shuho DAIROKUNO,23 DEC 1992,JPN,9f7,,Hachioji (JPN),28 NOV 2015,1153
75,27:46.82,Zane ROBERTSON,14 NOV 1989,NZL,17,,"Hayward Field, Eugene, OR (USA)",29 MAY 2015,1152
76,27:46.90,Mohammed AHMED,05 JAN 1991,CAN,5f1,,"Palo Alto, CA (USA)",02 MAY 2015,1152
77,27:47.55,Bashir ABDI,10 FEB 1989,BEL,6f1,,"Palo Alto, CA (USA)",02 MAY 2015,1151
78,27:48.53,Aras KAYA,04 APR 1994,KEN,2,,Mersin (TUR),02 MAY 2015,1150
79,27:48.89,Joshua CHEPTEGEI,12 SEP 1996,UGA,9,,"National Stadium, Beijing (CHN)",22 AUG 2015,1149
80,27:49.43,Hassan MEAD,28 AUG 1989,USA,7f1,,"Palo Alto, CA (USA)",02 MAY 2015,1148
81,27:49.46,Joseph KAMATHI,23 NOV 1996,KEN,6f1,,Fukagawa (JPN),09 JUL 2015,1148
82,27:49.70,Rodgers KWEMOI,03 MAR 1998,KEN,10f7,,Hachioji (JPN),28 NOV 2015,1148
83,27:50.09,James Gitahi RUNGARU,14 JAN 1993,KEN,7,,Nairobi (KEN),01 AUG 2015,1147
84,27:50.14,Nguse AMLOSOM,10 NOV 1986,ERI,1,,San Sebastián (ESP),24 JUL 2015,1147
85,27:50.70,Yitayal Atnafu ZERIHUN,20 JAN 1993,ETH,9,,Hengelo (NED),17 JUN 2015,1146
86,27:50.81,Paul KUIRA,25 JAN 1991,KEN,11f7,,Hachioji (JPN),28 NOV 2015,1146
87,27:50.93,Samuel MWANGI,19 SEP 1997,KEN,12f7,,Hachioji (JPN),28 NOV 2015,1146
88,27:51.0h,Vincent Kipsegechi YATOR,11 JUL 1989,KEN,1,,Nairobi (KEN),11 JUL 2015,1146
89,27:52.86,Kassa MAKASHAW,19 MAR 1984,ETH,8f1,,"Palo Alto, CA (USA)",02 MAY 2015,1143
90,27:53.19,Daniel KIPKEMBOI,05 JUL 1996,KEN,2f3,,Tajimi (JPN),12 OCT 2015,1142
90,27:53.19,Daniel KIPKEMBOI,05 JUL 1996,KEN,3f2,,Gifu (JPN),17 OCT 2015,1142
92,27:53.38,Ali KAYA,20 APR 1994,TUR,1,,Tallinn (EST),09 JUL 2015,1142
93,27:53.79,Joseph KAMATHI,23 NOV 1996,KEN,13f7,,Hachioji (JPN),28 NOV 2015,1141
94,27:53.84,Yuta SHITARA,18 DEC 1991,JPN,14f7,,Hachioji (JPN),28 NOV 2015,1141
95,27:54.25,Jason WITT,09 DEC 1989,USA,9f1,,"Palo Alto, CA (USA)",02 MAY 2015,1141
96,27:54.30,Bernard KIMANI,30 SEP 1993,KEN,3f1,,Gifu (JPN),25 SEP 2015,1141
97,27:54.35,William Malel SITONIK,01 MAR 1994,KEN,8,,Nairobi (KEN),01 AUG 2015,1141
98,27:54.47,Muktar EDRIS,14 JAN 1994,ETH,10,,"National Stadium, Beijing (CHN)",22 AUG 2015,1140
99,27:54.6h,Charles MUNERIA,10 FEB 1996,KEN,2,,Nairobi (KEN),11 JUL 2015,1140
100,27:54.98,Parker STINSON,03 MAR 1992,USA,10f1,,"Palo Alto, CA (USA)",02 MAY 2015,1140
100,27:54.98,Patrick MATHENGE,02 NOV 1997,KEN,1f1,,Abashiri (JPN),16 JUL 2015,1140
102,27:55.02,Tsuyoshi UGACHI,27 APR 1987,JPN,15f7,,Hachioji (JPN),28 NOV 2015,1139
103,27:55.17,Stephen Omiso ARITA,26 JUN 1988,KEN,9,,Nairobi (KEN),01 AUG 2015,1139
104,27:55.19,Christopher LANDRY,29 APR 1986,USA,11f1,,"Palo Alto, CA (USA)",02 MAY 2015,1139
104,27:55.19,Melaku ABERA,20 APR 1994,ETH,4f1,,Gifu (JPN),25 SEP 2015,1139
106,27:55.40,Hiroyuki YAMAMOTO,30 APR 1986,JPN,16f7,,Hachioji (JPN),28 NOV 2015,1139
107,27:56.59,Bobby CURTIS,28 NOV 1984,USA,12f1,,"Palo Alto, CA (USA)",02 MAY 2015,1137
108,27:56.7h,Stephen MOKOKA,31 JAN 1985,RSA,1,,Stellenbosch (RSA),25 APR 2015,1137
109,27:56.9h,Gladwin Sibabalwe MZAZI,28 AUG 1988,RSA,2,,Stellenbosch (RSA),25 APR 2015,1137
110,27:56.95,Vincent Kipsegechi YATOR,11 JUL 1989,KEN,18,,"Hayward Field, Eugene, OR (USA)",29 MAY 2015,1137
111,27:57.13,Yuki SATO,26 NOV 1986,JPN,13f1,,"Palo Alto, CA (USA)",02 MAY 2015,1136
112,27:57.36,William Malel SITONIK,01 MAR 1994,KEN,1,,Kumagaya (JPN),16 MAY 2015,1136
113,27:57.85,Hiroyuki ONO,03 OCT 1986,JPN,2f1,,Abashiri (JPN),16 JUL 2015,1135
114,27:58.40,Ken YOKOTE,27 APR 1993,JPN,3f1,,Abashiri (JPN),16 JUL 2015,1134
115,27:58.58,Patrick MWAKA,02 NOV 1992,KEN,17f7,,Hachioji (JPN),28 NOV 2015,1134
116,27:59.28,Patrick MWAKA,02 NOV 1992,KEN,1,,Gifu (JPN),09 MAY 2015,1133
117,27:59.37,Jacob RILEY,02 NOV 1988,USA,14f1,,"Palo Alto, CA (USA)",02 MAY 2015,1133
118,27:59.52,Rodgers KWEMOI,03 MAR 1998,KEN,7f1,,Fukagawa (JPN),09 JUL 2015,1133
119,27:59.88,Jon GREY,13 FEB 1988,USA,15f1,,"Palo Alto, CA (USA)",02 MAY 2015,1132
120,28:00.41,Enock OMWAMBA,04 APR 1993,KEN,4f1,,Abashiri (JPN),16 JUL 2015,1131
121,28:01.39,Patrick MWAKA,02 NOV 1992,KEN,3f3,,Tajimi (JPN),12 OCT 2015,1130
121,28:01.39,Patrick MWAKA,02 NOV 1992,KEN,4f2,,Gifu (JPN),17 OCT 2015,1130
123,28:01.65,Yuta SHITARA,18 DEC 1991,JPN,16f1,,"Palo Alto, CA (USA)",02 MAY 2015,1129
124,28:01.87,Joseph Mana NDIRANGU,09 SEP 1994,KEN,4f3,,Tajimi (JPN),12 OCT 2015,1129
124,28:01.87,Joseph Mana NDIRANGU,09 SEP 1994,KEN,5f2,,Gifu (JPN),17 OCT 2015,1129
126,28:02.2h,James Gitahi RUNGARU,14 JAN 1993,KEN,3,,Nairobi (KEN),11 JUL 2015,1128
127,28:02.7h,Stephen Omiso ARITA,26 JUN 1988,KEN,4,,Nairobi (KEN),11 JUL 2015,1128
127,28:02.70,Kensuke TAKEZAWA,11 OCT 1986,JPN,18f7,,Hachioji (JPN),28 NOV 2015,1128
129,28:03.07,Alexander Mutiso MUNYAO,10 SEP 1996,KEN,19f7,,Hachioji (JPN),28 NOV 2015,1127
130,28:03.27,Brendan GREGG,15 MAY 1989,USA,17f1,,"Palo Alto, CA (USA)",02 MAY 2015,1127
131,28:03.67,Joseph KAMATHI,23 NOV 1996,KEN,5f3,,Tajimi (JPN),12 OCT 2015,1126
131,28:03.67,Joseph KAMATHI,23 NOV 1996,KEN,6f2,,Gifu (JPN),17 OCT 2015,1126
133,28:03.69,David MCNEILL,06 OCT 1986,AUS,1,,Melbourne (AUS),05 DEC 2015,1126
134,28:03.86,Emmanuel KIPSANG,13 JUN 1991,KEN,2,,Mungyeong (KOR),05 OCT 2015,1126
135,28:04.07,Afewerki BERHANE,06 MAY 1996,ERI,2,,San Sebastián (ESP),24 JUL 2015,1126
136,28:04.57,Tsegaye TADESE,,ETH,1,,Tel Aviv (ISR),18 JAN 2015,1125
137,28:04.60,Ryan VAIL,19 MAR 1986,USA,18f1,,"Palo Alto, CA (USA)",02 MAY 2015,1125
138,28:04.65,Minato OISHI,19 MAY 1988,JPN,5f1,,Abashiri (JPN),16 JUL 2015,1125
139,28:05.28,Keita SHITARA,18 DEC 1991,JPN,6f1,,Abashiri (JPN),16 JUL 2015,1124
140,28:05.34,Zersenay TADESE,01 JAN 1982,ERI,3,,San Sebastián (ESP),24 JUL 2015,1124
141,28:05.64,Polat Kemboi ARIKAN,12 DEC 1990,TUR,4,,San Sebastián (ESP),24 JUL 2015,1123
142,28:06.10,Tsubasa HAYAKAWA,02 JUL 1990,JPN,20f7,,Hachioji (JPN),28 NOV 2015,1122
143,28:06.44,Shinobu KUBOTA,12 DEC 1991,JPN,21f7,,Hachioji (JPN),28 NOV 2015,1122
144,28:06.8h,Geoffrey KORIR,01 DEC 1996,KEN,2,,Nairobi (KEN),04 JUN 2015,1121
145,28:07.4h,David Kiprotich BETT,18 OCT 1992,KEN,5,,Nairobi (KEN),11 JUL 2015,1120
146,28:07.50,Mosinet GEREMEW,12 FEB 1992,ETH,11,,"National Stadium, Beijing (CHN)",22 AUG 2015,1120
147,28:08.4h,Emmanuel Oliaulo NGATUNY,10 OCT 1992,KEN,6,,Nairobi (KEN),11 JUL 2015,1119
148,28:09.02,Yuma HATTORI,13 NOV 1993,JPN,7f1,,Abashiri (JPN),16 JUL 2015,1118
149,28:09.28,Kenta MURAYAMA,23 FEB 1993,JPN,2,,Kobe (JPN),26 APR 2015,1118
150,28:09.47,Polat Kemboi ARIKAN,12 DEC 1990,TUR,1f1,,Chia (ITA),06 JUN 2015,1117
151,28:09.52,Haimro ALAME,08 JUN 1990,ISR,2,,Tel Aviv (ISR),18 JAN 2015,1117
152,28:09.65,Geoffrey KIRUI,16 FEB 1993,KEN,5,,Brazzaville (CGO),14 SEP 2015,1117
153,28:09.86,Shogo NAKAMURA,16 SEP 1992,JPN,8f1,,Abashiri (JPN),16 JUL 2015,1117
154,28:10.03,Tsegaye TADESE,,ETH,1,,Tel Aviv (ISR),28 APR 2015,1116
155,28:10.05,Charles NDUNGU,20 FEB 1996,KEN,9f1,,Abashiri (JPN),16 JUL 2015,1116
156,28:10.14,Charles NDUNGU,20 FEB 1996,KEN,5f1,,Gifu (JPN),25 SEP 2015,1116
157,28:10.25,James WANGARI,23 MAR 1994,KEN,2f5,,Saga (JPN),17 OCT 2015,1116
158,28:10.29,Melaku ABERA,20 APR 1994,ETH,1f2,,Kobe (JPN),25 APR 2015,1116
159,28:10.32,Girmaw AMARE,26 OCT 1987,ISR,2,,Tel Aviv (ISR),28 APR 2015,1116
160,28:10.49,Tsuyoshi UGACHI,27 APR 1987,JPN,8f1,,Fukagawa (JPN),09 JUL 2015,1116
161,28:10.5h,David TARUS,1978,KEN,1,,Nairobi (KEN),19 JUN 2015,1116
162,28:10.66,Charles NDIRANGU,08 FEB 1993,KEN,22f7,,Hachioji (JPN),28 NOV 2015,1115
163,28:11.28,Goitom KIFLE,03 DEC 1993,ERI,5,,San Sebastián (ESP),24 JUL 2015,1115
164,28:11.39,Patrick MWAKA,02 NOV 1992,KEN,6f1,,Gifu (JPN),25 SEP 2015,1114
165,28:11.46,Hassan CHANI,05 MAY 1988,BRN,3,,Mungyeong (KOR),05 OCT 2015,1114
166,28:11.49,Dominic NYAIRO,22 AUG 1997,KEN,10f1,,Abashiri (JPN),16 JUL 2015,1114
167,28:11.61,Galen RUPP,08 MAY 1986,USA,1,,"Hayward Field, Eugene, OR (USA)",25 JUN 2015,1114
168,28:12.31,Kota MURAYAMA,23 FEB 1993,JPN,2f1,,Kitakyushu (JPN),16 MAY 2015,1113
169,28:12.57,El Hassan EL ABBASSI,13 APR 1984,BRN,12,,"National Stadium, Beijing (CHN)",22 AUG 2015,1113
170,28:12.7h,Geoffrey KORIR,01 DEC 1996,KEN,2,,Nairobi (KEN),19 JUN 2015,1112
171,28:12.72,Abdallah Kibet MANDE,10 MAY 1995,UGA,2f1,,Leiden (NED),13 JUN 2015,1112
172,28:12.91,Juan Luis BARRIOS,24 JUN 1983,MEX,1f1,,"Palo Alto, CA (USA)",03 APR 2015,1112
173,28:12.95,Yuichiro UENO,29 JUL 1985,JPN,7f1,,Gifu (JPN),25 SEP 2015,1112
174,28:12.96,Hiroto INOUE,06 JAN 1993,JPN,3f1,,Kitakyushu (JPN),16 MAY 2015,1112
175,28:13.0h,Wilson KIPROP,14 APR 1987,KEN,3,,Nairobi (KEN),19 JUN 2015,1112
176,28:13.17,Shuho DAIROKUNO,23 DEC 1992,JPN,4f1,,Kitakyushu (JPN),16 MAY 2015,1112
177,28:13.42,Aritaka KAJIWARA,16 JUN 1988,JPN,1f5,,Yokohama (JPN),14 NOV 2015,1111
178,28:13.81,Cyrus KINGORI,05 JAN 1997,KEN,2f5,,Yokohama (JPN),14 NOV 2015,1111
179,28:13.85,Alemu BEKELE,23 MAR 1990,BRN,3f1,,Leiden (NED),13 JUN 2015,1111
180,28:14.24,Martin Irungu MATHATHI,25 DEC 1985,KEN,1f9,,Yokohama (JPN),25 APR 2015,1110
181,28:14.26,Ben TRUE,29 DEC 1985,USA,2,,"Hayward Field, Eugene, OR (USA)",25 JUN 2015,1110
182,28:14.72,Nguse AMLOSOM,10 NOV 1986,ERI,13,,"National Stadium, Beijing (CHN)",22 AUG 2015,1109
183,28:15.19,Cameron LEVINS,28 MAR 1989,CAN,14,,"National Stadium, Beijing (CHN)",22 AUG 2015,1109
184,28:15.56,Stephen MOKOKA,31 JAN 1985,RSA,1,,Stellenbosch (RSA),17 APR 2015,1108
185,28:15.81,Patrick MATHENGE,02 NOV 1997,KEN,1,,Yokohama (JPN),05 DEC 2015,1108
186,28:16.30,Hassan MEAD,28 AUG 1989,USA,15,,"National Stadium, Beijing (CHN)",22 AUG 2015,1107
186,28:16.30,Shadrack KIPCHIRCHIR,22 FEB 1989,USA,16,,"National Stadium, Beijing (CHN)",22 AUG 2015,1107
188,28:16.5h,Leonard LANGAT,07 AUG 1990,KEN,7,,Nairobi (KEN),11 JUL 2015,1107
189,28:16.54,Hassan MEAD,28 AUG 1989,USA,3,,"Hayward Field, Eugene, OR (USA)",25 JUN 2015,1106
190,28:16.61,Tsegay TUEMAY,20 DEC 1995,ERI,19f1,,"Palo Alto, CA (USA)",02 MAY 2015,1106
191,28:17.09,Takashi ICHIDA,16 JUN 1992,JPN,5f1,,Kitakyushu (JPN),16 MAY 2015,1106
192,28:17.16,Alex MWANGI,14 JUN 1990,KEN,2f2,,Kobe (JPN),25 APR 2015,1106
193,28:17.48,Daniel KIPKEMBOI,05 JUL 1996,KEN,23f7,,Hachioji (JPN),28 NOV 2015,1105
194,28:17.56,Keisuke NAKATANI,12 JAN 1995,JPN,3f5,,Yokohama (JPN),14 NOV 2015,1105
195,28:17.7h,Philemon CHEBOI,08 NOV 1993,KEN,8,,Nairobi (KEN),11 JUL 2015,1105
196,28:17.87,Afewerki BERHANE,06 MAY 1996,ERI,6,,Brazzaville (CGO),14 SEP 2015,1104
197,28:18.03,Yigrem DEMELASH,26 JAN 1994,ETH,10,,Hengelo (NED),17 JUN 2015,1104
198,28:18.2h,Nobert KIGEN,24 JAN 1993,KEN,9,,Nairobi (KEN),11 JUL 2015,1104
199,28:18.24,Tsubasa HAYAKAWA,02 JUL 1990,JPN,9f1,,Fukagawa (JPN),09 JUL 2015,1104
200,28:18.31,Polat Kemboi ARIKAN,12 DEC 1990,TUR,1,,Mersin (TUR),08 AUG 2015,1104
201,28:18.44,Aron KIFLE,20 FEB 1998,ERI,6,,San Sebastián (ESP),24 JUL 2015,1104
202,28:18.53,Tetsuya YOROIZAKA,20 MAR 1990,JPN,1,,Nagoya (JPN),27 JUN 2015,1103
203,28:18.54,Shuhei YAMAMOTO,24 MAY 1991,JPN,10f1,,Fukagawa (JPN),09 JUL 2015,1103
204,28:18.66,Shogo NAKAMURA,16 SEP 1992,JPN,11f1,,Fukagawa (JPN),09 JUL 2015,1103
205,28:18.68,Hassan CHANI,05 MAY 1988,BRN,7,,San Sebastián (ESP),24 JUL 2015,1103
205,28:18.68,Minato OISHI,19 MAY 1988,JPN,6f3,,Tajimi (JPN),12 OCT 2015,1103
205,28:18.68,Minato OISHI,19 MAY 1988,JPN,7f2,,Gifu (JPN),17 OCT 2015,1103
208,28:18.81,Naohiro DOMOTO,23 JUL 1989,JPN,24f7,,Hachioji (JPN),28 NOV 2015,1103
209,28:19.10,Tsubasa HAYAKAWA,02 JUL 1990,JPN,7f3,,Tajimi (JPN),12 OCT 2015,1103
209,28:19.10,Tsubasa HAYAKAWA,02 JUL 1990,JPN,8f2,,Gifu (JPN),17 OCT 2015,1103
211,28:19.3h,Daniel Chaves DA SILVA,10 JUL 1988,BRA,1,,Rio de Janeiro (BRA),01 MAY 2015,1102
212,28:19.38,Antonio ABADÍA,02 JUL 1990,ESP,1,,Huelva (ESP),11 APR 2015,1102
213,28:19.40,Shadrack KIPCHIRCHIR,22 FEB 1989,USA,4,,"Hayward Field, Eugene, OR (USA)",25 JUN 2015,1102
214,28:19.46,Chiharu NAKAGAWA,08 APR 1986,JPN,25f7,,Hachioji (JPN),28 NOV 2015,1102
215,28:19.60,Patrick MWAKA,02 NOV 1992,KEN,3f2,,Kobe (JPN),25 APR 2015,1102
215,28:19.60,Shinobu KUBOTA,12 DEC 1991,JPN,8f3,,Tajimi (JPN),12 OCT 2015,1102
215,28:19.60,Shinobu KUBOTA,12 DEC 1991,JPN,9f2,,Gifu (JPN),17 OCT 2015,1102
218,28:20.17,Melaku ABERA,20 APR 1994,ETH,6f1,,Kitakyushu (JPN),16 MAY 2015,1101
219,28:20.21,James WANGARI,23 MAR 1994,KEN,3,,Kobe (JPN),26 APR 2015,1101
220,28:20.65,Jim SPISAK,18 NOV 1990,USA,1f2,,"Palo Alto, CA (USA)",02 MAY 2015,1100
221,28:20.77,Kazuya DEGUCHI,14 AUG 1988,JPN,7f1,,Kitakyushu (JPN),16 MAY 2015,1100
222,28:20.85,Joseph KAMATHI,23 NOV 1996,KEN,8f1,,Gifu (JPN),25 SEP 2015,1100
223,28:20.9h,Giovani DOS SANTOS,01 JUL 1981,BRA,2,,Rio de Janeiro (BRA),01 MAY 2015,1100
224,28:20.97,Edwin Nyandusi MOKUA,31 DEC 1993,KEN,1f4,,Yokohama (JPN),23 MAY 2015,1100
225,28:21.00,Naohiro DOMOTO,23 JUL 1989,JPN,4,,Kobe (JPN),26 APR 2015,1100
226,28:21.2h,Josphat Kipkoech BETT,12 JUN 1990,KEN,10,,Nairobi (KEN),11 JUL 2015,1099
227,28:21.26,Joseph ONSARIGO,1992,KEN,4f5,,Yokohama (JPN),14 NOV 2015,1099
228,28:21.28,Keita BABA,28 APR 1986,JPN,26f7,,Hachioji (JPN),28 NOV 2015,1099
229,28:21.35,Akinobu MURASAWA,28 MAR 1991,JPN,27f7,,Hachioji (JPN),28 NOV 2015,1099
230,28:21.80,Patrick MATHENGE,02 NOV 1997,KEN,1,,Osaka (JPN),11 SEP 2015,1098
231,28:21.84,Amos KIRUI,09 FEB 1998,KEN,1f6,,Hachioji (JPN),28 NOV 2015,1098
232,28:21.89,Keigo YANO,03 DEC 1991,JPN,2f6,,Hachioji (JPN),28 NOV 2015,1098
233,28:22.01,Anatoliy RYBAKOV,27 FEB 1985,RUS,1,,Zhukovskiy (RUS),19 JUL 2015,1098
234,28:22.21,Ryan VAIL,19 MAR 1986,USA,5,,"Hayward Field, Eugene, OR (USA)",25 JUN 2015,1098
235,28:22.58,Alex MWANGI,14 JUN 1990,KEN,28f7,,Hachioji (JPN),28 NOV 2015,1097
236,28:22.59,Shintaro MIWA,04 JAN 1992,JPN,2,,Yokohama (JPN),05 DEC 2015,1097
237,28:22.60,Patrick MWAKA,02 NOV 1992,KEN,3,,Yokohama (JPN),05 DEC 2015,1097
238,28:22.61,Johana MAINA,24 DEC 1990,KEN,9f1,,Gifu (JPN),25 SEP 2015,1097
239,28:22.64,Joseph ONSARIGO,1992,KEN,4f2,,Kobe (JPN),25 APR 2015,1097
240,28:22.86,Akihiko TSUMURAI,10 JUL 1984,JPN,5f2,,Kobe (JPN),25 APR 2015,1097
241,28:22.89,Ryo KINAME,22 JAN 1991,JPN,12f1,,Fukagawa (JPN),09 JUL 2015,1097
242,28:22.90,Tyler PENNEL,21 DEC 1987,USA,20f1,,"Palo Alto, CA (USA)",02 MAY 2015,1097
243,28:22.92,Hiroyuki YAMAMOTO,30 APR 1986,JPN,5,,Kobe (JPN),26 APR 2015,1097
244,28:22.94,Dominic NYAIRO,22 AUG 1997,KEN,2,,Osaka (JPN),11 SEP 2015,1097
245,28:23.0h,Solomon Kirwa YEGO,10 MAY 1987,KEN,11,,Nairobi (KEN),11 JUL 2015,1097
246,28:23.11,El Hassan EL ABBASSI,13 APR 1984,BRN,1,,Manama (BRN),24 APR 2015,1096
247,28:23.22,Ezekiel Kimalel CHEBOITIBIN,10 JUL 1992,KEN,1,,Morioka (JPN),28 JUN 2015,1096
248,28:23.71,Dmitriy SAFRONOV,08 OCT 1981,RUS,2,,Zhukovskiy (RUS),19 JUL 2015,1096
249,28:23.75,Sota HOSHI,06 JAN 1988,JPN,6f2,,Kobe (JPN),25 APR 2015,1096
250,28:23.85,Naoki KUDO,05 SEP 1995,JPN,5f5,,Yokohama (JPN),14 NOV 2015,1095
251,28:23.87,Mule WASIHUN,20 OCT 1993,ETH,7,,Brazzaville (CGO),14 SEP 2015,1095
252,28:24.01,Masato KIKUCHI,18 SEP 1990,JPN,29f7,,Hachioji (JPN),28 NOV 2015,1095
253,28:24.3h,Geoffrey KIRUI,16 FEB 1993,KEN,12,,Nairobi (KEN),11 JUL 2015,1095
253,28:24.30,Tsegay TUEMAY,20 DEC 1995,ERI,8,,Brazzaville (CGO),14 SEP 2015,1095
255,28:24.35,Yudai OKAMOTO,29 DEC 1991,JPN,11f1,,Abashiri (JPN),16 JUL 2015,1095
256,28:24.42,Stefano LA ROSA,28 SEP 1985,ITA,2f2,,"Palo Alto, CA (USA)",02 MAY 2015,1095
257,28:24.47,Arne GABIUS,22 MAR 1981,GER,17,,"National Stadium, Beijing (CHN)",22 AUG 2015,1094
258,28:24.49,Brett ROBINSON,08 MAY 1991,AUS,2,,Melbourne (AUS),05 DEC 2015,1094
259,28:24.50,Kazuma KUBOTA,24 SEP 1993,JPN,1f11,,Kanagawa (JPN),21 NOV 2015,1094
260,28:24.73,Aron RONO,01 NOV 1982,USA,6,,"Hayward Field, Eugene, OR (USA)",25 JUN 2015,1094
261,28:24.80,Yudai OKAMOTO,29 DEC 1991,JPN,3f6,,Hachioji (JPN),28 NOV 2015,1094
262,28:24.89,Hisanori KITAJIMA,16 OCT 1984,JPN,13f1,,Fukagawa (JPN),09 JUL 2015,1094
263,28:25.23,Sondre Nordstad MOEN,12 JAN 1991,NOR,3f2,,"Palo Alto, CA (USA)",02 MAY 2015,1093
264,28:25.31,Gideon Kipkemoi KIPKETER,10 NOV 1992,KEN,4f1,,Leiden (NED),13 JUN 2015,1093
265,28:25.66,Juan Antonio PÉREZ,06 NOV 1988,ESP,2f1,,Chia (ITA),06 JUN 2015,1093
266,28:25.74,Timothy TOROITICH,10 OCT 1991,UGA,1,,Kampala (UGA),17 JUL 2015,1093
267,28:25.77,Tetsuya YOROIZAKA,20 MAR 1990,JPN,18,,"National Stadium, Beijing (CHN)",22 AUG 2015,1092
268,28:25.86,Kentaro MATSUMOTO,01 JUN 1991,JPN,1f2,,Abashiri (JPN),16 JUL 2015,1092
269,28:25.97,Yuki MATSUOKA,14 JAN 1986,JPN,7f2,,Kobe (JPN),25 APR 2015,1092
270,28:26.08,Erik PETERSON,15 JUN 1994,USA,4f2,,"Palo Alto, CA (USA)",02 MAY 2015,1092
271,28:26.2h,Emmanuel KIPSANG,13 JUN 1991,KEN,1f1,,Eldoret (KEN),22 MAY 2015,1092
271,28:26.2h,Evans BIWOTT,1988,KEN,7,,Nairobi (KEN),04 JUN 2015,1092
273,28:26.27,Masaru AOKI,16 MAY 1990,JPN,8f2,,Kobe (JPN),25 APR 2015,1092
274,28:26.30,Omar OUGZIF,25 AUG 1985,MAR,1,,Huelva (ESP),11 APR 2015,1092
275,28:26.35,Kenji YAMAMOTO,17 NOV 1989,JPN,4f6,,Hachioji (JPN),28 NOV 2015,1092
276,28:26.36,Aras KAYA,04 APR 1994,KEN,2,,Mersin (TUR),08 AUG 2015,1092
277,28:26.56,Mitsunori ASAOKA,11 JAN 1993,JPN,5f6,,Hachioji (JPN),28 NOV 2015,1091
278,28:26.61,Keijiro MOGI,21 OCT 1995,JPN,3f5,,Saga (JPN),17 OCT 2015,1091
279,28:26.72,Shuho DAIROKUNO,23 DEC 1992,JPN,10f1,,Gifu (JPN),25 SEP 2015,1091
280,28:26.76,Agato Yashin HASSAN,19 JAN 1986,ETH,9f3,,Tajimi (JPN),12 OCT 2015,1091
280,28:26.76,Agato Yashin HASSAN,19 JAN 1986,ETH,10f2,,Gifu (JPN),17 OCT 2015,1091
282,28:26.77,Tim RITCHIE,07 AUG 1987,USA,5f2,,"Palo Alto, CA (USA)",02 MAY 2015,1091
283,28:26.88,Shota HATTORI,28 OCT 1991,JPN,6f6,,Hachioji (JPN),28 NOV 2015,1091
284,28:26.96,Naoki AIBA,24 JAN 1991,JPN,7f6,,Hachioji (JPN),28 NOV 2015,1091
285,28:26.98,John CRAIN,27 MAY 1992,USA,6f2,,"Palo Alto, CA (USA)",02 MAY 2015,1091
286,28:27.01,Benjamin NGANDU,21 MAR 1990,KEN,2,,Kumagaya (JPN),16 MAY 2015,1091
287,28:27.14,Takuya FUJIKAWA,17 DEC 1992,JPN,8f6,,Hachioji (JPN),28 NOV 2015,1090
288,28:27.42,Hideyuki TANAKA,23 FEB 1984,JPN,1f5,,Hachioji (JPN),28 NOV 2015,1090
289,28:27.70,Martin HEHIR,19 DEC 1992,USA,2f1,,"Palo Alto, CA (USA)",03 APR 2015,1090
290,28:27.72,Alex MWANGI,14 JUN 1990,KEN,1,,Uozu (JPN),09 MAY 2015,1090
291,28:27.89,Takuya NOGUCHI,02 JUL 1988,JPN,9f6,,Hachioji (JPN),28 NOV 2015,1089
292,28:27.92,Agato Yashin HASSAN,19 JAN 1986,ETH,11f1,,Gifu (JPN),25 SEP 2015,1089
293,28:28.22,Naohiro YAMADA,18 DEC 1984,JPN,10f6,,Hachioji (JPN),28 NOV 2015,1089
294,28:28.27,Masaki TODA,21 JUN 1993,JPN,11f6,,Hachioji (JPN),28 NOV 2015,1089
295,28:28.35,Afewerki BERHANE,06 MAY 1996,ERI,21f1,,"Palo Alto, CA (USA)",02 MAY 2015,1089
296,28:28.55,Hiran NGATIA,1992,KEN,2,,Gifu (JPN),09 MAY 2015,1088
297,28:28.56,Brian SHRADER,22 JUL 1991,USA,22f1,,"Palo Alto, CA (USA)",02 MAY 2015,1088
298,28:28.64,Daniel MUIVA KITONYI,12 JAN 1994,KEN,1f4,,Kanagawa (JPN),20 JUN 2015,1088
299,28:29.06,Minato OISHI,19 MAY 1988,JPN,12f1,,Gifu (JPN),25 SEP 2015,1087
299,28:29.06,Shota SHINJO,11 OCT 1992,JPN,12f6,,Hachioji (JPN),28 NOV 2015,1087
301,28:29.12,Shuhei YAMAMOTO,24 MAY 1991,JPN,13f6,,Hachioji (JPN),28 NOV 2015,1087
302,28:29.53,Seref DIRLI,01 JAN 1992,TUR,3,,Mersin (TUR),02 MAY 2015,1087
303,28:29.61,Luke CALDWELL,02 AUG 1991,GBR,7f2,,"Palo Alto, CA (USA)",02 MAY 2015,1087
304,28:29.62,Shota KAI,10 MAY 1991,JPN,14f6,,Hachioji (JPN),28 NOV 2015,1087
305,28:29.64,Yuki TAKAMIYA,02 DEC 1987,JPN,15f6,,Hachioji (JPN),28 NOV 2015,1087
306,28:29.78,Takayuki MATSUMIYA,21 FEB 1980,JPN,12f1,,Abashiri (JPN),16 JUL 2015,1086
307,28:30.0h,Justus KANGOGO,10 OCT 1995,KEN,8,,Nairobi (KEN),04 JUN 2015,1086
308,28:30.13,Trevor DUNBAR,29 APR 1991,USA,3f1,,"Palo Alto, CA (USA)",03 APR 2015,1086
309,28:30.33,Marc SCOTT,21 DEC 1993,GBR,4f1,,"Palo Alto, CA (USA)",03 APR 2015,1086
310,28:30.74,Haimro ALAME,08 JUN 1990,ISR,3,,Tel Aviv (ISR),28 APR 2015,1085
311,28:30.76,Yuki HIROTA,28 MAY 1994,JPN,2f11,,Kanagawa (JPN),21 NOV 2015,1085
312,28:30.80,Byron PIEDRA,19 AUG 1982,ECU,1,,Lima (PER),14 JUN 2015,1085
313,28:31.14,Marvin BLANCO,16 JUN 1988,VEN,1,,"Sacramento, CA (USA)",06 DEC 2015,1084
314,28:31.32,Yuta SHITARA,18 DEC 1991,JPN,2,,Nagoya (JPN),27 JUN 2015,1084
315,28:31.53,Takanori ICHIKAWA,03 NOV 1990,JPN,16f6,,Hachioji (JPN),28 NOV 2015,1084
316,28:31.65,Mikael EKVALL,18 JUN 1989,SWE,8f2,,"Palo Alto, CA (USA)",02 MAY 2015,1084
316,28:31.65,Bernard MUIA,26 MAY 1995,KEN,5f1,,Leiden (NED),13 JUN 2015,1084
318,28:31.75,Chris DERRICK,17 OCT 1990,USA,7,,"Hayward Field, Eugene, OR (USA)",25 JUN 2015,1083
319,28:31.77,Shota YAMAGUCHI,19 DEC 1985,JPN,14f1,,Fukagawa (JPN),09 JUL 2015,1083
320,28:31.84,Hironori TSUETAKI,08 MAY 1993,JPN,2f4,,Kanagawa (JPN),20 JUN 2015,1083
321,28:31.88,Daniel MUIVA KITONYI,12 JAN 1994,KEN,3,,Osaka (JPN),11 SEP 2015,1083
322,28:32.09,Hiroto INOUE,06 JAN 1993,JPN,6,,Kobe (JPN),26 APR 2015,1083
323,28:32.13,Yuta MATSUDA,12 APR 1988,JPN,4,,Yokohama (JPN),05 DEC 2015,1083
324,28:32.39,Erik OLSON,15 MAR 1992,USA,2,,"Sacramento, CA (USA)",06 DEC 2015,1082
325,28:32.68,Fernando CABADA,22 APR 1982,USA,5f1,,"Palo Alto, CA (USA)",03 APR 2015,1082
326,28:32.71,Aldo VEGA,26 NOV 1987,MEX,6f1,,"Palo Alto, CA (USA)",03 APR 2015,1082
327,28:32.85,Kazuya SHIOJIRI,08 NOV 1996,JPN,3f11,,Kanagawa (JPN),21 NOV 2015,1082
328,28:32.92,Keita BABA,28 APR 1986,JPN,13f1,,Abashiri (JPN),16 JUL 2015,1082
329,28:33.22,Juan Carlos ROMERO BERNAL,15 DEC 1977,MEX,9f2,,"Palo Alto, CA (USA)",02 MAY 2015,1081
329,28:33.22,Brian SHRADER,22 JUL 1991,USA,3,,Melbourne (AUS),05 DEC 2015,1081
331,28:33.34,Tsubasa HAYAKAWA,02 JUL 1990,JPN,7,,Kobe (JPN),26 APR 2015,1081
332,28:33.43,Juan Antonio PÉREZ,06 NOV 1988,ESP,2,,Huelva (ESP),11 APR 2015,1081
333,28:33.48,Craig LUTZ,07 NOV 1992,USA,7f1,,"Palo Alto, CA (USA)",03 APR 2015,1081
334,28:33.53,Jose Mauricio GONZÁLEZ,14 OCT 1988,COL,2,,Lima (PER),14 JUN 2015,1081
335,28:33.61,Olivier IRABARUTA,25 AUG 1990,BDI,1f3,,Fucecchio (ITA),25 APR 2015,1081
336,28:33.69,Demeke TESHALA,19 JUN 1993,ISR,4,,Tel Aviv (ISR),28 APR 2015,1081
337,28:33.77,Yuta SHIMODA,31 MAR 1996,JPN,4f11,,Kanagawa (JPN),21 NOV 2015,1080
338,28:33.79,Hiroki MATSUEDA,20 MAY 1993,JPN,17f6,,Hachioji (JPN),28 NOV 2015,1080
339,28:34.10,Tomohiro TANIGAWA,04 MAR 1989,JPN,18f6,,Hachioji (JPN),28 NOV 2015,1080
340,28:34.16,Shadrack KIPCHIRCHIR,22 FEB 1989,USA,23f1,,"Palo Alto, CA (USA)",02 MAY 2015,1080
341,28:34.31,Shohei OTSUKA,13 AUG 1994,JPN,14f1,,Abashiri (JPN),16 JUL 2015,1080
341,28:34.31,Takashi ICHIDA,16 JUN 1992,JPN,13f1,,Gifu (JPN),25 SEP 2015,1080
343,28:34.66,Hiroshi ICHIDA,16 JUN 1992,JPN,2f2,,Abashiri (JPN),16 JUL 2015,1079
343,28:34.66,Yuki NAKAMURA,24 JUL 1995,JPN,5f11,,Kanagawa (JPN),21 NOV 2015,1079
345,28:34.68,Takuya NOGUCHI,02 JUL 1988,JPN,15f1,,Abashiri (JPN),16 JUL 2015,1079
346,28:34.7h,Kenneth KIMUTAI,,KEN,3,,Nairobi (KEN),10 JUN 2015,1079
347,28:35.00,Kohei MATSUMURA,05 NOV 1986,JPN,15f1,,Fukagawa (JPN),09 JUL 2015,1079
348,28:35.02,Shinji YOSHIMOTO,08 SEP 1980,JPN,8f1,,Kitakyushu (JPN),16 MAY 2015,1079
349,28:35.03,David NJUGUNA,06 SEP 1989,KEN,19f6,,Hachioji (JPN),28 NOV 2015,1078
350,28:35.05,Toshinori WATANABE,27 JUN 1993,JPN,6f11,,Kanagawa (JPN),21 NOV 2015,1078
351,28:35.30,Rui YONEZAWA,26 AUG 1986,JPN,16f1,,Abashiri (JPN),16 JUL 2015,1078
352,28:35.36,Shunsuke OGINO,25 AUG 1993,JPN,5,,Yokohama (JPN),05 DEC 2015,1078
353,28:35.55,Tadashi ISSHIKI,05 JUN 1994,JPN,7f11,,Kanagawa (JPN),21 NOV 2015,1078
354,28:35.61,Yuki ARIMURA,21 SEP 1992,JPN,9f1,,Kitakyushu (JPN),16 MAY 2015,1078
355,28:35.76,Futsum ZIENASELLASSIE,16 DEC 1992,ERI,8f1,,"Palo Alto, CA (USA)",03 APR 2015,1077
355,28:35.76,Keita SHITARA,18 DEC 1991,JPN,8,,Kobe (JPN),26 APR 2015,1077
357,28:35.81,Yuji OSUDA,18 NOV 1990,JPN,20f6,,Hachioji (JPN),28 NOV 2015,1077
358,28:35.96,Kazuki UEMURA,13 JAN 1994,JPN,17f1,,Abashiri (JPN),16 JUL 2015,1077
359,28:35.97,Tomohiro TANIGAWA,04 MAR 1989,JPN,18f1,,Abashiri (JPN),16 JUL 2015,1077
360,28:36.06,Diego ESTRADA,19 DEC 1989,USA,8,,"Hayward Field, Eugene, OR (USA)",25 JUN 2015,1077
361,28:36.12,Mitchell GIZAE,,KEN,2f9,,Yokohama (JPN),25 APR 2015,1077
361,28:36.12,Julius TANKI,15 JUL 1997,KEN,16f1,,Fukagawa (JPN),09 JUL 2015,1077
363,28:36.25,Hiroyuki YAMAMOTO,30 APR 1986,JPN,3,,Kumagaya (JPN),16 MAY 2015,1077
364,28:36.36,Ryuta MATOBA,16 JUN 1989,JPN,17f1,,Fukagawa (JPN),09 JUL 2015,1076
365,28:36.51,Ryo KINAME,22 JAN 1991,JPN,9f2,,Kobe (JPN),25 APR 2015,1076
366,28:36.53,Matthew MCELROY,27 MAR 1992,USA,9f1,,"Palo Alto, CA (USA)",03 APR 2015,1076
367,28:36.61,Hironori TSUETAKI,08 MAY 1993,JPN,1f1,,Kobe (JPN),25 APR 2015,1076
368,28:36.71,Ryu TAKAKU,18 FEB 1993,JPN,21f6,,Hachioji (JPN),28 NOV 2015,1076
369,28:36.72,Shuhei HORIAI,13 AUG 1993,JPN,6,,Yokohama (JPN),05 DEC 2015,1076
370,28:36.74,Lucas BRUCHET,23 FEB 1991,CAN,10f1,,"Palo Alto, CA (USA)",03 APR 2015,1076
371,28:36.92,Naohiro YAMADA,18 DEC 1984,JPN,4f5,,Saga (JPN),17 OCT 2015,1076
372,28:37.06,Chiharu NAKAGAWA,08 APR 1986,JPN,19f1,,Abashiri (JPN),16 JUL 2015,1075
373,28:37.20,Yuta TAKAHASHI,13 APR 1987,JPN,8f11,,Kanagawa (JPN),21 NOV 2015,1075
374,28:37.21,Shota BABA,23 OCT 1993,JPN,18f1,,Fukagawa (JPN),09 JUL 2015,1075
375,28:37.22,Kazuto NISHIIKE,17 FEB 1993,JPN,1f4,,Hachioji (JPN),28 NOV 2015,1075
376,28:37.23,Eric FERNANDEZ,14 MAR 1990,USA,11f1,,"Palo Alto, CA (USA)",03 APR 2015,1075
377,28:37.24,Sergio PEDRAZA GONZÁLEZ,10 JAN 1986,MEX,12f1,,"Palo Alto, CA (USA)",03 APR 2015,1075
378,28:37.33,Shin KIMURA,08 AUG 1988,JPN,20f1,,Abashiri (JPN),16 JUL 2015,1075
379,28:37.37,Sota HOSHI,06 JAN 1988,JPN,3,,Nagoya (JPN),27 JUN 2015,1075
380,28:37.38,Kokoro WATANABE,31 JAN 1994,JPN,9f11,,Kanagawa (JPN),21 NOV 2015,1075
381,28:37.39,Roy HOORNWEG,08 MAY 1989,NED,2,,Huelva (ESP),11 APR 2015,1075
382,28:37.78,Shintaro MIWA,04 JAN 1992,JPN,21f1,,Abashiri (JPN),16 JUL 2015,1074
383,28:37.82,Tadashi ISSHIKI,05 JUN 1994,JPN,9,,Kobe (JPN),26 APR 2015,1074
384,28:37.87,Moses Martin KURONG,07 JUL 1994,UGA,3,,Huelva (ESP),11 APR 2015,1074
385,28:38.19,Tsuyoshi UGACHI,27 APR 1987,JPN,4,,Kumagaya (JPN),16 MAY 2015,1074
386,28:38.22,John MASCARI,30 MAR 1992,USA,13f1,,"Palo Alto, CA (USA)",03 APR 2015,1074
386,28:38.22,Atsushi YAMASAKI,07 OCT 1986,JPN,19f1,,Fukagawa (JPN),09 JUL 2015,1074
388,28:38.46,Dominic NYAIRO,22 AUG 1997,KEN,3f9,,Yokohama (JPN),25 APR 2015,1073
389,28:38.57,Yusuke OGURA,16 APR 1993,JPN,2f1,,Kobe (JPN),25 APR 2015,1073
390,28:38.62,Shota KAI,10 MAY 1991,JPN,22f1,,Abashiri (JPN),16 JUL 2015,1073
391,28:38.69,Kazuharu TAKAI,10 MAY 1984,JPN,10f1,,Kitakyushu (JPN),16 MAY 2015,1073
392,28:38.86,Aaron BRAUN,28 MAY 1987,USA,9,,"Hayward Field, Eugene, OR (USA)",25 JUN 2015,1073
393,28:38.98,Daniel MUIVA KITONYI,12 JAN 1994,KEN,30f7,,Hachioji (JPN),28 NOV 2015,1073
394,28:39.01,Jamel CHATBI,30 APR 1984,ITA,3f1,,Chia (ITA),06 JUN 2015,1073
395,28:39.02,Tomoya ONISHI,28 MAR 1987,JPN,1,,Miyazaki (JPN),24 OCT 2015,1072
395,28:39.02,Tomoya ONISHI,28 MAR 1987,JPN,1,,Miyazaki (JPN),24 OCT 2015,1072
397,28:39.03,Tsubasa HAYAKAWA,02 JUL 1990,JPN,4,,Nagoya (JPN),27 JUN 2015,1072
398,28:39.26,Teklemariam MEDHIN,24 JUN 1989,ERI,19,,"National Stadium, Beijing (CHN)",22 AUG 2015,1072
399,28:39.39,Akinobu MURASAWA,28 MAR 1991,JPN,5,,Nagoya (JPN),27 JUN 2015,1072
400,28:39.54,Giovani DOS SANTOS,01 JUL 1981,BRA,1,,Sao Bernardo do Campo (BRA),14 MAY 2015,1072
401,28:39.55,Dishon Karukwa MAINA,19 JUN 1991,KEN,31f7,,Hachioji (JPN),28 NOV 2015,1072
402,28:39.68,Hiroto INOUE,06 JAN 1993,JPN,14f1,,Gifu (JPN),25 SEP 2015,1072
403,28:40.12,Brian SHRADER,22 JUL 1991,USA,10,,"Hayward Field, Eugene, OR (USA)",25 JUN 2015,1071
404,28:40.17,Sota HOSHI,06 JAN 1988,JPN,7,,Yokohama (JPN),05 DEC 2015,1071
405,28:40.40,Takashi ICHIDA,16 JUN 1992,JPN,10f2,,Kobe (JPN),25 APR 2015,1070
406,28:40.46,Leonard KORIR,10 DEC 1986,KEN,1,,"Portland, OR (USA)",14 JUN 2015,1070
407,28:40.48,Takashi ICHIDA,16 JUN 1992,JPN,22f6,,Hachioji (JPN),28 NOV 2015,1070
408,28:40.50,Yuji NAKAMURA,06 SEP 1989,JPN,23f1,,Abashiri (JPN),16 JUL 2015,1070
409,28:40.54,Keita SHITARA,18 DEC 1991,JPN,6,,Nagoya (JPN),27 JUN 2015,1070
410,28:41.13,Tomoya ONISHI,28 MAR 1987,JPN,3f2,,Abashiri (JPN),16 JUL 2015,1069
411,28:41.37,Tadesse ABRAHAM,12 AUG 1982,SUI,4f1,,Chia (ITA),06 JUN 2015,1069
412,28:41.52,Akinobu MURASAWA,28 MAR 1991,JPN,2f4,,Yokohama (JPN),23 MAY 2015,1069
413,28:41.7h,Isaac MUKUNDI,1987,KEN,1f2,,Nakuru (KEN),17 APR 2015,1068
414,28:41.75,Samson GEZAHAI,07 FEB 1992,ERI,24f1,,"Palo Alto, CA (USA)",02 MAY 2015,1068
415,28:42.05,Keita SHITARA,18 DEC 1991,JPN,25f1,,"Palo Alto, CA (USA)",02 MAY 2015,1068
416,28:42.12,Kaito KITA,23 FEB 1992,JPN,1,,Miyoshi (JPN),10 MAY 2015,1068
417,28:42.45,Alemayehu BEZABEH,22 SEP 1986,ESP,5f1,,Chia (ITA),06 JUN 2015,1067
418,28:42.55,Stefano LA ROSA,28 SEP 1985,ITA,6f1,,Chia (ITA),06 JUN 2015,1067
419,28:42.67,Taiki YOSHIMURA,19 JUN 1992,JPN,11f1,,Kitakyushu (JPN),16 MAY 2015,1067
420,28:42.68,Zach ZARDA,14 MAR 1990,USA,14f1,,"Palo Alto, CA (USA)",03 APR 2015,1067
421,28:42.89,Jun SHINOTO,02 APR 1985,JPN,8,,Yokohama (JPN),05 DEC 2015,1067
422,28:42.93,Jun SHINOTO,02 APR 1985,JPN,2f5,,Hachioji (JPN),28 NOV 2015,1067
423,28:42.94,Titus WARURU,29 MAR 1992,KEN,12f1,,Kitakyushu (JPN),16 MAY 2015,1067
424,28:42.97,Harry SUMMERS,19 MAY 1990,AUS,4,,Melbourne (AUS),05 DEC 2015,1067
425,28:42.99,James Mwangi MACHARIA,23 JUN 1984,KEN,32f7,,Hachioji (JPN),28 NOV 2015,1067
426,28:43.1h,Emmanuel KIPSANG,13 JUN 1991,KEN,2f2,,Nakuru (KEN),17 APR 2015,1066
426,28:43.10,Luis Fernando OSTOS CRUZ,09 AUG 1992,PER,3,,Lima (PER),14 JUN 2015,1066
428,28:43.11,Taku FUJIMOTO,11 SEP 1989,JPN,23f6,,Hachioji (JPN),28 NOV 2015,1066
429,28:43.18,Nate JEWKES,1990,USA,15f1,,"Palo Alto, CA (USA)",03 APR 2015,1066
430,28:43.21,Derese WORKNEH,23 JUL 1995,ETH,10f11,,Kanagawa (JPN),21 NOV 2015,1066
431,28:43.33,Philipp PFLIEGER,16 JUL 1987,GER,6f1,,Leiden (NED),13 JUN 2015,1066
432,28:43.51,Taiga MACHIZAWA,17 APR 1994,JPN,4f9,,Yokohama (JPN),25 APR 2015,1066
433,28:43.66,Soma ISHIKAWA,05 DEC 1994,JPN,9,,Yokohama (JPN),05 DEC 2015,1066
434,28:43.80,Takuya FUJIKAWA,17 DEC 1992,JPN,2,,Miyoshi (JPN),10 MAY 2015,1065
435,28:44.06,Shun INOURA,26 JUL 1992,JPN,3f5,,Hachioji (JPN),28 NOV 2015,1065
436,28:44.23,Rikinobu WATANABE,10 MAY 1990,JPN,2f4,,Hachioji (JPN),28 NOV 2015,1065
437,28:44.31,Shohei OTSUKA,13 AUG 1994,JPN,5f9,,Yokohama (JPN),25 APR 2015,1065
438,28:44.41,Toshio TAKAKI,09 AUG 1993,JPN,11f11,,Kanagawa (JPN),21 NOV 2015,1064
439,28:44.71,Kazuto KAWABATA,20 DEC 1995,JPN,3f1,,Kobe (JPN),25 APR 2015,1064
439,28:44.71,Nicholas ROTICH,29 DEC 1996,KEN,7f1,,Leiden (NED),13 JUN 2015,1064
441,28:44.76,Stepan KISELYOV,03 NOV 1986,RUS,3,,Zhukovskiy (RUS),19 JUL 2015,1064
442,28:44.88,Ryohei NISHIYAMA,07 JUN 1993,JPN,6f9,,Yokohama (JPN),25 APR 2015,1064
443,28:44.9h,Bernard KORIR,1992,KEN,2,,Sotik (KEN),04 JUL 2015,1064
444,28:45.09,Kento OTSU,07 DEC 1991,JPN,1f2,,Fukagawa (JPN),09 JUL 2015,1063
445,28:45.32,Mizuho TANAKA,09 NOV 1991,JPN,3,,Miyoshi (JPN),10 MAY 2015,1063
446,28:45.42,Kaito KITA,23 FEB 1992,JPN,4f1,,Kobe (JPN),25 APR 2015,1063
447,28:45.72,Kenta MATSUBARA,31 AUG 1989,JPN,4f5,,Hachioji (JPN),28 NOV 2015,1062
448,28:45.84,Kemoy CAMPBELL,14 JAN 1991,JAM,16f1,,"Palo Alto, CA (USA)",03 APR 2015,1062
449,28:46.02,Kosei YAMAGUCHI,19 AUG 1991,JPN,10f3,,Tajimi (JPN),12 OCT 2015,1062
449,28:46.02,Kosei YAMAGUCHI,19 AUG 1991,JPN,11f2,,Gifu (JPN),17 OCT 2015,1062
451,28:46.08,Tatsuya MURAYAMA,22 JUN 1981,JPN,10,,Yokohama (JPN),05 DEC 2015,1062
452,28:46.12,Tomoya SHIRAYANAGI,07 JUL 1981,JPN,3f4,,Hachioji (JPN),28 NOV 2015,1062
453,28:46.21,Dan LENNON,25 JUL 1994,USA,17f1,,"Palo Alto, CA (USA)",03 APR 2015,1062
454,28:46.37,Kosei YAMAGUCHI,19 AUG 1991,JPN,5f5,,Hachioji (JPN),28 NOV 2015,1062
455,28:46.42,Hiroki MATSUEDA,20 MAY 1993,JPN,7f9,,Yokohama (JPN),25 APR 2015,1061
456,28:46.59,Haruki MINATOYA,25 APR 1996,JPN,11,,Yokohama (JPN),05 DEC 2015,1061
457,28:46.63,Kenji YAMAMOTO,17 NOV 1989,JPN,11f2,,Kobe (JPN),25 APR 2015,1061
458,28:46.69,Javier Alexander GUERIN,05 APR 1979,COL,4,,Lima (PER),14 JUN 2015,1061
459,28:46.74,Tyler PENNEL,21 DEC 1987,USA,11,,"Hayward Field, Eugene, OR (USA)",25 JUN 2015,1061
459,28:46.74,Kenta KITAZAWA,18 NOV 1990,JPN,6f5,,Hachioji (JPN),28 NOV 2015,1061
461,28:46.80,Jonathan MELLOR,27 DEC 1986,GBR,1f2,,Parliament Hill (GBR),16 MAY 2015,1061
462,28:46.81,Kazuki TAMURA,16 JUL 1995,JPN,12f11,,Kanagawa (JPN),21 NOV 2015,1061
463,28:46.92,Masaru AOKI,16 MAY 1990,JPN,15f1,,Gifu (JPN),25 SEP 2015,1061
464,28:46.97,Daisuke KOYAMA,29 AUG 1987,JPN,7f5,,Hachioji (JPN),28 NOV 2015,1061
465,28:47.04,Dishon Karukwa MAINA,19 JUN 1991,KEN,11f3,,Tajimi (JPN),12 OCT 2015,1061
465,28:47.04,Dishon Karukwa MAINA,19 JUN 1991,KEN,12f2,,Gifu (JPN),17 OCT 2015,1061
467,28:47.13,Ryo YAMAMOTO,18 MAY 1984,JPN,8f5,,Hachioji (JPN),28 NOV 2015,1060
468,28:47.21,Charles NDIRANGU,08 FEB 1993,KEN,12f2,,Kobe (JPN),25 APR 2015,1060
469,28:47.40,Stephen MOKOKA,31 JAN 1985,RSA,20,,"National Stadium, Beijing (CHN)",22 AUG 2015,1060
470,28:47.86,Johnnie GUY,,USA,18f1,,"Palo Alto, CA (USA)",03 APR 2015,1059
471,28:47.87,Zach ZARDA,14 MAR 1990,USA,10f2,,"Palo Alto, CA (USA)",02 MAY 2015,1059
471,28:47.87,Amos KIRUI,09 FEB 1998,KEN,1f2,,Tajimi (JPN),12 OCT 2015,1059
471,28:47.87,Amos KIRUI,09 FEB 1998,KEN,1f1,,Gifu (JPN),17 OCT 2015,1059
474,28:48.19,Sho TOKUNAGA,18 APR 1993,JPN,8f9,,Yokohama (JPN),25 APR 2015,1059
474,28:48.19,Takumi KIYOTANI,24 JAN 1989,JPN,4f4,,Hachioji (JPN),28 NOV 2015,1059
476,28:48.21,Kazuya SHIOJIRI,08 NOV 1996,JPN,1f2,,Chiba (JPN),24 OCT 2015,1059
476,28:48.21,Kazuya SHIOJIRI,08 NOV 1996,JPN,1,,Inzai (JPN),24 OCT 2015,1059
478,28:48.27,Teklemariam MEDHIN,24 JUN 1989,ERI,8,,San Sebastián (ESP),24 JUL 2015,1059
479,28:48.38,Gladwin Sibabalwe MZAZI,28 AUG 1988,RSA,8f1,,Leiden (NED),13 JUN 2015,1059
480,28:48.49,Ambrose BORE,08 AUG 1995,KEN,9f1,,Leiden (NED),13 JUN 2015,1058
481,28:48.58,Hiroshi ICHIDA,16 JUN 1992,JPN,13f1,,Kitakyushu (JPN),16 MAY 2015,1058
482,28:48.65,Ryo KINAME,22 JAN 1991,JPN,14f1,,Kitakyushu (JPN),16 MAY 2015,1058
483,28:48.66,Soufiane BOUCHIKHI,22 MAR 1990,BEL,10f1,,Leiden (NED),13 JUN 2015,1058
484,28:48.75,Masaya KOMACHI,30 JAN 1996,JPN,12,,Yokohama (JPN),05 DEC 2015,1058
485,28:48.84,Akihiko TSUMURAI,10 JUL 1984,JPN,7,,Nagoya (JPN),27 JUN 2015,1058
486,28:48.92,Kenta UEDA,05 JUL 1995,JPN,9f9,,Yokohama (JPN),25 APR 2015,1058
486,28:48.92,Ryu TAKAKU,18 FEB 1993,JPN,4f2,,Abashiri (JPN),16 JUL 2015,1058
488,28:48.98,Hiroyoshi UMEGAE,05 JAN 1984,JPN,9f5,,Hachioji (JPN),28 NOV 2015,1058
489,28:49.00,Alex KIBET,10 NOV 1990,KEN,11f1,,Leiden (NED),13 JUN 2015,1058
490,28:49.06,Soji IKEDA,22 DEC 1986,JPN,5f2,,Abashiri (JPN),16 JUL 2015,1057
491,28:49.10,Keisuke NAKATANI,12 JAN 1995,JPN,10,,Kobe (JPN),26 APR 2015,1057
491,28:49.10,Ayumi SATO,25 FEB 1988,JPN,15f1,,Kitakyushu (JPN),16 MAY 2015,1057
493,28:49.28,Hiroki YAMAGISHI,06 SEP 1991,JPN,10f5,,Hachioji (JPN),28 NOV 2015,1057
494,28:49.29,Yoshihiro SHINOHARA,06 SEP 1990,JPN,16f1,,Kitakyushu (JPN),16 MAY 2015,1057
495,28:49.40,Hiroyuki ISHIKAWA,22 JAN 1993,JPN,13,,Yokohama (JPN),05 DEC 2015,1057
496,28:49.43,Jason WITT,09 DEC 1989,USA,12,,"Hayward Field, Eugene, OR (USA)",25 JUN 2015,1057
497,28:49.53,Reed KAMYSZEK,21 APR 1992,USA,19f1,,"Palo Alto, CA (USA)",03 APR 2015,1057
497,28:49.53,Akira TOMIYASU,07 MAR 1996,JPN,6f2,,Abashiri (JPN),16 JUL 2015,1057
499,28:49.58,Hiroshi ICHIDA,16 JUN 1992,JPN,13f2,,Kobe (JPN),25 APR 2015,1057
499,28:49.58,Ryo MATSUMOTO,19 OCT 1990,JPN,11f5,,Hachioji (JPN),28 NOV 2015,1057
501,28:49.60,Joseph MUMO,25 NOV 1994,KEN,1f3,,Hachioji (JPN),28 NOV 2015,1057
502,28:49.96,Kento HANAZAWA,18 JAN 1996,JPN,10f9,,Yokohama (JPN),25 APR 2015,1056
502,28:49.96,Mohammed AHMED,05 JAN 1991,CAN,1,,"CIBC, Toronto (CAN)",21 JUL 2015,1056
504,28:49.99,Sibusiso NZIMA,23 NOV 1986,RSA,2,,Stellenbosch (RSA),17 APR 2015,1056
505,28:50.00,Atsushi YAMAZAWA,10 JUL 1986,JPN,11,,Kobe (JPN),26 APR 2015,1056
506,28:50.07,Tatsuya OIKE,18 MAY 1990,JPN,12f5,,Hachioji (JPN),28 NOV 2015,1056
507,28:50.17,Rui YONEZAWA,26 AUG 1986,JPN,4,,Miyoshi (JPN),10 MAY 2015,1056
508,28:50.18,Ben PAYNE,16 SEP 1981,USA,1,,"Portland, OR (USA)",09 AUG 2015,1056
509,28:50.2h,Kipkoech KIRUI,01 DEC 1991,KEN,7,,Nairobi (KEN),19 JUN 2015,1056
510,28:50.41,Kirubel ERASSA,17 JUN 1993,USA,1,,"Ames, IA (USA)",15 MAY 2015,1055
511,28:50.42,Sean QUIGLEY,08 FEB 1985,USA,3,,"Sacramento, CA (USA)",06 DEC 2015,1055
512,28:50.44,Scott FAUBLE,05 NOV 1991,USA,20f1,,"Palo Alto, CA (USA)",03 APR 2015,1055
513,28:50.5h,Stephen Omiso ARITA,26 JUN 1988,KEN,1f1,,Nakuru (KEN),17 APR 2015,1055
514,28:50.68,Akihiko TSUMURAI,10 JUL 1984,JPN,3,,Nobeoka (JPN),09 MAY 2015,1055
515,28:50.71,El Hassan EL ABBASSI,13 APR 1984,BRN,1,,Wuhan (CHN),06 JUN 2015,1055
516,28:50.73,Fernando CARRO,01 APR 1992,ESP,3,,Huelva (ESP),11 APR 2015,1055
517,28:50.83,Aron RONO,01 NOV 1982,USA,2,,"CIBC, Toronto (CAN)",21 JUL 2015,1055
518,28:51.07,Yuki MAEDA,16 FEB 1991,JPN,7f2,,Abashiri (JPN),16 JUL 2015,1055
519,28:51.11,Hayato OZAWA,09 SEP 1994,JPN,14,,Yokohama (JPN),05 DEC 2015,1054
520,28:51.21,Demeke TESHALA,19 JUN 1993,ISR,3,,Tel Aviv (ISR),18 JAN 2015,1054
521,28:51.31,Kinari IKEDA,14 JAN 1995,JPN,13f11,,Kanagawa (JPN),21 NOV 2015,1054
522,28:51.51,Junji KATAKAWA,05 DEC 1991,JPN,14f2,,Kobe (JPN),25 APR 2015,1054
523,28:51.56,Garrett SWEATT,,USA,1f2,,"Palo Alto, CA (USA)",03 APR 2015,1054
524,28:51.57,Juan Luis BARRIOS,24 JUN 1983,MEX,3,,"CIBC, Toronto (CAN)",21 JUL 2015,1054
525,28:51.59,Mitsunori ASAOKA,11 JAN 1993,JPN,1f2,,Gifu (JPN),25 SEP 2015,1054
526,28:51.73,Kento OTSU,07 DEC 1991,JPN,15f2,,Kobe (JPN),25 APR 2015,1054
527,28:51.82,Daiki TAGUCHI,21 DEC 1991,JPN,1f3,,Gifu (JPN),25 SEP 2015,1053
528,28:51.87,Kodai GOZAWA,26 FEB 1994,JPN,2f2,,Fukagawa (JPN),09 JUL 2015,1053
529,28:52.07,Kosei YAMAGUCHI,19 AUG 1991,JPN,8f2,,Abashiri (JPN),16 JUL 2015,1053
530,28:52.15,Shin KIMURA,08 AUG 1988,JPN,5f1,,Kobe (JPN),25 APR 2015,1053
531,28:52.16,Brendan GREGG,15 MAY 1989,USA,13,,"Hayward Field, Eugene, OR (USA)",25 JUN 2015,1053
532,28:52.23,Takahiro NAKAMURA,24 AUG 1983,JPN,2f3,,Hachioji (JPN),28 NOV 2015,1053
533,28:52.29,Sho TOKUNAGA,18 APR 1993,JPN,4,,Osaka (JPN),11 SEP 2015,1053
534,28:52.50,Girmaw AMARE,26 OCT 1987,ISR,4,,Tel Aviv (ISR),18 JAN 2015,1052
535,28:52.57,Tim RACKERS,07 MAR 1993,USA,2f2,,"Palo Alto, CA (USA)",03 APR 2015,1052
536,28:52.70,Pierce MURPHY,23 AUG 1993,USA,21f1,,"Palo Alto, CA (USA)",03 APR 2015,1052
537,28:52.79,Naohiro DOMOTO,23 JUL 1989,JPN,8,,Nagoya (JPN),27 JUN 2015,1052
538,28:52.80,Shinichiro NAKAMURA,14 APR 1993,JPN,5,,Osaka (JPN),11 SEP 2015,1052
539,28:52.84,Masato IMAI,02 APR 1984,JPN,17f1,,Kitakyushu (JPN),16 MAY 2015,1052
540,28:53.05,Takuya NOGUCHI,02 JUL 1988,JPN,2f2,,Gifu (JPN),25 SEP 2015,1052
541,28:53.12,Hayden HAWKS,1991,USA,3f2,,"Palo Alto, CA (USA)",03 APR 2015,1051
542,28:53.23,Naoto YOSHIMURA,18 SEP 1992,JPN,9f2,,Abashiri (JPN),16 JUL 2015,1051
543,28:53.30,Chiharu NAKAGAWA,08 APR 1986,JPN,3f2,,Gifu (JPN),25 SEP 2015,1051
544,28:53.33,Noriaki TAKAHASHI,26 JUL 1982,JPN,13f5,,Hachioji (JPN),28 NOV 2015,1051
545,28:53.53,Aaron HENDRIKX,24 MAR 1993,CAN,4f2,,"Palo Alto, CA (USA)",03 APR 2015,1051
546,28:53.67,Kengo SUZUKI,11 JUN 1995,JPN,10f2,,Abashiri (JPN),16 JUL 2015,1051
547,28:53.83,Kazuaki IWAMI,25 FEB 1987,JPN,11f2,,Abashiri (JPN),16 JUL 2015,1050
548,28:53.94,Mikhail STRELKOV,25 JUL 1994,RUS,2,,Tallinn (EST),09 JUL 2015,1050
549,28:53.95,Carlos MAYO,18 SEP 1995,ESP,4,,Huelva (ESP),11 APR 2015,1050
550,28:53.96,Atsushi YAMAZAWA,10 JUL 1986,JPN,9,,Nagoya (JPN),27 JUN 2015,1050
551,28:53.99,Roy HOORNWEG,08 MAY 1989,NED,12f1,,Leiden (NED),13 JUN 2015,1050
551,28:53.99,Yassine RACHIK,11 JUN 1993,ITA,3,,Tallinn (EST),09 JUL 2015,1050
553,28:54.01,Henry KIPLAGAT,16 DEC 1992,KEN,1,,Doha (QAT),28 APR 2015,1050
554,28:54.03,Kazuki MURAMOTO,10 NOV 1992,JPN,6f5,,Yokohama (JPN),14 NOV 2015,1050
555,28:54.07,Kazuharu TAKAI,10 MAY 1984,JPN,20f1,,Fukagawa (JPN),09 JUL 2015,1050
556,28:54.08,Shota KAI,10 MAY 1991,JPN,4f2,,Gifu (JPN),25 SEP 2015,1050
557,28:54.09,Yemane HAILESELASSIE,21 FEB 1998,ERI,9,,San Sebastián (ESP),24 JUL 2015,1050
558,28:54.28,Sohei MORIKAWA,13 NOV 1990,JPN,15,,Yokohama (JPN),05 DEC 2015,1050
559,28:54.29,Hiromasa FUKUSHIMA,20 JUL 1987,JPN,11f9,,Yokohama (JPN),25 APR 2015,1050
560,28:54.32,Junya UEMURA,16 MAY 1994,JPN,1f10,,Kanagawa (JPN),21 NOV 2015,1050
561,28:54.33,Hideto YAMANAKA,17 MAR 1994,JPN,1,,Yokohama (JPN),15 MAY 2015,1050
562,28:54.36,Tsubasa HAYAKAWA,02 JUL 1990,JPN,16f1,,Gifu (JPN),25 SEP 2015,1050
563,28:54.40,Naoki KUDO,05 SEP 1995,JPN,6f1,,Kobe (JPN),25 APR 2015,1050
564,28:54.62,Hayato SONODA,05 APR 1989,JPN,1f2,,Hiroshima (JPN),03 OCT 2015,1049
565,28:54.63,Ethan SHAW,12 MAR 1990,USA,22f1,,"Palo Alto, CA (USA)",03 APR 2015,1049
566,28:54.77,Matthew MCCLINTOCK,06 JAN 1994,USA,1f1,,"Walnut, CA (USA)",16 APR 2015,1049
567,28:54.84,Koki IDO,10 JUL 1994,JPN,12f2,,Abashiri (JPN),16 JUL 2015,1049
568,28:54.88,Shinji YOSHIMOTO,08 SEP 1980,JPN,5f2,,Gifu (JPN),25 SEP 2015,1049
569,28:55.12,Kazuki MATSUMURA,14 JAN 1993,JPN,13f2,,Abashiri (JPN),16 JUL 2015,1048
570,28:55.21,Fikadu HAFTU,21 FEB 1994,ETH,21f1,,Fukagawa (JPN),09 JUL 2015,1048
571,28:55.24,Dewi GRIFFITHS,09 AUG 1991,GBR,2f2,,Parliament Hill (GBR),16 MAY 2015,1048
571,28:55.24,Tatsuya MURAYAMA,22 JUN 1981,JPN,2f10,,Kanagawa (JPN),21 NOV 2015,1048
573,28:55.36,Chihiro MIYAWAKI,28 AUG 1991,JPN,14f5,,Hachioji (JPN),28 NOV 2015,1048
574,28:55.53,Ayumu HISAIBARU,18 NOV 1989,JPN,18f1,,Kitakyushu (JPN),16 MAY 2015,1048
575,28:55.60,Ryosuke MAKI,25 APR 1986,JPN,7f1,,Kobe (JPN),25 APR 2015,1048
576,28:55.77,Ryo KINAME,22 JAN 1991,JPN,17f1,,Gifu (JPN),25 SEP 2015,1048
577,28:55.84,Craig LUTZ,07 NOV 1992,USA,2,,"Ames, IA (USA)",15 MAY 2015,1047
578,28:55.90,Kenta MATSUBARA,31 AUG 1989,JPN,14f2,,Abashiri (JPN),16 JUL 2015,1047
578,28:55.90,Cameron MARANTZ,29 AUG 1987,USA,2,,"Portland, OR (USA)",09 AUG 2015,1047
580,28:55.92,Ryuji KASHIWABARA,13 JUL 1989,JPN,3f2,,Fukagawa (JPN),09 JUL 2015,1047
581,28:55.98,Evan ESSELINK,28 FEB 1992,CAN,5f2,,"Palo Alto, CA (USA)",03 APR 2015,1047
582,28:56.16,Kenta MUROTSUKA,12 FEB 1986,JPN,33f7,,Hachioji (JPN),28 NOV 2015,1047
583,28:56.24,Jinnosuke MATUMURA,22 MAR 1995,JPN,14f11,,Kanagawa (JPN),21 NOV 2015,1047
584,28:56.45,Jonathan GREEN,15 FEB 1995,USA,14,,"Hayward Field, Eugene, OR (USA)",25 JUN 2015,1047
585,28:56.48,Shuhei YAMAGUCHI,08 MAR 1994,JPN,16,,Yokohama (JPN),05 DEC 2015,1046
586,28:56.63,Naoki OKAMOTO,26 MAY 1984,JPN,16f2,,Kobe (JPN),25 APR 2015,1046
587,28:56.64,Shota BABA,23 OCT 1993,JPN,24f1,,Abashiri (JPN),16 JUL 2015,1046
588,28:56.66,Sho MATSUEDA,09 SEP 1989,JPN,5f5,,Saga (JPN),17 OCT 2015,1046
589,28:56.67,Michael Mugo GITHAE,26 AUG 1994,KEN,1,,Yokohama (JPN),06 JUN 2015,1046
590,28:56.70,Shun SUZUKI,10 DEC 1990,JPN,15f2,,Abashiri (JPN),16 JUL 2015,1046
591,28:56.76,Shin KIMURA,08 AUG 1988,JPN,6,,Osaka (JPN),11 SEP 2015,1046
592,28:56.78,Mitsutaka TOMITA,30 MAY 1993,JPN,3f10,,Kanagawa (JPN),21 NOV 2015,1046
593,28:56.80,Kazuma GANAHA,01 OCT 1993,JPN,12f9,,Yokohama (JPN),25 APR 2015,1046
594,28:56.82,Ryutaro ICHITANI,19 JUN 1995,JPN,4f10,,Kanagawa (JPN),21 NOV 2015,1046
595,28:56.88,Daiki KUBOTA,27 JUN 1987,JPN,19f1,,Kitakyushu (JPN),16 MAY 2015,1046
596,28:56.95,Cihat ULUS,01 FEB 1990,TUR,4,,Mersin (TUR),02 MAY 2015,1046
597,28:57.03,Chris BENDTSEN,29 FEB 1992,USA,23f1,,"Palo Alto, CA (USA)",03 APR 2015,1046
598,28:57.21,Shunsuke OGINO,25 AUG 1993,JPN,16f2,,Abashiri (JPN),16 JUL 2015,1045
598,28:57.21,Kokoro WATANABE,31 JAN 1994,JPN,7,,Osaka (JPN),11 SEP 2015,1045
600,28:57.30,Taichi TAKASE,06 NOV 1989,JPN,1f8,,Yokohama (JPN),25 APR 2015,1045
601,28:57.37,Tomohiro NAKAGAWA,04 FEB 1982,JPN,13f2,,Gifu (JPN),17 OCT 2015,1045
602,28:57.47,Jinnosuke MATUMURA,22 MAR 1995,JPN,17f2,,Abashiri (JPN),16 JUL 2015,1045
603,28:57.57,Kieran CLEMENTS,20 NOV 1993,GBR,6f2,,"Palo Alto, CA (USA)",03 APR 2015,1045
604,28:57.74,Daisuke MATSUFUJI,12 JAN 1986,JPN,25f1,,Abashiri (JPN),16 JUL 2015,1045
605,28:57.79,Daiki TAGUCHI,21 DEC 1991,JPN,15f5,,Hachioji (JPN),28 NOV 2015,1045
606,28:57.80,Shota SHINJO,11 OCT 1992,JPN,26f1,,Abashiri (JPN),16 JUL 2015,1045
607,28:58.04,Mohamed HREZI,28 OCT 1991,USA,24f1,,"Palo Alto, CA (USA)",03 APR 2015,1044
608,28:58.05,Takaya SATO,05 MAY 1994,JPN,8,,Osaka (JPN),11 SEP 2015,1044
609,28:58.12,Shuhei YAMAMOTO,24 MAY 1991,JPN,14f2,,Gifu (JPN),17 OCT 2015,1044
610,28:58.18,Masatoshi KIKUCHI,12 FEB 1986,JPN,4f2,,Fukagawa (JPN),09 JUL 2015,1044
611,28:58.20,Kenta MUTO,14 FEB 1994,JPN,5f10,,Kanagawa (JPN),21 NOV 2015,1044
612,28:58.24,Junji KATAKAWA,05 DEC 1991,JPN,22f1,,Fukagawa (JPN),09 JUL 2015,1044
613,28:58.30,Yuki MUNAKATA,20 DEC 1989,JPN,3f3,,Hachioji (JPN),28 NOV 2015,1044
614,28:58.41,Juan Carlos ROMERO BERNAL,15 DEC 1977,MEX,2f1,,"Walnut, CA (USA)",16 APR 2015,1044
615,28:58.43,Jose Mauricio GONZÁLEZ,14 OCT 1988,COL,,,Sao Bernardo do Campo (BRA),14 MAY 2015,1044
616,28:58.66,Kento OTSU,07 DEC 1991,JPN,20f1,,Kitakyushu (JPN),16 MAY 2015,1043
617,28:58.67,Ryotaro OTANI,18 OCT 1990,JPN,17,,Yokohama (JPN),05 DEC 2015,1043
618,28:58.70,Hiroto INOUE,06 JAN 1993,JPN,10,,Nagoya (JPN),27 JUN 2015,1043
619,28:58.73,Shota SHINJO,11 OCT 1992,JPN,17f2,,Kobe (JPN),25 APR 2015,1043
620,28:58.8h,Isaac LANGAT,18 DEC 1994,KEN,5,,Sotik (KEN),04 JUL 2015,1043
621,28:58.89,Abdi-Hakin ULAD,14 JUN 1991,DEN,1,,Århus (DEN),23 MAY 2015,1043
622,28:58.90,Kelly WIEBE,13 JUL 1989,CAN,1f2,,London (CAN),10 MAY 2015,1043
622,28:58.90,Malcolm HICKS,19 OCT 1987,NZL,5,,Melbourne (AUS),05 DEC 2015,1043
624,28:58.92,Edward CHESEREK,02 FEB 1994,KEN,1,,"Eugene, OR (USA)",10 JUN 2015,1043
625,28:58.94,Ryuji KATAKAWA,,JPN,7f5,,Yokohama (JPN),14 NOV 2015,1043
626,28:59.0h,Fredrick MURANGA,1996,KEN,3f2,,Nakuru (KEN),17 APR 2015,1043
627,28:59.03,Yuki MUTA,26 MAY 1993,JPN,8f1,,Kobe (JPN),25 APR 2015,1043
628,28:59.08,Noriaki OYAMA,11 AUG 1995,JPN,18,,Yokohama (JPN),05 DEC 2015,1043
629,28:59.13,Eric JENKINS,24 NOV 1991,USA,2,,"Eugene, OR (USA)",10 JUN 2015,1043
630,28:59.30,Ryu TAKAKU,18 FEB 1993,JPN,6f2,,Gifu (JPN),25 SEP 2015,1042
630,28:59.30,Daisuke MATSUFUJI,12 JAN 1986,JPN,5f4,,Hachioji (JPN),28 NOV 2015,1042
632,28:59.37,Tyler KING,,USA,7f2,,"Palo Alto, CA (USA)",03 APR 2015,1042
633,28:59.38,Yoshihiro NISHIZAWA,03 DEC 1992,JPN,18f2,,Kobe (JPN),25 APR 2015,1042
634,28:59.40,Kaan Kigen ÖZBILEN,15 JAN 1986,KEN,2,,Doha (QAT),28 APR 2015,1042
635,28:59.44,Hiroki KADOTA,01 MAY 1985,JPN,5f2,,Fukagawa (JPN),09 JUL 2015,1042
636,28:59.45,Manaka OKUNO,1993,JPN,19,,Yokohama (JPN),05 DEC 2015,1042
637,28:59.6h,Peter WAMBUA,,KEN,4f2,,Nakuru (KEN),17 APR 2015,1042
638,28:59.62,Kevin LEWIS,10 JUL 1993,USA,25f1,,"Palo Alto, CA (USA)",03 APR 2015,1042
639,28:59.65,Kenta MATSUBARA,31 AUG 1989,JPN,13f9,,Yokohama (JPN),25 APR 2015,1042
640,28:59.68,Takaya SATO,05 MAY 1994,JPN,18f2,,Abashiri (JPN),16 JUL 2015,1042
641,28:59.75,Hiroaki INOUE,19 SEP 1987,JPN,19f2,,Abashiri (JPN),16 JUL 2015,1042
642,28:59.90,Bart VAN NUNEN,24 SEP 1995,NED,4,,Tallinn (EST),09 JUL 2015,1041
643,29:00.00,Daniel MUIVA KITONYI,12 JAN 1994,KEN,2,,Yokohama (JPN),15 MAY 2015,1041
644,29:00.10,James WANGARI,23 MAR 1994,KEN,3,,Gifu (JPN),09 MAY 2015,1041
645,29:00.11,Hayato SONODA,05 APR 1989,JPN,2f3,,Gifu (JPN),25 SEP 2015,1041
646,29:00.23,Felicien MUHITIRA,04 NOV 1994,RWA,9,,Brazzaville (CGO),14 SEP 2015,1041
647,29:00.60,Daniel VARGAS DE JÉSUS,06 MAR 1984,MEX,3f1,,"Walnut, CA (USA)",16 APR 2015,1040
648,29:00.65,Yoshiki TAKENOUCHI,25 MAY 1992,JPN,4f3,,Hachioji (JPN),28 NOV 2015,1040
649,29:00.67,Ryota MOTEGI,04 OCT 1994,JPN,15f11,,Kanagawa (JPN),21 NOV 2015,1040
650,29:00.72,Masatoshi KIKUCHI,12 FEB 1986,JPN,3f3,,Gifu (JPN),25 SEP 2015,1040
651,29:00.74,Marilson GOMES DOS SANTOS,06 AUG 1977,BRA,1,,Sao Bernardo do Campo (BRA),15 MAR 2015,1040
652,29:00.80,Takuji MORIMOTO,08 JUN 1987,JPN,6f4,,Hachioji (JPN),28 NOV 2015,1040
653,29:01.11,Takayasu HASHIZUME,14 DEC 1990,JPN,20f2,,Abashiri (JPN),16 JUL 2015,1040
654,29:01.14,Takumi HONDA,25 JUL 1991,JPN,2,,Miyazaki (JPN),24 OCT 2015,1040
654,29:01.14,Takumi HONDA,25 JUL 1991,JPN,2,,Miyazaki (JPN),24 OCT 2015,1040
656,29:01.50,Koki IDO,10 JUL 1994,JPN,9,,Osaka (JPN),11 SEP 2015,1039
657,29:01.55,Shadrack KIPCHIRCHIR,22 FEB 1989,USA,4,,"CIBC, Toronto (CAN)",21 JUL 2015,1039
658,29:01.7h,Benard KORIA,1978,KEN,2f1,,Nakuru (KEN),17 APR 2015,1039
659,29:01.74,Rui YONEZAWA,26 AUG 1986,JPN,19f2,,Kobe (JPN),25 APR 2015,1039
660,29:01.82,Kengo SUZUKI,11 JUN 1995,JPN,6f10,,Kanagawa (JPN),21 NOV 2015,1039
661,29:01.92,Yuichiro UENO,29 JUL 1985,JPN,12,,Kobe (JPN),26 APR 2015,1038
662,29:02.13,Jacob MORGAN,,USA,8f2,,"Palo Alto, CA (USA)",03 APR 2015,1038
663,29:02.14,Caleb HOOVER,22 JUL 1992,USA,11f2,,"Palo Alto, CA (USA)",02 MAY 2015,1038
664,29:02.26,Keisuke TANAKA,06 SEP 1988,JPN,7f4,,Hachioji (JPN),28 NOV 2015,1038
665,29:02.35,Hiroyuki SAKAGUCHI,22 DEC 1996,JPN,7f10,,Kanagawa (JPN),21 NOV 2015,1038
666,29:02.41,Jonathan Kosgei KANDA,10 APR 1980,KEN,2f3,,Fucecchio (ITA),25 APR 2015,1038
666,29:02.41,Ahmed EL MAZOURY,15 MAR 1990,ITA,7f1,,Chia (ITA),06 JUN 2015,1038
668,29:02.44,Shuhei YAMAGUCHI,08 MAR 1994,JPN,2f8,,Yokohama (JPN),25 APR 2015,1038
669,29:02.52,Ryusuke SADANAGA,,JPN,8f10,,Kanagawa (JPN),21 NOV 2015,1038
670,29:02.54,Charles MUNERIA,10 FEB 1996,KEN,10,,Nairobi (KEN),01 AUG 2015,1038
671,29:02.70,Weve BRIHUN,07 MAR 1982,ISR,5,,Tel Aviv (ISR),28 APR 2015,1037
672,29:02.88,Yuki NAKAMURA,24 JUL 1995,JPN,1f6,,Yokohama (JPN),25 APR 2015,1037
672,29:02.88,Kenta MURAYAMA,23 FEB 1993,JPN,11,,Nagoya (JPN),27 JUN 2015,1037
674,29:02.91,Satoru KITAMURA,04 FEB 1986,JPN,27f1,,Abashiri (JPN),16 JUL 2015,1037
675,29:02.92,Wataru TOCHIGI,08 MAY 1995,JPN,9f10,,Kanagawa (JPN),21 NOV 2015,1037
676,29:02.93,Ben LINDSAY,06 MAR 1988,GBR,3f2,,Parliament Hill (GBR),16 MAY 2015,1037
677,29:03.11,Yuichiro OGAWA,21 MAY 1987,JPN,3f8,,Yokohama (JPN),25 APR 2015,1037
678,29:03.16,Kaede YOSHIDA,23 SEP 1994,JPN,4f8,,Yokohama (JPN),25 APR 2015,1037
679,29:03.25,Yuya ANDO,,JPN,2f6,,Yokohama (JPN),25 APR 2015,1036
680,29:03.28,Hideaki SUMIYOSHI,20 NOV 1996,JPN,10f10,,Kanagawa (JPN),21 NOV 2015,1036
681,29:03.33,Abdelhadi EL HACHIMI,15 DEC 1974,BEL,1,,Heusden-Zolder (BEL),02 MAY 2015,1036
682,29:03.37,Hideaki ISHII,30 NOV 1994,JPN,1f13,,Kanagawa (JPN),21 NOV 2015,1036
683,29:03.40,Kazuki MURAMOTO,10 NOV 1992,JPN,10,,Osaka (JPN),11 SEP 2015,1036
684,29:03.43,Kenta UEDA,05 JUL 1995,JPN,16f11,,Kanagawa (JPN),21 NOV 2015,1036
685,29:03.47,Makoto MITSUNOBU,18 JUL 1995,JPN,6f2,,Fukagawa (JPN),09 JUL 2015,1036
686,29:03.58,Abdi-Hakin ULAD,14 JUN 1991,DEN,13f1,,Leiden (NED),13 JUN 2015,1036
687,29:03.68,Takumi KATO,17 JUL 1996,JPN,20,,Yokohama (JPN),05 DEC 2015,1036
688,29:03.80,Daniel SANZ,25 FEB 1979,ESP,5,,Huelva (ESP),11 APR 2015,1036
689,29:03.89,Satoru SASAKI,16 OCT 1985,JPN,3,,Miyazaki (JPN),24 OCT 2015,1036
689,29:03.89,Satoru SASAKI,16 OCT 1985,JPN,3,,Miyazaki (JPN),24 OCT 2015,1036
691,29:03.93,Luis Fernando OSTOS CRUZ,09 AUG 1992,PER,5,,"CIBC, Toronto (CAN)",21 JUL 2015,1035
692,29:03.96,Shota HATTORI,28 OCT 1991,JPN,23f1,,Fukagawa (JPN),09 JUL 2015,1035
693,29:04.06,Edward CHESEREK,02 FEB 1994,KEN,26f1,,"Palo Alto, CA (USA)",03 APR 2015,1035
694,29:04.08,Eric JENKINS,24 NOV 1991,USA,27f1,,"Palo Alto, CA (USA)",03 APR 2015,1035
695,29:04.11,Moses Martin KURONG,07 JUL 1994,UGA,10,,San Sebastián (ESP),24 JUL 2015,1035
696,29:04.17,Keiji AKUTSU,20 MAR 1987,JPN,4,,Nobeoka (JPN),09 MAY 2015,1035
697,29:04.18,Kentaro MATSUMOTO,01 JUN 1991,JPN,20f2,,Kobe (JPN),25 APR 2015,1035
698,29:04.27,Taiga MACHIZAWA,17 APR 1994,JPN,3,,Yokohama (JPN),15 MAY 2015,1035
699,29:04.30,Takuya SUZUKI,19 JAN 1990,JPN,14f3,,Tajimi (JPN),12 OCT 2015,1035
699,29:04.30,Takuya SUZUKI,19 JAN 1990,JPN,15f2,,Gifu (JPN),17 OCT 2015,1035
701,29:04.57,Kentaro HIRAI,01 MAY 1993,JPN,11,,Osaka (JPN),11 SEP 2015,1035
702,29:04.58,Jason WITT,09 DEC 1989,USA,3,,"Eugene, OR (USA)",10 JUN 2015,1035
703,29:04.66,John TRAVERS,16 MAR 1991,IRL,4f2,,Parliament Hill (GBR),16 MAY 2015,1034
704,29:04.69,Yuto OZAWA,,JPN,5f8,,Yokohama (JPN),25 APR 2015,1034
705,29:04.90,Yuki MAEDA,16 FEB 1991,JPN,8f4,,Hachioji (JPN),28 NOV 2015,1034
706,29:04.97,Yoshihiro HIRAGA,11 DEC 1994,JPN,17f11,,Kanagawa (JPN),21 NOV 2015,1034
706,29:04.97,Takayasu HASHIZUME,14 DEC 1990,JPN,16f5,,Hachioji (JPN),28 NOV 2015,1034
708,29:05.1h,Geoffrey MUTAI,07 OCT 1981,KEN,2f1,,Eldoret (KEN),22 MAY 2015,1034
709,29:05.19,Toshinori WATANABE,27 JUN 1993,JPN,3f6,,Yokohama (JPN),25 APR 2015,1034
710,29:05.31,Takahiro YAGIHARA,04 OCT 1991,JPN,21f2,,Abashiri (JPN),16 JUL 2015,1033
711,29:05.32,Shintaro MIWA,04 JAN 1992,JPN,6f5,,Saga (JPN),17 OCT 2015,1033
712,29:05.36,Yuichiro UENO,29 JUL 1985,JPN,12,,Nagoya (JPN),27 JUN 2015,1033
713,29:05.38,Hassan OUAZZIN,1990,MAR,1,,Rabat (MAR),06 JUN 2015,1033
714,29:05.39,John KARIUKI,10 NOV 1986,KEN,12,,Osaka (JPN),11 SEP 2015,1033
714,29:05.39,Chihaya KASUGA,09 MAY 1995,JPN,11f10,,Kanagawa (JPN),21 NOV 2015,1033
716,29:05.44,Kohei MATSUMURA,05 NOV 1986,JPN,7f5,,Saga (JPN),17 OCT 2015,1033
717,29:05.51,Shota INOUE,26 JUL 1989,JPN,15f3,,Tajimi (JPN),12 OCT 2015,1033
717,29:05.51,Shota INOUE,26 JUL 1989,JPN,16f2,,Gifu (JPN),17 OCT 2015,1033
719,29:05.70,Jared WARD,09 SEP 1988,USA,15,,"Hayward Field, Eugene, OR (USA)",25 JUN 2015,1033
720,29:05.71,Hiroki MATSUEDA,20 MAY 1993,JPN,3f4,,Kanagawa (JPN),20 JUN 2015,1033
721,29:05.91,Mustapha TACHFIT,1991,MAR,2,,Rabat (MAR),06 JUN 2015,1033
722,29:06.03,Fumihiro MARUYAMA,01 JUL 1990,JPN,22f2,,Abashiri (JPN),16 JUL 2015,1032
723,29:06.04,John KARIUKI,24 NOV 1997,KEN,6f8,,Yokohama (JPN),25 APR 2015,1032
724,29:06.14,Tomohiko TAKENAKA,18 MAY 1985,JPN,2f2,,Hiroshima (JPN),03 OCT 2015,1032
725,29:06.16,Kinari IKEDA,14 JAN 1995,JPN,4f6,,Yokohama (JPN),25 APR 2015,1032
726,29:06.2h,Mathew Kipkoech KISORIO,16 MAY 1989,KEN,3f1,,Eldoret (KEN),22 MAY 2015,1032
727,29:06.24,Ryohei NISHIYAMA,07 JUN 1993,JPN,4f4,,Kanagawa (JPN),20 JUN 2015,1032
728,29:06.38,Precious Lesiba MASHELE,13 OCT 1990,RSA,3,,Stellenbosch (RSA),17 APR 2015,1032
729,29:06.39,Takuya FUJIKAWA,17 DEC 1992,JPN,18f1,,Gifu (JPN),25 SEP 2015,1032
730,29:06.52,Jonathan GREEN,15 FEB 1995,USA,4f1,,"Walnut, CA (USA)",16 APR 2015,1032
731,29:06.57,Ryo ONISHI,26 NOV 1991,JPN,23f2,,Abashiri (JPN),16 JUL 2015,1032
732,29:06.6h,Josphat Kiprono MENJO,20 AUG 1979,KEN,3f1,,Nakuru (KEN),17 APR 2015,1032
732,29:06.60,Naoya TAKAHASHI,28 AUG 1993,JPN,24f2,,Abashiri (JPN),16 JUL 2015,1032
734,29:06.71,Kazuki TOMARU,31 JUL 1987,JPN,14f9,,Yokohama (JPN),25 APR 2015,1031
734,29:06.71,Yusuke BABA,15 JUN 1996,JPN,18f11,,Kanagawa (JPN),21 NOV 2015,1031
736,29:06.74,Jo FUKUDA,31 DEC 1990,JPN,7f8,,Yokohama (JPN),25 APR 2015,1031
737,29:06.78,Naohiro YAMADA,18 DEC 1984,JPN,19f1,,Gifu (JPN),25 SEP 2015,1031
738,29:06.79,David NILSSON,16 APR 1987,SWE,5f2,,Parliament Hill (GBR),16 MAY 2015,1031
739,29:06.82,Jannis TÖPFER,01 OCT 1989,GER,12f2,,"Palo Alto, CA (USA)",02 MAY 2015,1031
740,29:06.95,Tsuyoshi EBISAWA,04 JUL 1994,JPN,8f8,,Yokohama (JPN),25 APR 2015,1031
741,29:07.31,Kazuki MATSUMURA,14 JAN 1993,JPN,5f6,,Yokohama (JPN),25 APR 2015,1030
742,29:07.38,Yevgeniy RYBAKOV,27 FEB 1985,RUS,4,,Zhukovskiy (RUS),19 JUL 2015,1030
743,29:07.44,Hiromasa KUMAHASHI,23 JUL 1994,JPN,3f2,,Hiroshima (JPN),03 OCT 2015,1030
744,29:07.75,José MADERA,23 SEP 1991,MEX,13f2,,"Palo Alto, CA (USA)",02 MAY 2015,1030
745,29:07.87,Soji IKEDA,22 DEC 1986,JPN,3f4,,Yokohama (JPN),23 MAY 2015,1030
746,29:07.96,Hersuato MAMIYO,13 FEB 1982,ETH,8f5,,Saga (JPN),17 OCT 2015,1030
747,29:07.97,Shinji MITA,04 JAN 1996,JPN,12f10,,Kanagawa (JPN),21 NOV 2015,1030
748,29:08.17,Zachary HERRIOTT,,USA,28f1,,"Palo Alto, CA (USA)",03 APR 2015,1029
749,29:08.20,Shuji MATSUO,14 SEP 1991,JPN,9f4,,Hachioji (JPN),28 NOV 2015,1029
750,29:08.21,Hironori ONO,03 APR 1989,JPN,9f8,,Yokohama (JPN),25 APR 2015,1029
751,29:08.31,Yuki MAEDA,16 FEB 1991,JPN,2,,Yokohama (JPN),06 JUN 2015,1029
752,29:08.47,Mohamed HREZI,28 OCT 1991,USA,2,,"Portland, OR (USA)",14 JUN 2015,1029
753,29:08.48,Dmytro LASHYN,17 FEB 1988,UKR,1,,Cherkasy (UKR),25 APR 2015,1029
754,29:08.49,Satoshi KIKUCHI,31 JUL 1994,JPN,2f13,,Kanagawa (JPN),21 NOV 2015,1029
755,29:08.63,Daniel NJENGA,07 MAY 1976,KEN,1f2,,Hachioji (JPN),28 NOV 2015,1029
756,29:08.70,Masahiro KAWAGUCHI,08 OCT 1985,JPN,2f2,,Hachioji (JPN),28 NOV 2015,1028
757,29:08.86,Yuya ITO,09 JAN 1992,JPN,5f3,,Hachioji (JPN),28 NOV 2015,1028
758,29:08.93,Mark PINALES,27 APR 1993,USA,9f2,,"Palo Alto, CA (USA)",03 APR 2015,1028
759,29:08.97,Masahito SUMIMOTO,12 JAN 1988,JPN,5,,Miyoshi (JPN),10 MAY 2015,1028
759,29:08.97,Masaru AOKI,16 MAY 1990,JPN,5,,Kumagaya (JPN),16 MAY 2015,1028
761,29:09.03,Masamichi YASUDA,13 OCT 1987,JPN,25f2,,Abashiri (JPN),16 JUL 2015,1028
762,29:09.04,Kengo SUZUKI,11 JUN 1995,JPN,5f4,,Kanagawa (JPN),20 JUN 2015,1028
763,29:09.07,Kazuto KAWABATA,20 DEC 1995,JPN,13,,Osaka (JPN),11 SEP 2015,1028
764,29:09.26,Dewi GRIFFITHS,09 AUG 1991,GBR,14f2,,"Palo Alto, CA (USA)",02 MAY 2015,1028
765,29:09.33,Sean KEVEREN,17 JUN 1990,USA,1,,"Charlottesville, VA (USA)",18 APR 2015,1028
766,29:09.38,Shota SHINJO,11 OCT 1992,JPN,7f2,,Gifu (JPN),25 SEP 2015,1027
767,29:09.39,Travis NEUMAN,,USA,29f1,,"Palo Alto, CA (USA)",03 APR 2015,1027
768,29:09.40,Yuki MUTA,26 MAY 1993,JPN,19f11,,Kanagawa (JPN),21 NOV 2015,1027
769,29:09.41,Shunsuke OGINO,25 AUG 1993,JPN,9f1,,Kobe (JPN),25 APR 2015,1027
770,29:09.45,Antonio SILVA,26 MAR 1987,POR,6f2,,Parliament Hill (GBR),16 MAY 2015,1027
771,29:09.46,Brandon Derek LORD,13 JUN 1992,CAN,5f1,,"Walnut, CA (USA)",16 APR 2015,1027
772,29:09.50,Shin KIMURA,08 AUG 1988,JPN,4,,Yokohama (JPN),15 MAY 2015,1027
773,29:09.52,Takahiro YAGIHARA,04 OCT 1991,JPN,6f3,,Hachioji (JPN),28 NOV 2015,1027
774,29:09.61,Kazuki TAMURA,16 JUL 1995,JPN,6f6,,Yokohama (JPN),25 APR 2015,1027
774,29:09.61,Shota INOUE,26 JUL 1989,JPN,10f4,,Hachioji (JPN),28 NOV 2015,1027
776,29:09.66,Atsumi ASHIWA,02 FEB 1995,JPN,15f9,,Yokohama (JPN),25 APR 2015,1027
777,29:09.76,Yuta TAKAHASHI,13 APR 1987,JPN,6f4,,Kanagawa (JPN),20 JUN 2015,1027
778,29:09.80,Hiroki MATSUEDA,20 MAY 1993,JPN,5,,Yokohama (JPN),15 MAY 2015,1027
779,29:09.86,Kokoro WATANABE,31 JAN 1994,JPN,7f6,,Yokohama (JPN),25 APR 2015,1027
780,29:09.88,Austin WELLS,15 JUN 1995,USA,10f2,,"Palo Alto, CA (USA)",03 APR 2015,1027
781,29:09.9h,Gideon Kipkemoi KIPKETER,10 NOV 1992,KEN,1f2,,Eldoret (KEN),22 MAY 2015,1027
782,29:10.02,Yuki MATSUOKA,14 JAN 1986,JPN,20f1,,Gifu (JPN),25 SEP 2015,1027
783,29:10.18,Ryo HASHIMOTO,26 SEP 1993,JPN,8f6,,Yokohama (JPN),25 APR 2015,1026
784,29:10.21,Melaku ABERA,20 APR 1994,ETH,34f7,,Hachioji (JPN),28 NOV 2015,1026
785,29:10.26,Yuki MORI,24 MAY 1994,JPN,10f8,,Yokohama (JPN),25 APR 2015,1026
786,29:10.33,Tsukasa KOYAMA,21 JAN 1992,JPN,10f1,,Kobe (JPN),25 APR 2015,1026
787,29:10.38,Matthew MELANCON,,USA,30f1,,"Palo Alto, CA (USA)",03 APR 2015,1026
788,29:10.44,Jim SPISAK,18 NOV 1990,USA,16,,"Hayward Field, Eugene, OR (USA)",25 JUN 2015,1026
789,29:10.63,Kenya SONOTA,10 MAY 1993,JPN,16f9,,Yokohama (JPN),25 APR 2015,1026
790,29:10.69,Yevgeniy DOGA,08 MAR 1984,RUS,5,,Zhukovskiy (RUS),19 JUL 2015,1026
791,29:10.72,Timo GÖHLER,06 FEB 1990,GER,31f1,,"Palo Alto, CA (USA)",03 APR 2015,1025
792,29:10.86,Demeke TESHALA,19 JUN 1993,ISR,5,,Tallinn (EST),09 JUL 2015,1025
793,29:10.87,Amos KOSGEY,,USA,2,,"Charlottesville, VA (USA)",18 APR 2015,1025
794,29:10.88,Shunsuke OGINO,25 AUG 1993,JPN,6,,Yokohama (JPN),15 MAY 2015,1025
795,29:11.04,Aleksandr IMENIN,02 APR 1987,RUS,6,,Zhukovskiy (RUS),19 JUL 2015,1025
796,29:11.11,Mitchel BROWN,30 OCT 1988,AUS,6,,Melbourne (AUS),05 DEC 2015,1025
797,29:11.13,Adam VISOKAY,11 MAR 1994,USA,3,,"Charlottesville, VA (USA)",18 APR 2015,1025
798,29:11.17,Craig LUTZ,07 NOV 1992,USA,4,,"Eugene, OR (USA)",10 JUN 2015,1025
798,29:11.17,Cameron MARANTZ,29 AUG 1987,USA,3,,"Portland, OR (USA)",14 JUN 2015,1025
798,29:11.17,Ryo HASHIMOTO,26 SEP 1993,JPN,20f11,,Kanagawa (JPN),21 NOV 2015,1025
801,29:11.18,Takuya SUZUKI,19 JAN 1990,JPN,4f3,,Gifu (JPN),25 SEP 2015,1025
802,29:11.19,Yoshihiro SHINOHARA,06 SEP 1990,JPN,11f1,,Kobe (JPN),25 APR 2015,1025
803,29:11.20,Bryan GUIJARRO,11 APR 1994,USA,11f2,,"Palo Alto, CA (USA)",03 APR 2015,1025
804,29:11.31,Ken SAKUMA,18 JAN 1991,JPN,11f8,,Yokohama (JPN),25 APR 2015,1025
805,29:11.44,Tyler BYRNE,12 NOV 1991,USA,12f2,,"Palo Alto, CA (USA)",03 APR 2015,1024
806,29:11.56,Kento TAMURA,22 MAY 1994,JPN,9f6,,Yokohama (JPN),25 APR 2015,1024
807,29:11.68,Masaki SAKUDA,06 MAY 1996,JPN,12f8,,Yokohama (JPN),25 APR 2015,1024
808,29:11.73,Hayato SONODA,05 APR 1989,JPN,12f1,,Kobe (JPN),25 APR 2015,1024
809,29:11.83,Johan LARSSON,27 AUG 1983,SWE,2,,Århus (DEN),23 MAY 2015,1024
809,29:11.83,Fyodor SHUTOV,10 FEB 1986,RUS,7,,Zhukovskiy (RUS),19 JUL 2015,1024
811,29:11.90,Abdenasir FATHI,20 MAY 1987,MAR,3,,Rabat (MAR),06 JUN 2015,1024
812,29:11.91,Kenta MURAYAMA,23 FEB 1993,JPN,4,,Miyazaki (JPN),24 OCT 2015,1024
813,29:12.05,Shota YAMAGUCHI,19 DEC 1985,JPN,8f2,,Gifu (JPN),25 SEP 2015,1024
814,29:12.1h,David TARUS,1978,KEN,2f2,,Eldoret (KEN),22 MAY 2015,1023
815,29:12.15,Taiki YOSHIMURA,19 JUN 1992,JPN,5,,Miyazaki (JPN),24 OCT 2015,1023
816,29:12.37,Satoru KITAMURA,04 FEB 1986,JPN,3,,Yokohama (JPN),06 JUN 2015,1023
817,29:12.49,Kazuma GANAHA,01 OCT 1993,JPN,14,,Osaka (JPN),11 SEP 2015,1023
818,29:12.54,Yuki TSUTSUMI,16 APR 1993,JPN,13f8,,Yokohama (JPN),25 APR 2015,1023
819,29:12.62,Samuel KARIUKI,13 FEB 1992,KEN,3f3,,Fucecchio (ITA),25 APR 2015,1023
820,29:12.71,Masaki MATSUI,10 NOV 1993,JPN,14f8,,Yokohama (JPN),25 APR 2015,1023
821,29:12.75,Masaru AOKI,16 MAY 1990,JPN,13,,Nagoya (JPN),27 JUN 2015,1023
822,29:12.94,Satoru KITAMURA,04 FEB 1986,JPN,11f4,,Hachioji (JPN),28 NOV 2015,1022
823,29:12.97,Shuhei SHIROTA,23 AUG 1981,JPN,3f2,,Hachioji (JPN),28 NOV 2015,1022
824,29:13.05,Tomoki KAWAMURA,06 DEC 1995,JPN,3f13,,Kanagawa (JPN),21 NOV 2015,1022
825,29:13.09,Cihat ULUS,01 FEB 1990,TUR,8f1,,Chia (ITA),06 JUN 2015,1022
826,29:13.50,Lakshmanan GOVINDAN,05 JUN 1990,IND,1,,Thiruvanthapuram (IND),12 FEB 2015,1021
827,29:13.51,Dewi GRIFFITHS,09 AUG 1991,GBR,9f1,,Chia (ITA),06 JUN 2015,1021
828,29:13.64,Yusuke OGURA,16 APR 1993,JPN,21f11,,Kanagawa (JPN),21 NOV 2015,1021
829,29:13.71,Kentaro MASUDA,17 FEB 1989,JPN,13f1,,Kobe (JPN),25 APR 2015,1021
830,29:13.77,Kenta MATSUBARA,31 AUG 1989,JPN,17f2,,Gifu (JPN),17 OCT 2015,1021
831,29:13.81,Yuta INAGE,26 OCT 1994,JPN,15f8,,Yokohama (JPN),25 APR 2015,1021
832,29:13.87,Connor MCMILLAN,15 NOV 1995,USA,13f2,,"Palo Alto, CA (USA)",03 APR 2015,1021
832,29:13.87,Genta YODOKAWA,22 SEP 1992,JPN,16f8,,Yokohama (JPN),25 APR 2015,1021
834,29:13.98,Fumihiro MARUYAMA,01 JUL 1990,JPN,6,,Miyazaki (JPN),24 OCT 2015,1021
835,29:14.07,Rikinobu WATANABE,10 MAY 1990,JPN,1f2,,Amagasaki (JPN),22 MAY 2015,1021
835,29:14.07,Rikinobu WATANABE,10 MAY 1990,JPN,1,,Osaka (JPN),22 MAY 2015,1021
837,29:14.33,Daniel NJENGA,07 MAY 1976,KEN,4f4,,Yokohama (JPN),23 MAY 2015,1020
838,29:14.51,Shuho DAIROKUNO,23 DEC 1992,JPN,7,,Miyazaki (JPN),24 OCT 2015,1020
839,29:14.54,Jon THEWLIS,07 MAY 1985,GBR,7f2,,Parliament Hill (GBR),16 MAY 2015,1020
840,29:14.55,Aweke AYALEW,23 FEB 1993,BRN,21,,"National Stadium, Beijing (CHN)",22 AUG 2015,1020
841,29:14.60,Takashi ICHIDA,16 JUN 1992,JPN,8,,Miyazaki (JPN),24 OCT 2015,1020
842,29:14.74,Shigeki TSUJI,24 JUN 1986,JPN,14f1,,Kobe (JPN),25 APR 2015,1020
843,29:14.79,Frankline TONUI,02 AUG 1993,KEN,14f2,,"Palo Alto, CA (USA)",03 APR 2015,1020
844,29:14.80,Tetsuya YOROIZAKA,20 MAR 1990,JPN,9,,Miyazaki (JPN),24 OCT 2015,1020
845,29:14.96,Takafumi KIKUCHI,22 MAY 1991,JPN,26f2,,Abashiri (JPN),16 JUL 2015,1019
846,29:14.98,Takahiro NAKAMURA,24 AUG 1983,JPN,9f5,,Saga (JPN),17 OCT 2015,1019
847,29:15.15,Hayato YAMADA,10 JUN 1992,JPN,21f2,,Kobe (JPN),25 APR 2015,1019
848,29:15.18,Pierce MURPHY,23 AUG 1993,USA,5,,"Eugene, OR (USA)",10 JUN 2015,1019
849,29:15.20,Fuma KATO,15 FEB 1996,JPN,22f11,,Kanagawa (JPN),21 NOV 2015,1019
850,29:15.22,Minato YAMASHITA,15 NOV 1988,JPN,10f5,,Saga (JPN),17 OCT 2015,1019
851,29:15.30,Igor MAKSIMOV,26 APR 1992,RUS,1,,"Main Stadium, Gwangju (KOR)",09 JUL 2015,1019
852,29:15.43,Eduardo RODRIGUEZ,,USA,15f2,,"Palo Alto, CA (USA)",03 APR 2015,1019
853,29:15.50,Kazuma TASHIRO,02 FEB 1994,JPN,17f9,,Yokohama (JPN),25 APR 2015,1018
854,29:15.51,Paul POLLOCK,25 JUN 1986,IRL,15f2,,"Palo Alto, CA (USA)",02 MAY 2015,1018
855,29:15.58,Mario PACAY,20 JUL 1997,GUA,6f1,,"Walnut, CA (USA)",16 APR 2015,1018
856,29:15.60,Hiroki KOGA,28 FEB 1996,JPN,4f13,,Kanagawa (JPN),21 NOV 2015,1018
857,29:15.75,Dinghong YANG,29 SEP 1987,CHN,1f1,,Beijing (CHN),29 JUN 2015,1018
858,29:16.01,Daiki KUBOTA,27 JUN 1987,JPN,11f5,,Saga (JPN),17 OCT 2015,1018
859,29:16.02,Rui YAMAGISHI,28 MAR 1994,JPN,13f10,,Kanagawa (JPN),21 NOV 2015,1018
860,29:16.21,Gilbert KIRUI,,KEN,32f1,,"Palo Alto, CA (USA)",03 APR 2015,1017
861,29:16.23,John RANERI,23 OCT 1991,USA,16f2,,"Palo Alto, CA (USA)",03 APR 2015,1017
862,29:16.25,Yasuhito IKEDA,08 MAY 1983,JPN,2f2,,Amagasaki (JPN),22 MAY 2015,1017
862,29:16.25,Yasuhito IKEDA,08 MAY 1983,JPN,2,,Osaka (JPN),22 MAY 2015,1017
864,29:16.32,Kento OTSU,07 DEC 1991,JPN,9f2,,Gifu (JPN),25 SEP 2015,1017
865,29:16.49,Ederson VILELA PEREIRA,06 JUN 1990,BRA,1,,Sao Bernardo do Campo (BRA),19 APR 2015,1017
866,29:16.55,Matthew MCELROY,27 MAR 1992,USA,6,,"Eugene, OR (USA)",10 JUN 2015,1017
866,29:16.55,Ryo YAMADA,19 SEP 1993,JPN,14f10,,Kanagawa (JPN),21 NOV 2015,1017
868,29:16.57,Matthew MCCLINTOCK,06 JAN 1994,USA,7,,"Eugene, OR (USA)",10 JUN 2015,1017
869,29:16.63,Naoki OKAMOTO,26 MAY 1984,JPN,5,,Nobeoka (JPN),09 MAY 2015,1017
870,29:16.67,Robson PEREIRA DE LIMA,26 FEB 1988,BRA,1,,Buenos Aires (ARG),25 MAR 2015,1017
871,29:16.70,Roy HOORNWEG,08 MAY 1989,NED,1,,Amsterdam (NED),31 JUL 2015,1017
872,29:16.74,Ben LARSON,,USA,17f2,,"Palo Alto, CA (USA)",03 APR 2015,1017
873,29:16.77,Tanner HINKLE,,USA,18f2,,"Palo Alto, CA (USA)",03 APR 2015,1017
874,29:16.84,Norihiro KOMATSU,,JPN,18f9,,Yokohama (JPN),25 APR 2015,1017
875,29:16.85,Bujie DUO,16 FEB 1994,CHN,1f2,,Beijing (CHN),29 JUN 2015,1017
876,29:16.93,Sean FONTANA,06 DEC 1990,GBR,8f2,,Parliament Hill (GBR),16 MAY 2015,1016
877,29:16.95,Masaya NAKASHA,21 JAN 1996,JPN,1f12,,Kanagawa (JPN),21 NOV 2015,1016
878,29:16.98,Hikaru KATO,02 OCT 1992,JPN,7f3,,Hachioji (JPN),28 NOV 2015,1016
879,29:17.03,Wataru UENO,02 AUG 1990,JPN,17f5,,Hachioji (JPN),28 NOV 2015,1016
880,29:17.06,Yasushi YAMAMOTO,10 SEP 1985,JPN,8f5,,Yokohama (JPN),14 NOV 2015,1016
881,29:17.07,Malachy SCHROBILGEN,03 JAN 1994,USA,8,,"Eugene, OR (USA)",10 JUN 2015,1016
882,29:17.18,Olivier IRABARUTA,25 AUG 1990,BDI,10,,Brazzaville (CGO),14 SEP 2015,1016
883,29:17.2h,Philip Kiprono LANGAT,23 APR 1990,KEN,5f2,,Nakuru (KEN),17 APR 2015,1016
884,29:17.23,Rei OMORI,25 OCT 1995,JPN,5f13,,Kanagawa (JPN),21 NOV 2015,1016
885,29:17.48,Kengo SUZUKI,11 JUN 1995,JPN,1f7,,Yokohama (JPN),25 APR 2015,1016
886,29:17.54,Sam PONS,1992,USA,9,,"Eugene, OR (USA)",10 JUN 2015,1016
887,29:17.56,Shota YAMADA,06 DEC 1987,JPN,5f4,,Yokohama (JPN),23 MAY 2015,1015
888,29:17.7h,Emmanuel BOR,25 DEC 1993,KEN,3f2,,Eldoret (KEN),22 MAY 2015,1015
889,29:17.78,Takuya NISHIZAWA,28 JAN 1995,JPN,15f10,,Kanagawa (JPN),21 NOV 2015,1015
890,29:17.79,Yosuke TOKUOKA,05 SEP 1988,JPN,4f2,,Hiroshima (JPN),03 OCT 2015,1015
891,29:17.84,Dmytro LASHYN,17 FEB 1988,UKR,10f1,,Chia (ITA),06 JUN 2015,1015
892,29:17.86,Kenta MUROTSUKA,12 FEB 1986,JPN,21f1,,Gifu (JPN),25 SEP 2015,1015
893,29:17.96,Kaito KITA,23 FEB 1992,JPN,10f2,,Gifu (JPN),25 SEP 2015,1015
894,29:18.05,Pavel ADYSHKIN,17 SEP 1988,RUS,8,,Zhukovskiy (RUS),19 JUL 2015,1015
895,29:18.08,Masaki MATSUI,10 NOV 1993,JPN,16f10,,Kanagawa (JPN),21 NOV 2015,1015
896,29:18.14,Mitku Soboka TULU,1988,ETH,1,,Ohrdruf (GER),02 MAY 2015,1015
897,29:18.15,José ESPANA,05 MAY 1986,ESP,6,,Huelva (ESP),11 APR 2015,1015
898,29:18.30,Jake KILDOO,12 SEP 1993,USA,19f2,,"Palo Alto, CA (USA)",03 APR 2015,1014
899,29:18.33,Hikaru TOMINAGA,25 NOV 1988,JPN,5f2,,Hiroshima (JPN),03 OCT 2015,1014
900,29:18.36,Ryohei NISHIYAMA,07 JUN 1993,JPN,28f1,,Abashiri (JPN),16 JUL 2015,1014
901,29:18.55,Kohei MATSUMURA,05 NOV 1986,JPN,11f2,,Gifu (JPN),25 SEP 2015,1014
902,29:18.56,Ryan DOHNER,23 AUG 1991,USA,20f2,,"Palo Alto, CA (USA)",03 APR 2015,1014
903,29:18.57,Nobuyuki MATSUMOTO,08 AUG 1991,JPN,19f9,,Yokohama (JPN),25 APR 2015,1014
904,29:18.59,Abdelhadi EL HACHIMI,15 DEC 1974,BEL,11f1,,Chia (ITA),06 JUN 2015,1014
905,29:18.67,Yoshiaki SHIOTA,13 JUN 1987,JPN,18f5,,Hachioji (JPN),28 NOV 2015,1014
905,29:18.67,Yasutaka ISHIBASHI,24 AUG 1994,JPN,24f6,,Hachioji (JPN),28 NOV 2015,1014
907,29:18.71,Nicolae Alexandru SOARE,20 SEP 1991,ROU,2,,"Main Stadium, Gwangju (KOR)",09 JUL 2015,1014
908,29:18.84,Hiroyoshi UMEGAE,05 JAN 1984,JPN,29f1,,Abashiri (JPN),16 JUL 2015,1014
909,29:18.86,Bobby CURTIS,28 NOV 1984,USA,17,,"Hayward Field, Eugene, OR (USA)",25 JUN 2015,1014
910,29:19.10,Koki TAKADA,13 JUN 1993,JPN,23f11,,Kanagawa (JPN),21 NOV 2015,1013
911,29:19.17,Tait RUTHERFORD,,USA,21f2,,"Palo Alto, CA (USA)",03 APR 2015,1013
911,29:19.17,Thijs NIJHUIS,20 SEP 1992,DEN,3,,Århus (DEN),23 MAY 2015,1013
913,29:19.30,Keisuke NAKATANI,12 JAN 1995,JPN,3,,"Main Stadium, Gwangju (KOR)",09 JUL 2015,1013
914,29:19.37,Yuki MURAKAMI,22 MAY 1994,JPN,17f8,,Yokohama (JPN),25 APR 2015,1013
915,29:19.41,Kazuharu TAKAI,10 MAY 1984,JPN,12f5,,Saga (JPN),17 OCT 2015,1013
916,29:19.42,Brandon HARGREAVES,20 JAN 1993,AUS,9f2,,Parliament Hill (GBR),16 MAY 2015,1013
917,29:19.45,Shunsuke OGINO,25 AUG 1993,JPN,7f4,,Kanagawa (JPN),20 JUN 2015,1013
918,29:19.55,Malachy SCHROBILGEN,03 JAN 1994,USA,1,,"East Lansing, MI (USA)",15 MAY 2015,1013
919,29:19.63,Masaki ITO,19 MAY 1989,JPN,4f2,,Hachioji (JPN),28 NOV 2015,1012
920,29:19.64,Zouhaïr AWAD,07 APR 1989,MAR,1,,Qatif (KSA),09 APR 2015,1012
921,29:19.67,Yusei YOSHIDA,26 JUL 1995,JPN,2f12,,Kanagawa (JPN),21 NOV 2015,1012
922,29:19.70,Naoki SAITA,01 MAY 1993,JPN,17f10,,Kanagawa (JPN),21 NOV 2015,1012
922,29:19.70,Masayoshi SAKAI,,JPN,6f13,,Kanagawa (JPN),21 NOV 2015,1012
924,29:19.73,Ryo KINAME,22 JAN 1991,JPN,13f5,,Saga (JPN),17 OCT 2015,1012
925,29:19.85,Kosuke MURASASHI,30 AUG 1982,JPN,8f3,,Hachioji (JPN),28 NOV 2015,1012
926,29:19.86,Hayato SAITO,09 JAN 1989,JPN,19f5,,Hachioji (JPN),28 NOV 2015,1012
927,29:19.91,Maru TEFERI,17 AUG 1992,ISR,6,,Tel Aviv (ISR),28 APR 2015,1012
928,29:19.95,Gabriel PROCTOR,29 APR 1990,USA,3,,"Portland, OR (USA)",09 AUG 2015,1012
929,29:20.03,John GILBERTSON,07 JUN 1991,USA,16f2,,"Palo Alto, CA (USA)",02 MAY 2015,1012
929,29:20.03,Rikinobu WATANABE,10 MAY 1990,JPN,5f3,,Gifu (JPN),25 SEP 2015,1012
931,29:20.06,Yusei NAKAO,28 FEB 1984,JPN,20f9,,Yokohama (JPN),25 APR 2015,1012
932,29:20.11,Lawrence KIPKOECH,,KEN,1f1,,"Raleigh, NC (USA)",27 MAR 2015,1012
933,29:20.14,Matthew MCCLINTOCK,06 JAN 1994,USA,2,,"East Lansing, MI (USA)",15 MAY 2015,1012
934,29:20.15,Keiichi SAKANO,,JPN,3f12,,Kanagawa (JPN),21 NOV 2015,1012
935,29:20.20,Vladimir NIKITIN,05 AUG 1992,RUS,4,,"Main Stadium, Gwangju (KOR)",09 JUL 2015,1012
936,29:20.24,Koki IDO,10 JUL 1994,JPN,8f4,,Kanagawa (JPN),20 JUN 2015,1012
937,29:20.25,Sohei MORIKAWA,13 NOV 1990,JPN,3f2,,Amagasaki (JPN),22 MAY 2015,1012
938,29:20.26,Yuta HAMANO,27 JUL 1994,JPN,18f10,,Kanagawa (JPN),21 NOV 2015,1012
939,29:20.27,Ryosuke MAKI,25 APR 1986,JPN,9f5,,Yokohama (JPN),14 NOV 2015,1012
940,29:20.40,Sho TOKUNAGA,18 APR 1993,JPN,9f4,,Kanagawa (JPN),20 JUN 2015,1011
941,29:20.63,Masaki SEKIDO,03 JUN 1987,JPN,9f3,,Hachioji (JPN),28 NOV 2015,1011
942,29:20.80,Yoshihiro HIMOTO,25 SEP 1985,JPN,10f3,,Hachioji (JPN),28 NOV 2015,1011
943,29:20.85,Alemu BEKELE,23 MAR 1990,BRN,3,,Doha (QAT),28 APR 2015,1011
944,29:21.00,Abbabiya SIMBASSA,30 JUN 1993,USA,4,,"Sacramento, CA (USA)",06 DEC 2015,1010
945,29:21.08,Kento HANAZAWA,18 JAN 1996,JPN,10f4,,Kanagawa (JPN),20 JUN 2015,1010
945,29:21.08,Takuya FUJIKAWA,17 DEC 1992,JPN,30f1,,Abashiri (JPN),16 JUL 2015,1010
947,29:21.12,Hayato MERA,30 APR 1992,JPN,1f2,,Kitakyushu (JPN),16 MAY 2015,1010
947,29:21.12,Kaede YOSHIDA,23 SEP 1994,JPN,19f10,,Kanagawa (JPN),21 NOV 2015,1010
949,29:21.16,Mehdi AKAOUCH,27 JAN 1982,FRA,1,,St-Maur (FRA),29 APR 2015,1010
950,29:21.32,Shusei OHASHI,12 APR 1990,JPN,2f7,,Yokohama (JPN),25 APR 2015,1010
950,29:21.32,Taku FUJIMOTO,11 SEP 1989,JPN,31f1,,Abashiri (JPN),16 JUL 2015,1010
952,29:21.39,Brady JOHNSON,,USA,1,,"Wichita, KS (USA)",10 APR 2015,1010
952,29:21.39,Ty MCCORMACK,17 SEP 1992,USA,1,,"Philadelphia, PA (USA)",23 APR 2015,1010
952,29:21.39,Shuho DAIROKUNO,23 DEC 1992,JPN,14,,Nagoya (JPN),27 JUN 2015,1010
955,29:21.41,Tomohiko TAKENAKA,18 MAY 1985,JPN,4f2,,Amagasaki (JPN),22 MAY 2015,1010
956,29:21.44,Kohei MUKAI,30 JAN 1996,JPN,4f12,,Kanagawa (JPN),21 NOV 2015,1010
957,29:21.49,Andrew KOWALSKY,03 MAR 1992,CAN,1,,"Princeton, NJ (USA)",15 MAY 2015,1010
957,29:21.49,Yasuhito IKEDA,08 MAY 1983,JPN,20f5,,Hachioji (JPN),28 NOV 2015,1010
959,29:21.68,Kazuma KITAMURA,13 APR 1994,JPN,5f12,,Kanagawa (JPN),21 NOV 2015,1009
960,29:21.78,Noriyasu IKEDA,28 MAY 1992,JPN,1f3,,Abashiri (JPN),16 JUL 2015,1009
960,29:21.78,Yuya ITO,09 JAN 1992,JPN,2f2,,Tajimi (JPN),12 OCT 2015,1009
960,29:21.78,Yuya ITO,09 JAN 1992,JPN,2f1,,Gifu (JPN),17 OCT 2015,1009
963,29:21.97,Ken YOKOTE,27 APR 1993,JPN,1f9,,Kanagawa (JPN),21 NOV 2015,1009
964,29:21.99,Marc SCOTT,21 DEC 1993,GBR,6,,Tallinn (EST),09 JUL 2015,1009
964,29:21.99,Shusei OHASHI,12 APR 1990,JPN,12f4,,Hachioji (JPN),28 NOV 2015,1009
966,29:22.05,Bohdan SEMENOVYCH,18 JUL 1986,UKR,2,,Cherkasy (UKR),25 APR 2015,1009
967,29:22.15,Morsi RAYYAN,08 AUG 1992,USA,4,,"Charlottesville, VA (USA)",18 APR 2015,1009
968,29:22.27,James NIPPERESS,21 MAY 1990,AUS,7,,Melbourne (AUS),05 DEC 2015,1009
969,29:22.29,Shun INOURA,26 JUL 1992,JPN,27f2,,Abashiri (JPN),16 JUL 2015,1009
970,29:22.36,Yohei NISHIYAMA,18 APR 1988,JPN,6f2,,Hiroshima (JPN),03 OCT 2015,1008
971,29:22.43,Tomoya MORITA,15 NOV 1996,JPN,18f8,,Yokohama (JPN),25 APR 2015,1008
972,29:22.44,Alex MWANGI,14 JUN 1990,KEN,22f1,,Gifu (JPN),25 SEP 2015,1008
972,29:22.44,Wataru TOCHIGI,08 MAY 1995,JPN,2f2,,Chiba (JPN),24 OCT 2015,1008
972,29:22.44,Wataru TOCHIGI,08 MAY 1995,JPN,2,,Inzai (JPN),24 OCT 2015,1008
975,29:22.46,Said EL OTMANI,14 OCT 1991,MAR,1,,Isernia (ITA),17 MAY 2015,1008
976,29:22.54,Kento KIKUTANI,08 MAY 1994,JPN,7f13,,Kanagawa (JPN),21 NOV 2015,1008
977,29:22.55,Yuta SHIMODA,31 MAR 1996,JPN,10f6,,Yokohama (JPN),25 APR 2015,1008
978,29:22.56,Ricardo ROSADO,21 JUL 1988,ESP,7,,Huelva (ESP),11 APR 2015,1008
979,29:22.59,Amon TERER,06 APR 1992,KEN,2f1,,"Raleigh, NC (USA)",27 MAR 2015,1008
980,29:22.62,Yohei KOYAMA,26 DEC 1992,JPN,14f5,,Saga (JPN),17 OCT 2015,1008
981,29:22.64,Shintaro MIWA,04 JAN 1992,JPN,13,,Kobe (JPN),26 APR 2015,1008
981,29:22.64,Tomofumi UDA,,JPN,20f10,,Kanagawa (JPN),21 NOV 2015,1008
983,29:22.67,Daisuke HOSOMORI,05 MAY 1994,JPN,6f12,,Kanagawa (JPN),21 NOV 2015,1008
984,29:22.71,Keita BABA,28 APR 1986,JPN,15,,Nagoya (JPN),27 JUN 2015,1008
985,29:22.75,Masahito SUMIMOTO,12 JAN 1988,JPN,12f2,,Gifu (JPN),25 SEP 2015,1008
986,29:22.81,Shunsuke NAKAMURA,05 AUG 1993,JPN,1f4,,Saitama (JPN),24 OCT 2015,1008
986,29:22.81,Shunsuke NAKAMURA,05 AUG 1993,JPN,1,,Konosu (JPN),24 OCT 2015,1008
988,29:22.87,Takamitsu HASHIMOTO,29 JUN 1989,JPN,11f3,,Hachioji (JPN),28 NOV 2015,1008
989,29:22.94,Naoto UCHIDA,28 JUN 1994,JPN,11f4,,Kanagawa (JPN),20 JUN 2015,1008
990,29:23.02,Kodai GOZAWA,26 FEB 1994,JPN,21f5,,Hachioji (JPN),28 NOV 2015,1008
991,29:23.11,Audun NORDTVEIT,08 JUN 1988,NOR,10f2,,Parliament Hill (GBR),16 MAY 2015,1007
992,29:23.12,Naohiro YAMADA,18 DEC 1984,JPN,14,,Kobe (JPN),26 APR 2015,1007
993,29:23.13,Jannik ARBOGAST,07 APR 1992,GER,2,,Ohrdruf (GER),02 MAY 2015,1007
994,29:23.18,Kenji SHIMIZU,04 MAY 1985,JPN,2f3,,Abashiri (JPN),16 JUL 2015,1007
995,29:23.21,Sam WHARTON,,USA,22f2,,"Palo Alto, CA (USA)",03 APR 2015,1007
996,29:23.22,Keisuke KUSAKA,11 MAY 1991,JPN,5f2,,Hachioji (JPN),28 NOV 2015,1007
997,29:23.34,Renxue ZHU,06 APR 1991,CHN,2f2,,Beijing (CHN),29 JUN 2015,1007
998,29:23.36,Daniel NJENGA,07 MAY 1976,KEN,3f3,,Abashiri (JPN),16 JUL 2015,1007
999,29:23.41,Alan PETERSON,04 NOV 1991,USA,7f1,,"Walnut, CA (USA)",16 APR 2015,1007
1000,29:23.44,Hayato SAITO,09 JAN 1989,JPN,28f2,,Abashiri (JPN),16 JUL 2015,1007
