Rank,Mark,Competitor,DOB,Nat,Pos,,Venue,Date,ResultScore
1,13:07.00,Lopez LOMONG,01 JAN 1985,USA,1,,"New York, NY (USA)",01 MAR 2013,1236
2,13:12.00,Chris DERRICK,17 OCT 1990,USA,2,,"New York, NY (USA)",01 MAR 2013,1217
3,13:23.68,Andrew BUMBALOUGH,14 MAR 1987,USA,3,,"New York, NY (USA)",01 MAR 2013,1174
4,13:25.38,Kennedy KITHUKA,04 JUN 1989,KEN,1,,"Fayetteville, AR (USA)",08 MAR 2013,1167
5,13:26.65,Kennedy KITHUKA,04 JUN 1989,KEN,1,,"Fayetteville, AR (USA)",08 FEB 2013,1163
6,13:30.24,Diego ESTRADA,19 DEC 1989,MEX,2,,"Fayetteville, AR (USA)",08 MAR 2013,1150
7,13:33.22,Elliott HEATH,04 FEB 1989,USA,4,,"New York, NY (USA)",01 MAR 2013,1139
8,13:33.37,Evan JAGER,08 MAR 1989,USA,5,,"New York, NY (USA)",01 MAR 2013,1138
9,13:35.46,Matt TEGENKAMP,19 JAN 1982,USA,6,,"New York, NY (USA)",01 MAR 2013,1131
10,13:40.28,Girma MECHESO,16 JAN 1988,ETH,3,,"Fayetteville, AR (USA)",08 MAR 2013,1113
11,13:41.25,Maverick DARLING,09 JUN 1989,USA,4,,"Fayetteville, AR (USA)",08 MAR 2013,1110
12,13:41.84,Mohammed AHMED,05 JAN 1991,CAN,5,,"Fayetteville, AR (USA)",08 MAR 2013,1108
13,13:43.52,Ryan HILL,31 JAN 1990,USA,1,,"Bloomington, IN (USA)",07 DEC 2012,1102
13,13:43.52,Anthony ROTICH,20 OCT 1990,USA,6,,"Fayetteville, AR (USA)",08 MAR 2013,1102
15,13:45.61,Girma MECHESO,16 JAN 1988,ETH,7,,"New York, NY (USA)",01 MAR 2013,1094
16,13:45.87,Stanley Kipkoech KEBENEI,06 NOV 1989,KEN,7,,"Fayetteville, AR (USA)",08 MAR 2013,1093
17,13:46.44,Luke CALDWELL,02 AUG 1991,GBR,8,,"Fayetteville, AR (USA)",08 MAR 2013,1091
18,13:48.27,Rinas AKHMADEYEV,25 MAY 1989,RUS,1f2,,Moskva (RUS),14 FEB 2013,1085
19,13:48.35,Yevgeniy RYBAKOV,27 FEB 1985,RUS,2f2,,Moskva (RUS),14 FEB 2013,1084
20,13:50.89,Vyacheslav SHALAMOV,08 JUL 1989,RUS,3f2,,Moskva (RUS),14 FEB 2013,1075
21,13:51.79,Zack MAYHEW,27 NOV 1989,USA,2,,"Bloomington, IN (USA)",07 DEC 2012,1072
22,13:52.85,Ryan DOHNER,23 AUG 1991,USA,3,,"Bloomington, IN (USA)",07 DEC 2012,1069
23,13:53.59,Yuriy CHECHUN,05 JUL 1986,RUS,4f2,,Moskva (RUS),14 FEB 2013,1066
24,13:54.04,Jared WARD,09 SEP 1988,USA,9,,"Fayetteville, AR (USA)",08 MAR 2013,1064
25,13:54.33,Henry LELEI,31 DEC 1988,KEN,1f1,,"Fayetteville, AR (USA)",24 FEB 2013,1063
26,13:54.41,Dan LOWRY,30 OCT 1989,USA,10,,"Fayetteville, AR (USA)",08 MAR 2013,1063
27,13:55.00,Shadrack KIPCHIRCHIR,22 FEB 1989,KEN,11,,"Fayetteville, AR (USA)",08 MAR 2013,1061
28,13:55.31,Elliott KRAUSE,12 JUN 1990,USA,12,,"Fayetteville, AR (USA)",08 MAR 2013,1060
29,13:59.23,Joe STILIN,05 DEC 1989,USA,4,,"Bloomington, IN (USA)",07 DEC 2012,1046
30,13:59.71,Anatoliy RYBAKOV,27 FEB 1985,RUS,5f2,,Moskva (RUS),14 FEB 2013,1045
31,14:00.56,Stepan KISELYOV,03 NOV 1986,RUS,6f2,,Moskva (RUS),14 FEB 2013,1042
32,14:01.45,Sergey NECHPAY,03 JUN 1982,RUS,7f2,,Moskva (RUS),14 FEB 2013,1038
33,14:01.58,Lane WERLEY,28 APR 1993,USA,5,,"Bloomington, IN (USA)",07 DEC 2012,1038
34,14:01.65,Thomas CURTIN,08 AUG 1993,USA,1f2,,"Blacksburg, VA (USA)",22 FEB 2013,1038
35,14:02.13,Andrew COLLEY,01 APR 1991,USA,6,,"Bloomington, IN (USA)",07 DEC 2012,1036
36,14:02.26,Andrey MINZHULIN,06 SEP 1987,RUS,8f2,,Moskva (RUS),14 FEB 2013,1036
36,14:02.26,Michael FOUT,07 MAY 1990,USA,1f1,,"Blacksburg, VA (USA)",22 FEB 2013,1036
38,14:02.30,Andrey STRIZHAKOV,24 DEC 1992,RUS,9f2,,Moskva (RUS),14 FEB 2013,1036
39,14:02.63,Mike MOVERMAN,23 NOV 1990,USA,2f2,,"Blacksburg, VA (USA)",22 FEB 2013,1034
40,14:03.21,Andrey KARPIN,04 JAN 1982,RUS,10f2,,Moskva (RUS),14 FEB 2013,1032
41,14:03.55,Michael BIWOTT,,USA,1,,"Boston, MA (USA)",01 DEC 2012,1031
42,14:03.60,Stanley Kipkoech KEBENEI,06 NOV 1989,KEN,1f2,,"Fayetteville, AR (USA)",24 FEB 2013,1031
43,14:03.99,Patrick SCHELLBERG,20 FEB 1992,USA,3f2,,"Blacksburg, VA (USA)",22 FEB 2013,1030
44,14:04.45,Yevgeniy BUSHKOV,09 SEP 1986,RUS,11f2,,Moskva (RUS),14 FEB 2013,1028
45,14:04.56,Eric JENKINS,24 NOV 1991,USA,2,,"Boston, MA (USA)",01 DEC 2012,1028
46,14:04.92,Jeff VEIGA,,USA,3,,"Boston, MA (USA)",01 DEC 2012,1026
47,14:05.95,Radford GUNZENHAUSER,,USA,1,,"Boston, MA (USA)",02 MAR 2013,1023
48,14:06.67,Josh IZEWSKI,29 APR 1990,USA,2f2,,"Fayetteville, AR (USA)",24 FEB 2013,1020
49,14:06.91,Andrew KOWALSKY,03 MAR 1992,CAN,2,,"Boston, MA (USA)",02 MAR 2013,1020
50,14:08.42,Jeramy ELKAIM,,USA,13,,"Fayetteville, AR (USA)",08 MAR 2013,1014
51,14:08.74,Jeffrey METTLER,24 OCT 1991,USA,1,,"Lincoln, NE (USA)",01 FEB 2013,1013
52,14:08.75,Solomon HAILE,23 JAN 1990,USA,2f1,,"Fayetteville, AR (USA)",24 FEB 2013,1013
53,14:09.86,Mike MURPHY,,USA,1,,"New York, NY (USA)",08 FEB 2013,1009
54,14:10.33,Joshua MACDONALD,20 MAR 1992,USA,3,,"Boston, MA (USA)",02 MAR 2013,1008
55,14:10.73,Brian ATKINSON,19 MAR 1992,USA,1,,"Blacksburg, VA (USA)",19 JAN 2013,1006
56,14:10.88,Glarius ROP,28 MAR 1984,KEN,4,,"Boston, MA (USA)",01 DEC 2012,1006
57,14:10.96,Brendan O'NEILL,01 NOV 1988,IRL,2f1,,"Blacksburg, VA (USA)",22 FEB 2013,1006
57,14:10.96,Bobby APRILL,21 NOV 1990,USA,14,,"Fayetteville, AR (USA)",08 MAR 2013,1006
59,14:12.08,Mark PARRISH,02 DEC 1991,USA,3f2,,"Fayetteville, AR (USA)",24 FEB 2013,1002
60,14:12.29,Brett KELLY,,USA,4,,"Boston, MA (USA)",02 MAR 2013,1001
61,14:12.55,Tylor THATCHER,,USA,15,,"Fayetteville, AR (USA)",08 MAR 2013,1000
62,14:12.82,Micah CHELIMO,,KEN,1,,"Birmingham, AL (USA)",08 MAR 2013,999
63,14:13.46,Gabriel PROCTOR,29 APR 1990,USA,2,,"Birmingham, AL (USA)",08 MAR 2013,997
64,14:13.47,Kevin MCDONNELL,30 OCT 1989,USA,5,,"Boston, MA (USA)",02 MAR 2013,997
65,14:13.62,Trevor VIDLAK,10 JUN 1991,USA,2,,"Lincoln, NE (USA)",01 FEB 2013,997
66,14:13.71,Aleksey POLTANOV,11 OCT 1989,RUS,1f1,,Moskva (RUS),14 FEB 2013,996
67,14:13.77,Paul KATAM,20 APR 1990,KEN,1f2,,"Winston Salem, NC (USA)",24 FEB 2013,996
68,14:13.84,JR RICKER,26 MAY 1991,USA,1,,"Bloomington, IN (USA)",26 JAN 2013,996
69,14:14.00,Ty MCCORMACK,17 SEP 1992,USA,1,,"New York, NY (USA)",01 FEB 2013,995
70,14:14.20,Max STORMS,01 OCT 1990,USA,3f1,,"Fayetteville, AR (USA)",24 FEB 2013,995
70,14:14.20,Christopher GALVIN,,USA,6,,"Boston, MA (USA)",02 MAR 2013,995
72,14:14.72,Matt CLEAVER,07 NOV 1989,USA,4f1,,"Fayetteville, AR (USA)",24 FEB 2013,993
73,14:15.05,Benjamin ASHKETTLE,09 SEP 1988,AUS,1f1,,"Boston, MA (USA)",26 JAN 2013,992
74,14:15.22,Andrew PALMER,07 JUL 1992,USA,1,,"University Park, PA (USA)",25 JAN 2013,991
75,14:15.49,Jimmy CLARK,21 NOV 1992,USA,4f2,,"Fayetteville, AR (USA)",24 FEB 2013,990
76,14:16.12,David SANCHEZ,01 FEB 1990,USA,3,,"Birmingham, AL (USA)",08 MAR 2013,988
77,14:16.27,Tristan MANNIX,1985,USA,2,,"Bloomington, IN (USA)",26 JAN 2013,988
78,14:16.35,Griffin JAWORSKI,17 FEB 1993,USA,5f2,,"Fayetteville, AR (USA)",24 FEB 2013,987
79,14:16.67,Igor MAKSIMOV,26 APR 1992,RUS,2f1,,Moskva (RUS),14 FEB 2013,986
80,14:17.05,Mark ALLEN,29 SEP 1990,USA,2,,"New York, NY (USA)",01 FEB 2013,985
81,14:17.20,Matt SONNENFELDT,,USA,4f2,,"Blacksburg, VA (USA)",22 FEB 2013,985
82,14:17.41,Michael JORDAN,21 MAY 1991,USA,4,,"Birmingham, AL (USA)",08 MAR 2013,984
83,14:17.43,Anthony ROTICH,20 OCT 1990,USA,1,,"Birmingham, AL (USA)",23 FEB 2013,984
84,14:17.59,Sergey PETROV,05 JUN 1990,RUS,3f1,,Moskva (RUS),14 FEB 2013,983
85,14:17.84,Edwin KIBICHIY,02 APR 1992,KEN,3,,"Bloomington, IN (USA)",26 JAN 2013,982
86,14:18.06,Peter OKWERA,1992,UGA,6f2,,"Fayetteville, AR (USA)",24 FEB 2013,982
87,14:18.11,Austin WHITELAW,,USA,3,,"New York, NY (USA)",01 FEB 2013,981
88,14:18.21,Andrey SERGEYEV,01 MAY 1987,RUS,12f2,,Moskva (RUS),14 FEB 2013,981
89,14:18.37,Michael BIWOTT,,USA,5,,"Birmingham, AL (USA)",08 MAR 2013,981
90,14:18.48,JL HINES,1993,USA,7f2,,"Fayetteville, AR (USA)",24 FEB 2013,980
91,14:18.59,Glarius ROP,28 MAR 1984,KEN,6,,"Birmingham, AL (USA)",08 MAR 2013,980
92,14:18.64,Michael FRANKIN,,USA,1,,"Cambridge, MA (USA)",24 FEB 2013,980
93,14:18.72,Chris BENDTSEN,29 FEB 1992,USA,2,,"Cambridge, MA (USA)",24 FEB 2013,979
94,14:19.04,Ivan KONYAYEV,09 JAN 1987,RUS,13f2,,Moskva (RUS),14 FEB 2013,978
95,14:19.48,Mike MURPHY,,USA,3,,"Cambridge, MA (USA)",24 FEB 2013,977
96,14:19.69,Kevin MCDONNELL,30 OCT 1989,USA,4,,"New York, NY (USA)",01 FEB 2013,976
97,14:20.14,Jake SIENKO,06 MAY 1992,USA,2,,"New York, NY (USA)",08 FEB 2013,975
98,14:20.18,Griffin JAWORSKI,17 FEB 1993,USA,3,,"Lincoln, NE (USA)",01 FEB 2013,974
99,14:20.60,Aaron DINZEO,17 DEC 1991,USA,7,,"Birmingham, AL (USA)",08 MAR 2013,973
100,14:20.82,Andrew MCLAIN,26 JAN 1992,USA,8,,"Birmingham, AL (USA)",08 MAR 2013,972
101,14:20.92,Paul ROSS,,USA,5,,"New York, NY (USA)",01 FEB 2013,972
102,14:21.09,John MURRAY,09 JUL 1992,USA,2,,"University Park, PA (USA)",25 JAN 2013,971
103,14:21.36,Brogan AUSTIN,05 OCT 1991,USA,1,,"Cedar Falls, IA (USA)",24 FEB 2013,970
104,14:21.63,Leighton SPENCER,01 OCT 1991,JAM,3,,"New York, NY (USA)",08 FEB 2013,970
105,14:21.69,James LEAKOS,13 MAY 1992,USA,4,,"Cambridge, MA (USA)",24 FEB 2013,969
106,14:21.79,Mark LEINENGER,25 FEB 1991,USA,6,,"New York, NY (USA)",01 FEB 2013,969
106,14:21.79,Chris MOEN,,USA,1,,"Lynchburg, VA (USA)",08 FEB 2013,969
108,14:22.13,Jonathan VITEZ,,USA,5,,"Cambridge, MA (USA)",24 FEB 2013,968
109,14:22.87,Alfredo SANTANA,08 APR 1991,USA,3,,"University Park, PA (USA)",25 JAN 2013,965
109,14:22.87,Thomas PORTER,,USA,3f1,,"Blacksburg, VA (USA)",22 FEB 2013,965
111,14:22.91,Andrey RUSAKOV,21 JUL 1992,RUS,4f1,,Moskva (RUS),14 FEB 2013,965
112,14:23.07,Chris BODARY,07 MAR 1990,USA,5f1,,"Fayetteville, AR (USA)",24 FEB 2013,965
113,14:23.14,William GRIFFIN,23 DEC 1989,USA,7,,"Boston, MA (USA)",02 MAR 2013,965
114,14:23.30,Bobby PEAVEY,13 MAR 1991,USA,1,,"Annapolis, MD (USA)",01 DEC 2012,964
115,14:23.36,Chris STADLER,,USA,1f1,,"Haverford, PA (USA)",02 FEB 2013,964
116,14:23.55,Michael JORDAN,21 MAY 1991,USA,4,,"Bloomington, IN (USA)",26 JAN 2013,963
117,14:23.64,Paulo PINHEIRO,09 JUL 1989,POR,2,,"Birmingham, AL (USA)",23 FEB 2013,963
118,14:23.74,Demetrios PAGONIS,,USA,2,,"Blacksburg, VA (USA)",19 JAN 2013,963
119,14:23.87,Eddie GARCIA,,USA,8f2,,"Fayetteville, AR (USA)",24 FEB 2013,962
120,14:24.20,Alex MCGRATH,14 SEP 1990,USA,2,,"Annapolis, MD (USA)",01 DEC 2012,961
121,14:24.22,John CRAIN,30 DEC 1985,USA,1,,"Whitewater, WI (USA)",01 FEB 2013,961
122,14:24.44,Alfredo SANTANA,08 APR 1991,USA,1f2,,"Kingston, RI (USA)",16 FEB 2013,960
122,14:24.44,Aaron EASKER,,USA,1,,"Stevens Point, WI (USA)",22 FEB 2013,960
124,14:24.45,Bryan MARSH,,USA,1,,"Boston, MA (USA)",02 MAR 2013,960
125,14:24.80,Eric JENKINS,24 NOV 1991,USA,1f2,,"Boston, MA (USA)",22 FEB 2013,959
126,14:24.98,Dan LENNON,25 JUL 1994,USA,8,,"Boston, MA (USA)",02 MAR 2013,958
127,14:24.99,David STILIN,23 JUN 1991,USA,2,,"Stevens Point, WI (USA)",22 FEB 2013,958
128,14:25.56,Tom ANDERSON,12 JAN 1990,GBR,2f2,,"Kingston, RI (USA)",16 FEB 2013,956
129,14:25.65,Andrew MCLAIN,26 JAN 1992,USA,1,,"Indianapolis, IN (USA)",22 FEB 2013,956
130,14:25.70,Marc SCOTT,21 DEC 1993,GBR,3,,"Birmingham, AL (USA)",23 FEB 2013,956
131,14:25.75,Evan ESSELINK,28 FEB 1992,CAN,5,,"Bloomington, IN (USA)",26 JAN 2013,956
132,14:25.81,Jon GAULT,03 FEB 1991,USA,2f1,,"Boston, MA (USA)",26 JAN 2013,956
133,14:26.26,Reed KAMYSZEK,21 APR 1992,USA,4,,"University Park, PA (USA)",25 JAN 2013,954
134,14:26.28,Tim RACKERS,07 MAR 1993,USA,4,,"Birmingham, AL (USA)",23 FEB 2013,954
135,14:26.35,Roman POZDYAYKIN,22 DEC 1989,RUS,14f2,,Moskva (RUS),14 FEB 2013,954
136,14:26.58,Ben SATHRE,23 APR 1990,USA,1,,St. Paul (USA),08 FEB 2013,953
137,14:26.63,Kevin JOHNSON,,USA,6,,"Cambridge, MA (USA)",24 FEB 2013,953
138,14:26.69,Dan QUIGLEY,14 JAN 1989,USA,2,,"Fayetteville, AR (USA)",08 FEB 2013,953
139,14:27.20,Josh HARDIN,12 MAY 1991,USA,9,,"Boston, MA (USA)",02 MAR 2013,951
140,14:27.36,Leighton SPENCER,01 OCT 1991,JAM,7,,"Cambridge, MA (USA)",24 FEB 2013,950
141,14:27.42,Christopher JOHNSON,,USA,7,,"New York, NY (USA)",01 FEB 2013,950
142,14:27.62,Joshua MACDONALD,20 MAR 1992,USA,1,,"Winston Salem, NC (USA)",22 FEB 2013,950
143,14:27.73,Dylan O'SULLIVAN,14 MAY 1992,CAN,3f1,,"Boston, MA (USA)",26 JAN 2013,949
144,14:27.74,Chris STADLER,,USA,1,,"Naperville, IL (USA)",09 MAR 2013,949
145,14:28.16,Samuel SEEKINS,,USA,2f2,,"Boston, MA (USA)",22 FEB 2013,948
146,14:28.33,Glarius ROP,28 MAR 1984,KEN,1,,"Boston, MA (USA)",16 FEB 2013,947
147,14:28.37,Liam HILLERY,,USA,3f2,,"Boston, MA (USA)",22 FEB 2013,947
148,14:28.46,Jeff SCHIRMER,08 NOV 1986,USA,1,,"Bloomington, IN (USA)",18 JAN 2013,947
149,14:28.49,Christopher JOHNSON,,USA,1,,"West Point, NY (USA)",16 FEB 2013,947
150,14:28.53,Dennis HODAPP,24 MAR 1992,USA,5,,"Birmingham, AL (USA)",23 FEB 2013,947
151,14:28.54,Andrew BRODEUR,23 APR 1990,USA,3,,"Blacksburg, VA (USA)",19 JAN 2013,947
152,14:28.61,Michael LEDUC,,USA,1,,"Boston, MA (USA)",11 FEB 2013,946
153,14:28.63,Jordan VALLE,,USA,3,,"Fayetteville, AR (USA)",08 FEB 2013,946
154,14:28.79,Peter KISSIN,,USA,2f1,,"Haverford, PA (USA)",02 FEB 2013,946
155,14:28.89,Johnnie GUY,,USA,2,,"Indianapolis, IN (USA)",22 FEB 2013,945
156,14:28.92,John CRAIN,27 MAY 1992,USA,2,,"Naperville, IL (USA)",09 MAR 2013,945
157,14:28.94,Johnnie GUY,,USA,9,,"Birmingham, AL (USA)",08 MAR 2013,945
158,14:29.08,Gabe CUADRA,05 NOV 1989,USA,6,,"Birmingham, AL (USA)",23 FEB 2013,945
159,14:29.18,Kevin LUNN,,USA,1,,"New Haven, CT (USA)",01 FEB 2013,944
160,14:29.20,Caleb EDMONDS,,USA,4,,"Blacksburg, VA (USA)",19 JAN 2013,944
161,14:29.21,Andrew KOWALSKY,03 MAR 1992,CAN,1,,"New York, NY (USA)",15 FEB 2013,944
162,14:29.28,Jeremie BOURGET,1993,CAN,10,,"Boston, MA (USA)",02 MAR 2013,944
163,14:29.43,William GRIFFIN,23 DEC 1989,USA,4f1,,"Boston, MA (USA)",26 JAN 2013,944
164,14:29.58,Matthew MCCLINTOCK,06 JAN 1994,USA,6,,"Bloomington, IN (USA)",26 JAN 2013,943
165,14:29.63,Demetrios PAGONIS,,USA,2f2,,"Winston Salem, NC (USA)",24 FEB 2013,943
166,14:29.64,Samuel MUELLER,,USA,4,,"Lincoln, NE (USA)",01 FEB 2013,943
167,14:29.79,Jordan SCHILIT,,USA,3f1,,"Haverford, PA (USA)",02 FEB 2013,942
168,14:29.82,Arquimed DELACRUZ,,USA,11,,"Boston, MA (USA)",02 MAR 2013,942
169,14:29.90,Aleksey NOVIKOV,1995,RUS,,,Kazan (RUS),21 DEC 2012,942
170,14:29.94,Robert YAMNICKY,,USA,12,,"Boston, MA (USA)",02 MAR 2013,942
171,14:30.30,Luke CALDWELL,02 AUG 1991,GBR,1,,"Nampa, ID (USA)",22 FEB 2013,941
172,14:30.69,Artyom APLACHKIN,16 JUL 1991,RUS,5f1,,Moskva (RUS),14 FEB 2013,939
173,14:30.90,Christopher GALVIN,,USA,3,,"Annapolis, MD (USA)",01 DEC 2012,939
174,14:31.04,Ian LAMERE,,USA,3,,"Stevens Point, WI (USA)",22 FEB 2013,938
175,14:31.31,Jack DAVIES,,USA,5f1,,"Boston, MA (USA)",26 JAN 2013,937
176,14:31.44,Austin DUCKWORTH,,USA,6f1,,"Fayetteville, AR (USA)",24 FEB 2013,937
177,14:31.48,Tyler BYRNE,12 NOV 1991,USA,7,,"Bloomington, IN (USA)",26 JAN 2013,937
178,14:31.50,David CHORNEY,04 AUG 1987,USA,5,,"Boston, MA (USA)",01 DEC 2012,937
179,14:31.64,Phil SCHNEIDER,,USA,10,,"Birmingham, AL (USA)",08 MAR 2013,936
180,14:31.68,Ty MCCORMACK,17 SEP 1992,USA,5f2,,"Blacksburg, VA (USA)",22 FEB 2013,936
181,14:31.80,Michael LEDUC,,USA,3,,"Naperville, IL (USA)",09 MAR 2013,936
182,14:31.92,Patrick JENKINS,,USA,4,,"Stevens Point, WI (USA)",22 FEB 2013,935
183,14:31.98,Brett KELLY,,USA,6f1,,"Boston, MA (USA)",26 JAN 2013,935
184,14:32.09,Bobby OVER,01 OCT 1990,USA,4,,"Naperville, IL (USA)",09 MAR 2013,935
185,14:32.11,Ian LAMERE,,USA,5,,"Naperville, IL (USA)",09 MAR 2013,935
186,14:32.14,Ryan KELLEY,,USA,13,,"Boston, MA (USA)",02 MAR 2013,935
187,14:32.41,Steve IGLEHART,,USA,8,,"New York, NY (USA)",01 FEB 2013,934
188,14:32.48,Darrel GOODING,20 JAN 1994,USA,14,,"Boston, MA (USA)",02 MAR 2013,934
189,14:32.56,Alex MONROE,30 MAR 1992,USA,1,,"Ithaca, NY (USA)",16 FEB 2013,933
190,14:32.65,Mark ALLEN,29 SEP 1990,USA,2,,"West Point, NY (USA)",16 FEB 2013,933
191,14:32.69,Niklas BÜHNER,1989,GER,7f1,,"Fayetteville, AR (USA)",24 FEB 2013,933
192,14:32.71,Thomas OHLMAN,15 MAY 1992,USA,9,,"New York, NY (USA)",01 FEB 2013,933
193,14:32.74,Brian KING,,USA,5,,"University Park, PA (USA)",25 JAN 2013,933
194,14:32.75,Aaron EASKER,,USA,2,,St. Paul (USA),08 FEB 2013,933
195,14:32.90,Radford GUNZENHAUSER,,USA,4,,"New York, NY (USA)",08 FEB 2013,932
196,14:32.91,Aaron EASKER,,USA,6,,"Naperville, IL (USA)",09 MAR 2013,932
197,14:32.92,Will GEIKEN,01 MAY 1993,USA,15,,"Boston, MA (USA)",02 MAR 2013,932
198,14:32.93,Tyler UDLAND,18 MAR 1992,USA,8,,"Cambridge, MA (USA)",24 FEB 2013,932
199,14:33.00,E Kelton CULLENBERG,,USA,16,,"Boston, MA (USA)",02 MAR 2013,932
200,14:33.01,James PANETTA,,USA,7f1,,"Boston, MA (USA)",26 JAN 2013,932
201,14:33.08,Andrey KARPIN,04 JAN 1982,RUS,1,,St. Petersburg (RUS),24 JAN 2013,932
202,14:33.16,Thomas TRAINER,,USA,1,,"New York, NY (USA)",18 JAN 2013,931
203,14:33.17,John MASCARI,30 MAR 1992,USA,2,,"Cedar Falls, IA (USA)",24 FEB 2013,931
204,14:33.36,Kevin DOONEY,07 JUL 1993,IRL,9,,"Cambridge, MA (USA)",24 FEB 2013,931
205,14:33.39,Matt BELL,,USA,2,,"Nampa, ID (USA)",22 FEB 2013,931
206,14:33.63,Kyle MARKS,,USA,8f1,,"Boston, MA (USA)",26 JAN 2013,930
207,14:33.68,Kevin MCDONNELL,30 OCT 1989,USA,3f2,,"Kingston, RI (USA)",16 FEB 2013,930
208,14:33.69,Trent LUSIGNAN,,USA,1,,"Vermillion, SD (USA)",25 FEB 2013,930
209,14:33.79,Kevin WILLIAMS,14 APR 1990,USA,16,,"Fayetteville, AR (USA)",08 MAR 2013,929
210,14:33.83,Terefe EJIGU,14 OCT 1988,NZL,1,,"Ypsilanti, MI (USA)",22 FEB 2013,929
211,14:33.86,Phil ROYER,18 DEC 1990,USA,10,,"Cambridge, MA (USA)",24 FEB 2013,929
212,14:33.92,Matthew SCHWARTZER,13 NOV 1993,USA,8,,"Bloomington, IN (USA)",26 JAN 2013,929
212,14:33.92,William JONES,,USA,1,,"Columbus, OH (USA)",16 FEB 2013,929
214,14:33.99,Billy WHITMORE,,USA,2,,"Whitewater, WI (USA)",01 FEB 2013,929
215,14:34.12,Alex MONROE,30 MAR 1992,USA,11,,"Birmingham, AL (USA)",08 MAR 2013,928
216,14:34.41,Liam HILLERY,,USA,9f1,,"Boston, MA (USA)",26 JAN 2013,927
217,14:34.42,Mattias WOLTER,27 MAR 1991,CAN,1,,"Bloomington, IN (USA)",26 JAN 2013,927
218,14:34.45,Johnnie GUY,,USA,1f1,,"Indianapolis, IN (USA)",02 FEB 2013,927
218,14:34.45,Andrew MCLAIN,26 JAN 1992,USA,2f1,,"Indianapolis, IN (USA)",02 FEB 2013,927
220,14:34.53,Isaiah BRAGG,,USA,3,,"Nampa, ID (USA)",22 FEB 2013,927
221,14:34.74,Jeremy DRENCKHAHN,,USA,4,,"Nampa, ID (USA)",22 FEB 2013,926
222,14:34.90,Matt KANE,09 APR 1990,USA,2,,"New York, NY (USA)",18 JAN 2013,926
223,14:34.96,Brian WELCH,04 JUN 1990,USA,6f2,,"Blacksburg, VA (USA)",22 FEB 2013,925
224,14:35.18,Kieran CLEMENTS,20 NOV 1993,GBR,2,,"New York, NY (USA)",15 FEB 2013,925
225,14:35.32,Andrew EPPERSON,24 NOV 1990,USA,12,,"Birmingham, AL (USA)",08 MAR 2013,924
226,14:35.39,Ernest Kipruto KIBET,15 FEB 1984,KEN,9,,"Bloomington, IN (USA)",26 JAN 2013,924
227,14:35.46,Michael HELLER,25 FEB 1990,USA,2,,"Ypsilanti, MI (USA)",22 FEB 2013,924
228,14:35.59,Brenden LEAVITT,,USA,1,,"New York, NY (USA)",02 FEB 2013,923
229,14:35.64,Caleb EDMONDS,,USA,1,,"Lynchburg, VA (USA)",01 DEC 2012,923
230,14:35.68,Benji XIE,,USA,4f2,,"Boston, MA (USA)",22 FEB 2013,923
231,14:35.81,Patrick ZACHARIAS,17 JUL 1990,USA,5,,"Nampa, ID (USA)",22 FEB 2013,923
232,14:35.91,Bryan MARSH,,USA,2,,"Boston, MA (USA)",11 FEB 2013,922
233,14:35.93,Mark LEINENGER,25 FEB 1991,USA,3,,"West Point, NY (USA)",16 FEB 2013,922
234,14:35.96,Albaro ESCALERA,15 AUG 1991,USA,10,,"Bloomington, IN (USA)",26 JAN 2013,922
235,14:36.04,Joseph CHEBET,25 AUG 1991,UGA,1f2,,"Jonesboro, AR (USA)",24 FEB 2013,922
236,14:36.07,Tully HANNAN,,USA,10f1,,"Boston, MA (USA)",26 JAN 2013,922
236,14:36.07,Boris ZAKHAROV,31 MAR 1984,RUS,15f2,,Moskva (RUS),14 FEB 2013,922
238,14:36.10,Josh HARDIN,12 MAY 1991,USA,4,,"Annapolis, MD (USA)",01 DEC 2012,922
239,14:36.11,John SWEENEY,,USA,17,,"Boston, MA (USA)",02 MAR 2013,922
240,14:36.13,David STILIN,23 JUN 1991,USA,3,,"Whitewater, WI (USA)",01 FEB 2013,922
241,14:36.35,Dan LENNON,25 JUL 1994,USA,6,,"University Park, PA (USA)",25 JAN 2013,921
242,14:36.39,Billy WHITMORE,,USA,7,,"Naperville, IL (USA)",09 MAR 2013,921
243,14:36.43,Christopher GALVIN,,USA,4,,"West Point, NY (USA)",16 FEB 2013,921
244,14:36.72,Sean STAM,,USA,6,,"Nampa, ID (USA)",22 FEB 2013,920
245,14:36.77,Neal ANDERSON,27 MAY 1990,USA,3,,"Cedar Falls, IA (USA)",24 FEB 2013,919
246,14:36.90,Sergey PETROV,05 JUN 1990,RUS,1,,Kazan (RUS),21 DEC 2012,919
247,14:37.08,Phil RIZZO,,USA,2,,"Bloomington, IN (USA)",26 JAN 2013,918
248,14:37.12,Anthony DENTINO,29 MAR 1993,USA,11f1,,"Boston, MA (USA)",26 JAN 2013,918
249,14:37.19,Michael BLASZCZYK,,USA,3,,"Bloomington, IN (USA)",26 JAN 2013,918
250,14:37.38,Patrick CRAWFORD,,USA,2,,"Winston Salem, NC (USA)",22 FEB 2013,917
251,14:37.54,Travis FITZKE,22 MAR 1990,USA,2,,"Vermillion, SD (USA)",25 FEB 2013,917
251,14:37.54,Francis EANES,,USA,1,,"Stevens Point, WI (USA)",02 MAR 2013,917
253,14:37.57,Sergey POPOV,07 APR 1989,RUS,6f1,,Moskva (RUS),14 FEB 2013,917
254,14:37.71,Demetri GOUTOS,,USA,2,,"New Haven, CT (USA)",01 FEB 2013,916
255,14:37.72,Tyler JONES,,USA,7,,"University Park, PA (USA)",25 JAN 2013,916
256,14:37.75,Shaun THOMPSON,14 JUN 1993,USA,7f2,,"Blacksburg, VA (USA)",22 FEB 2013,916
257,14:37.76,Dan KERR,,USA,1,,"Angola, IN (USA)",23 FEB 2013,916
258,14:37.82,Ryan RUTHERFORD,02 JUL 1992,USA,4,,"Cedar Falls, IA (USA)",24 FEB 2013,916
259,14:37.97,Jeff VEIGA,,USA,5f2,,"Boston, MA (USA)",22 FEB 2013,916
260,14:38.01,Ben LARSON,,USA,7,,"Nampa, ID (USA)",22 FEB 2013,915
261,14:38.16,Stephen DERLATH,,USA,2,,"New York, NY (USA)",02 FEB 2013,915
262,14:38.18,Christopher FOLEY,20 OCT 1991,USA,4f1,,"Blacksburg, VA (USA)",22 FEB 2013,915
263,14:38.21,Maksim KARAMASHEV,01 MAY 1987,RUS,7f1,,Moskva (RUS),14 FEB 2013,915
264,14:38.25,Kirill TRISHKANOV,21 JAN 1993,RUS,8f1,,Moskva (RUS),14 FEB 2013,915
265,14:38.42,Brenden LEAVITT,,USA,1,,"Newport News, VA (USA)",20 JAN 2013,914
266,14:38.45,Edward OWENS,11 AUG 1993,USA,1,,"Annapolis, MD (USA)",26 JAN 2013,914
267,14:38.67,Patrick JENKINS,,USA,8,,"Naperville, IL (USA)",09 MAR 2013,913
268,14:38.77,Alex MAVROVIC,1991,CAN,3,,"New York, NY (USA)",02 FEB 2013,913
268,14:38.77,John PICKHAVER,,USA,3,,"New York, NY (USA)",02 FEB 2013,913
270,14:38.80,Andrew COELHO,15 NOV 1991,USA,5,,"New York, NY (USA)",08 FEB 2013,913
270,14:38.80,Brett KELLY,,USA,11,,"Cambridge, MA (USA)",24 FEB 2013,913
272,14:38.94,Kyle COCHRUN,,USA,3,,"Ypsilanti, MI (USA)",22 FEB 2013,912
273,14:39.10,Hayden LEGG,29 OCT 1990,USA,9f2,,"Fayetteville, AR (USA)",24 FEB 2013,912
274,14:39.21,Tanner FRUIT,,USA,13,,"Birmingham, AL (USA)",08 MAR 2013,912
275,14:39.22,Warren WITCHELL,03 SEP 1991,USA,4,,"Ypsilanti, MI (USA)",22 FEB 2013,911
276,14:39.36,Eric DUBOIS,,USA,4f1,,"Haverford, PA (USA)",02 FEB 2013,911
277,14:39.50,Peter KISSIN,,USA,1f1,,"Haverford, PA (USA)",15 DEC 2012,911
278,14:39.54,Arquimed DELACRUZ,,USA,12f1,,"Boston, MA (USA)",26 JAN 2013,910
279,14:39.61,Ethan LIEVENSE,,USA,5,,"Ypsilanti, MI (USA)",22 FEB 2013,910
280,14:39.62,Jeremie BOURGET,1993,CAN,3,,"Winston Salem, NC (USA)",22 FEB 2013,910
281,14:39.94,Hank GEER,24 APR 1991,USA,5,,"New York, NY (USA)",02 FEB 2013,909
282,14:40.15,William VOLKMANN,,USA,6,,"New York, NY (USA)",02 FEB 2013,908
283,14:40.16,James MILLER,,USA,10,,"New York, NY (USA)",01 FEB 2013,908
284,14:40.28,Jeffrey METTLER,24 OCT 1991,USA,3,,"Vermillion, SD (USA)",25 FEB 2013,908
285,14:40.29,Dan KERR,,USA,1f1,,"Bourbonnais, IL (USA)",26 JAN 2013,908
286,14:40.34,John CAVALLO,,USA,7,,"Birmingham, AL (USA)",23 FEB 2013,908
287,14:40.62,James MILLER,,USA,5,,"West Point, NY (USA)",16 FEB 2013,907
288,14:40.74,Greg MORRIN,,USA,1,,"University Park, PA (USA)",25 JAN 2013,907
289,14:40.90,E Kelton CULLENBERG,,USA,13f1,,"Boston, MA (USA)",26 JAN 2013,906
290,14:40.95,Joshua MACDONALD,20 MAR 1992,USA,5,,"Blacksburg, VA (USA)",19 JAN 2013,906
291,14:40.98,Ben FRUCHT,,USA,8,,"University Park, PA (USA)",25 JAN 2013,906
292,14:41.00,Radford GUNZENHAUSER,,USA,5,,"Annapolis, MD (USA)",01 DEC 2012,906
293,14:41.01,Anthony BONGARD,,USA,4,,"Vermillion, SD (USA)",25 FEB 2013,906
294,14:41.08,James MILLER,,USA,18,,"Boston, MA (USA)",02 MAR 2013,905
295,14:41.17,Nathan MARTIN,18 DEC 1989,USA,1,,"Marion, IN (USA)",15 FEB 2013,905
296,14:41.32,Aaron BACK,,USA,8,,"Nampa, ID (USA)",22 FEB 2013,905
297,14:41.35,Andy ASHENDEN,,USA,2,,"Stevens Point, WI (USA)",02 MAR 2013,905
298,14:41.40,Derek ARMSTRONG,,USA,6,,"Annapolis, MD (USA)",01 DEC 2012,904
299,14:41.42,Ian LAMERE,,USA,4,,"Whitewater, WI (USA)",01 FEB 2013,904
300,14:41.43,Ryan MILLER,,USA,7,,"New York, NY (USA)",02 FEB 2013,904
301,14:41.72,Andrew PALMER,07 JUL 1992,USA,19,,"Boston, MA (USA)",02 MAR 2013,903
302,14:41.98,Kipchirchir N'GETICH,,KEN,20,,"Boston, MA (USA)",02 MAR 2013,903
303,14:42.10,Laban SIALO,06 JUN 1983,KEN,1,,"Warrensburg, MO (USA)",23 FEB 2013,902
304,14:42.21,Chris STADLER,,USA,2f1,,"Haverford, PA (USA)",15 DEC 2012,902
305,14:42.22,Jobadiah CHRISTIANSEN,,USA,2f1,,"Bourbonnais, IL (USA)",26 JAN 2013,902
305,14:42.22,Chris MOEN,,USA,3f2,,"Winston Salem, NC (USA)",24 FEB 2013,902
307,14:42.29,Dylan KARTEN,,USA,6,,"New York, NY (USA)",08 FEB 2013,902
308,14:42.87,Carl SMITH,,USA,11,,"Bloomington, IN (USA)",26 JAN 2013,900
309,14:42.89,Michael MARTIN,,USA,6f2,,"Boston, MA (USA)",22 FEB 2013,900
310,14:43.13,Michael MANSY,,USA,8f2,,"Blacksburg, VA (USA)",22 FEB 2013,899
311,14:43.17,Avi BREGMAN,,USA,3f1,,"Haverford, PA (USA)",15 DEC 2012,899
312,14:43.25,Paul THISTLE,,USA,2,,"University Park, PA (USA)",25 JAN 2013,898
312,14:43.25,Andrew COELHO,15 NOV 1991,USA,21,,"Boston, MA (USA)",02 MAR 2013,898
314,14:43.49,Patrick JENKINS,,USA,3,,St. Paul (USA),08 FEB 2013,898
315,14:43.59,Ryan KELLEY,,USA,2,,"Annapolis, MD (USA)",26 JAN 2013,897
316,14:43.65,Griff GRAVES,01 FEB 1990,USA,9,,"University Park, PA (USA)",25 JAN 2013,897
317,14:43.67,Daniel HARPER,,USA,1,,"Boston, MA (USA)",17 FEB 2013,897
318,14:43.77,Sean SMITH,,USA,3f1,,"Indianapolis, IN (USA)",02 FEB 2013,897
319,14:43.79,John DEWITT,30 APR 1991,USA,5,,"Stevens Point, WI (USA)",22 FEB 2013,897
320,14:43.84,Dmitriy KUTS,01 OCT 1979,RUS,9f1,,Moskva (RUS),14 FEB 2013,897
321,14:44.04,Patrick CRAWFORD,,USA,8,,"New York, NY (USA)",02 FEB 2013,896
322,14:44.05,Chris KIBLER,,USA,2,,"Boston, MA (USA)",17 FEB 2013,896
323,14:44.13,Tom LUFF,,USA,10,,"University Park, PA (USA)",25 JAN 2013,896
324,14:44.18,Will GEIKEN,01 MAY 1993,USA,14f1,,"Boston, MA (USA)",26 JAN 2013,895
325,14:44.19,Artyom ALEKSEYEV,11 MAY 1989,RUS,10f1,,Moskva (RUS),14 FEB 2013,895
326,14:44.37,Tristan SELBY,15 NOV 1991,USA,5,,"Cedar Falls, IA (USA)",24 FEB 2013,895
327,14:44.40,Barak WATSON,,USA,9,,"Nampa, ID (USA)",22 FEB 2013,895
328,14:44.46,Sean SMITH,,USA,3,,"Indianapolis, IN (USA)",22 FEB 2013,895
329,14:44.56,Tim ZELLMER,,USA,4f2,,"Kingston, RI (USA)",16 FEB 2013,894
330,14:44.58,E Kelton CULLENBERG,,USA,1,,"Boston, MA (USA)",11 FEB 2013,894
331,14:44.61,Ethan CLARY,06 MAY 1989,USA,3,,"New York, NY (USA)",18 JAN 2013,894
332,14:44.63,Jack DAVIES,,USA,2,,"Boston, MA (USA)",02 MAR 2013,894
333,14:44.66,Brian BASILI,,USA,4,,"New York, NY (USA)",18 JAN 2013,894
334,14:44.70,Elphas MAIYO,,KEN,8,,"Birmingham, AL (USA)",23 FEB 2013,894
335,14:44.79,Ethan CLARY,06 MAY 1989,USA,22,,"Boston, MA (USA)",02 MAR 2013,893
336,14:44.92,Igor VOROBYEV,07 DEC 1985,RUS,11f1,,Moskva (RUS),14 FEB 2013,893
337,14:45.00,Samuel SEEKINS,,USA,1,,"Gorham, ME (USA)",02 FEB 2013,893
338,14:45.04,Michael SCOLARICI,,USA,5f2,,"Kingston, RI (USA)",16 FEB 2013,893
339,14:45.14,Pablo RAMIREZ,,USA,1,,"Charleston, IL (USA)",22 FEB 2013,892
340,14:45.28,Mike O'DOWD,,USA,3,,"New York, NY (USA)",15 FEB 2013,892
341,14:45.49,Phil SCHNEIDER,,USA,1,,"Spearfish, SD (USA)",22 FEB 2013,891
342,14:45.55,Peter KISSIN,,USA,9,,"Naperville, IL (USA)",09 MAR 2013,891
343,14:45.58,Kyle COCHRUN,,USA,3,,"University Park, PA (USA)",25 JAN 2013,891
344,14:45.59,Harry DIXON,28 AUG 1990,NZL,6,,"Ypsilanti, MI (USA)",22 FEB 2013,891
345,14:45.83,Stephen DERLATH,,USA,6,,"Blacksburg, VA (USA)",19 JAN 2013,890
346,14:45.92,Jon GAULT,03 FEB 1991,USA,12,,"Cambridge, MA (USA)",24 FEB 2013,890
347,14:46.39,John PICKHAVER,,USA,5,,"New York, NY (USA)",18 JAN 2013,888
347,14:46.39,Josey WEAVER,,USA,4f2,,"Winston Salem, NC (USA)",24 FEB 2013,888
349,14:46.52,Kevin SPARKS,,USA,1,,"Monmouth, IL (USA)",09 FEB 2013,888
350,14:46.60,Josey WEAVER,,USA,1,,"Clemson, SC (USA)",08 FEB 2013,888
351,14:46.63,Vitaliy LAGUSHIN,19 APR 1993,RUS,12f1,,Moskva (RUS),14 FEB 2013,888
352,14:46.71,Ethan MARQUARDT,27 AUG 1990,USA,5,,"Lincoln, NE (USA)",01 FEB 2013,887
353,14:46.84,Antoine GISORE,,USA,7f2,,"Boston, MA (USA)",22 FEB 2013,887
354,14:46.97,Matt THWAITES,,USA,13,,"Cambridge, MA (USA)",24 FEB 2013,886
355,14:47.16,Ethan CLARY,06 MAY 1989,USA,2,,"Boston, MA (USA)",11 FEB 2013,886
356,14:47.31,Eric DUBOIS,,USA,1,,"New York, NY (USA)",11 JAN 2013,885
357,14:47.34,Sam POSER,,USA,6,,"Stevens Point, WI (USA)",22 FEB 2013,885
357,14:47.34,Bryan MARSH,,USA,10,,"Naperville, IL (USA)",09 MAR 2013,885
359,14:47.43,Yoseph-Fabien GOASDOUE,07 SEP 1990,FRA,2,,"Charleston, IL (USA)",22 FEB 2013,885
360,14:47.53,Kevin DOONEY,07 JUL 1993,IRL,3,,"New Haven, CT (USA)",01 FEB 2013,885
361,14:47.63,John RANERI,23 OCT 1991,USA,9f2,,"Blacksburg, VA (USA)",22 FEB 2013,884
362,14:47.64,Khari BOWEN,29 APR 1993,USA,15f1,,"Boston, MA (USA)",26 JAN 2013,884
363,14:47.67,Jeppe HARBOE,23 FEB 1992,DEN,3,,"Charleston, IL (USA)",22 FEB 2013,884
364,14:47.70,Max ROBINSON,,USA,4,,"University Park, PA (USA)",25 JAN 2013,884
365,14:47.75,Dan KERR,,USA,3,,"Stevens Point, WI (USA)",02 MAR 2013,884
366,14:47.78,Ryan MCGUIRE,,USA,1,,"University Park, PA (USA)",02 FEB 2013,884
367,14:47.82,Adam VOLKERT,14 MAR 1991,USA,2,,"Warrensburg, MO (USA)",23 FEB 2013,884
368,14:47.85,Alex BRIMSTEIN,,USA,1f2,,"Ithaca, NY (USA)",09 FEB 2013,884
369,14:47.98,Geoffery NJONJO,,KEN,2,,"Marion, IN (USA)",15 FEB 2013,883
370,14:47.99,Sean DUNCAN,06 JUL 1989,USA,3,,"Boston, MA (USA)",17 FEB 2013,883
371,14:48.07,John DUGAN,,USA,1,,"Lewisburg, PA (USA)",01 DEC 2012,883
372,14:48.13,John DUGAN,,USA,6,,"West Point, NY (USA)",16 FEB 2013,883
373,14:48.15,Michael LILLEY,,USA,5f2,,"Winston Salem, NC (USA)",24 FEB 2013,883
374,14:48.26,Darrel GOODING,20 JAN 1994,USA,16f1,,"Boston, MA (USA)",26 JAN 2013,882
375,14:48.36,Phillip MILLER,,USA,3,,"Warrensburg, MO (USA)",23 FEB 2013,882
376,14:48.54,Dan KUHMAN,,USA,9,,"Birmingham, AL (USA)",23 FEB 2013,881
377,14:48.61,Brenden LEAVITT,,USA,6f2,,"Kingston, RI (USA)",16 FEB 2013,881
378,14:48.62,David ROONEY,30 MAR 1988,IRL,1,,"Norman, OK (USA)",22 FEB 2013,881
379,14:48.68,Matthew PERRI,,USA,1,,"Houston, TX (USA)",18 JAN 2013,881
380,14:48.71,Daniel ROARK,20 SEP 1989,USA,7f2,,"Kingston, RI (USA)",16 FEB 2013,881
381,14:48.84,Ryan GOUSSE,,USA,3,,"Annapolis, MD (USA)",26 JAN 2013,880
382,14:48.85,Ken WALSHAK,,USA,17f1,,"Boston, MA (USA)",26 JAN 2013,880
383,14:48.87,Tristan SELBY,15 NOV 1991,USA,4,,"Bloomington, IN (USA)",26 JAN 2013,880
384,14:48.94,Ryan MCGUIRE,,USA,8f2,,"Boston, MA (USA)",22 FEB 2013,880
385,14:49.07,Joshua MIRTH,,USA,2,,"Bloomington, IN (USA)",18 JAN 2013,880
386,14:49.17,Vasili PAPASTRAT,,USA,3,,"Boston, MA (USA)",11 FEB 2013,879
387,14:49.46,Chris SPUDIC,,USA,10f2,,"Fayetteville, AR (USA)",24 FEB 2013,878
388,14:49.59,John SWEENEY,,USA,7,,"West Point, NY (USA)",16 FEB 2013,878
389,14:49.60,Michael CUNETTA,,USA,4,,"New Haven, CT (USA)",01 FEB 2013,878
389,14:49.60,Nathaniel GHENA,,USA,7,,"Ypsilanti, MI (USA)",22 FEB 2013,878
391,14:49.63,Brian GRAVES,,USA,1,,"Winston Salem, NC (USA)",01 FEB 2013,878
392,14:49.70,Kevin LUNN,,USA,14,,"Cambridge, MA (USA)",24 FEB 2013,878
393,14:49.76,Michael LILLEY,,USA,2,,"Lynchburg, VA (USA)",08 FEB 2013,878
394,14:49.79,Collin LEIBOLD,13 DEC 1987,USA,11,,"University Park, PA (USA)",25 JAN 2013,877
395,14:49.89,Matt THWAITES,,USA,5,,"New Haven, CT (USA)",01 FEB 2013,877
395,14:49.89,Brian DIXON,08 NOV 1991,USA,6,,"Cedar Falls, IA (USA)",24 FEB 2013,877
397,14:49.91,Macky LLOYD,,USA,1,,"West Point, NY (USA)",05 JAN 2013,877
398,14:49.99,John DEWITT,30 APR 1991,USA,5,,"Whitewater, WI (USA)",01 FEB 2013,877
399,14:50.13,William ROONEY,,USA,7,,"Blacksburg, VA (USA)",19 JAN 2013,876
400,14:50.19,Darrel GOODING,20 JAN 1994,USA,1,,"West Long Branch, NJ (USA)",20 FEB 2013,876
401,14:50.28,Jeremie BOURGET,1993,CAN,2,,"University Park, PA (USA)",02 FEB 2013,876
402,14:50.35,Cliff NIELSON,,USA,1,,"Nampa, ID (USA)",01 DEC 2012,876
403,14:50.38,Thomas OHLMAN,15 MAY 1992,USA,8f2,,"Kingston, RI (USA)",16 FEB 2013,876
403,14:50.38,Brendan SMITH,28 JUL 1994,USA,15,,"Cambridge, MA (USA)",24 FEB 2013,876
405,14:50.49,Bill WAY,,USA,2f2,,"Ithaca, NY (USA)",09 FEB 2013,875
406,14:50.51,Laban SIALO,06 JUN 1983,KEN,14,,"Birmingham, AL (USA)",08 MAR 2013,875
407,14:50.56,Nick SCHRADER,07 JUN 1992,USA,7,,"Cedar Falls, IA (USA)",24 FEB 2013,875
408,14:50.65,Brandon REED,11 MAY 1989,USA,4,,"Fayetteville, AR (USA)",08 FEB 2013,875
409,14:50.75,Jeff LACOSTE,,USA,4,,"Winston Salem, NC (USA)",22 FEB 2013,874
410,14:51.00,Trevor POLSON,21 JUN 1992,USA,1,,"Pocatello, ID (USA)",01 FEB 2013,874
411,14:51.01,Robert YAMNICKY,,USA,8,,"West Point, NY (USA)",16 FEB 2013,874
411,14:51.01,Jordan SCHILIT,,USA,11,,"Naperville, IL (USA)",09 MAR 2013,874
413,14:51.09,Timothy PHELPS,,USA,6,,"New Haven, CT (USA)",01 FEB 2013,873
414,14:51.16,Clay ELWARD,,USA,4,,"Annapolis, MD (USA)",26 JAN 2013,873
415,14:51.20,Joseph SWEENEY,17 OCT 1985,IRL,7,,"Annapolis, MD (USA)",01 DEC 2012,873
416,14:51.21,Alex SAAVEDRA,,USA,8,,"Ypsilanti, MI (USA)",22 FEB 2013,873
417,14:51.30,Vasiliy LARKIN,19 AUG 1991,RUS,13f1,,Moskva (RUS),14 FEB 2013,873
418,14:51.39,Mitch EASKER,,USA,7,,"Stevens Point, WI (USA)",22 FEB 2013,872
419,14:51.40,Jason SANTOS,,USA,4,,"Boston, MA (USA)",11 FEB 2013,872
420,14:51.61,John DEWITT,30 APR 1991,USA,4,,"Stevens Point, WI (USA)",02 MAR 2013,872
421,14:51.62,Adam VOLKERT,14 MAR 1991,USA,6,,"Lincoln, NE (USA)",01 FEB 2013,872
422,14:51.69,Darrel GOODING,20 JAN 1994,USA,2,,"New York, NY (USA)",11 JAN 2013,871
423,14:51.83,Ryan LEE,,USA,8,,"Blacksburg, VA (USA)",19 JAN 2013,871
424,14:51.91,Mike O'DOWD,,USA,18f1,,"Boston, MA (USA)",26 JAN 2013,871
425,14:51.93,Max STRANEVA,02 MAY 1992,USA,12,,"University Park, PA (USA)",25 JAN 2013,871
426,14:51.94,Matt MILLER,,USA,4,,"Charleston, IL (USA)",22 FEB 2013,871
427,14:51.95,Tito MEDRANO,01 FEB 1990,USA,23,,"Boston, MA (USA)",02 MAR 2013,871
428,14:52.00,Brian GRAVES,,USA,6f2,,"Winston Salem, NC (USA)",24 FEB 2013,870
429,14:52.04,Josh FOSS,,USA,3,,"Bloomington, IN (USA)",18 JAN 2013,870
430,14:52.08,Daniel CLIFFE,23 DEC 1990,GBR,2,,"Norman, OK (USA)",22 FEB 2013,870
431,14:52.09,Amos BOWEN,,USA,10,,"Nampa, ID (USA)",22 FEB 2013,870
431,14:52.09,Daniel MUTAI,29 SEP 1986,KEN,2f2,,"Jonesboro, AR (USA)",24 FEB 2013,870
433,14:52.10,Silas FRANTZ,,USA,8,,"Annapolis, MD (USA)",01 DEC 2012,870
434,14:52.11,Matt GALVIN,,USA,5,,"Fayetteville, AR (USA)",08 FEB 2013,870
435,14:52.21,Jacob BARR,,USA,5,,"Stevens Point, WI (USA)",02 MAR 2013,870
436,14:52.23,Michael SCOLARICI,,USA,4,,"Bloomington, IN (USA)",18 JAN 2013,870
437,14:52.33,James NAGLIERI,31 MAR 1993,USA,1,,"New York, NY (USA)",25 JAN 2013,869
437,14:52.33,Jonas HAMPTON,20 JAN 1989,USA,1f3,,"Boston, MA (USA)",26 JAN 2013,869
439,14:52.34,Jeff VEIGA,,USA,15,,"Birmingham, AL (USA)",08 MAR 2013,869
440,14:52.37,Hassan OMAR,07 DEC 1994,USA,5,,"Boston, MA (USA)",11 FEB 2013,869
441,14:52.39,Ryan ROOT,30 OCT 1991,USA,6,,"Whitewater, WI (USA)",01 FEB 2013,869
442,14:52.40,Colin SLATTERY,,USA,1,,"College Station, TX (USA)",08 DEC 2012,869
443,14:52.41,Sam POSER,,USA,7,,"Whitewater, WI (USA)",01 FEB 2013,869
444,14:52.45,Matthew KACYON,1993,USA,9f2,,"Kingston, RI (USA)",16 FEB 2013,869
445,14:52.46,Brett KUBIAK,,USA,5f1,,"Haverford, PA (USA)",02 FEB 2013,869
446,14:52.57,Ryan MAHALSKY,27 APR 1993,USA,9,,"New York, NY (USA)",02 FEB 2013,869
447,14:52.59,Tyler PENCE,03 MAY 1993,USA,4f1,,"Indianapolis, IN (USA)",02 FEB 2013,869
448,14:52.76,Andrew FINE,,USA,6f1,,"Haverford, PA (USA)",02 FEB 2013,868
449,14:52.82,John HOLT,13 SEP 1990,USA,1,,"Blacksburg, VA (USA)",16 FEB 2013,868
450,14:52.83,Shadrack MATELONG,,KEN,3f2,,"Jonesboro, AR (USA)",24 FEB 2013,868
451,14:52.86,Nico GRECO,,USA,10f2,,"Kingston, RI (USA)",16 FEB 2013,868
451,14:52.86,Jared BRANDENBURG,,USA,6,,"Stevens Point, WI (USA)",02 MAR 2013,868
453,14:52.87,Nathan WANUCH,1990,CAN,7f2,,"Winston Salem, NC (USA)",24 FEB 2013,868
454,14:52.99,Matthew HOWARD,,USA,13,,"University Park, PA (USA)",25 JAN 2013,867
455,14:53.02,Joseph SWEENEY,17 OCT 1985,IRL,5,,"Annapolis, MD (USA)",26 JAN 2013,867
456,14:53.04,Alex CUSHMAN,,USA,5f1,,"Indianapolis, IN (USA)",02 FEB 2013,867
457,14:53.08,Matthew MCELROY,27 MAR 1992,USA,1,,"Bozeman, MT (USA)",22 FEB 2013,867
458,14:53.10,Anthony GAETANI,,USA,6,,"Boston, MA (USA)",11 FEB 2013,867
458,14:53.10,Matt RAND,,USA,3,,"Boston, MA (USA)",02 MAR 2013,867
460,14:53.11,Austin GREGOR,20 AUG 1993,USA,14,,"University Park, PA (USA)",25 JAN 2013,867
461,14:53.31,Kipchirchir N'GETICH,,KEN,5,,"Winston Salem, NC (USA)",22 FEB 2013,866
462,14:53.33,Ben DICKSHINSKI,,USA,8,,"Whitewater, WI (USA)",01 FEB 2013,866
463,14:53.35,Noah DRODDY,22 SEP 1990,USA,1,,"Bloomington, IN (USA)",07 DEC 2012,866
464,14:53.42,Bryan LEWIS,,USA,5f1,,"Blacksburg, VA (USA)",22 FEB 2013,866
465,14:53.47,Tyler LEVERINGTON,12 MAR 1989,USA,7,,"Stevens Point, WI (USA)",02 MAR 2013,866
466,14:53.49,Eric DILLON,23 JUN 1992,CAN,8f1,,"Fayetteville, AR (USA)",24 FEB 2013,866
467,14:53.56,Barry BRITT,06 SEP 1990,CAN,1,,"Albuquerque, NM (USA)",22 FEB 2013,865
468,14:53.57,Edward TARAGON,01 JUN 1985,KEN,1,,"Levelland, TX (USA)",16 FEB 2013,865
469,14:53.69,Brian ATKINSON,19 MAR 1992,USA,10f2,,"Blacksburg, VA (USA)",22 FEB 2013,865
470,14:53.75,John DUGAN,,USA,24,,"Boston, MA (USA)",02 MAR 2013,865
471,14:53.84,Shaun KOEHN,,USA,4f2,,"Jonesboro, AR (USA)",24 FEB 2013,865
472,14:53.86,Ahmed ALI,1990,USA,1f1,,"Boston, MA (USA)",22 FEB 2013,864
473,14:53.92,Ryan MEYER,,USA,1,,"Columbia, MO (USA)",15 FEB 2013,864
474,14:53.94,Japhet KIPKOECH,1990,KEN,5,,"Bloomington, IN (USA)",26 JAN 2013,864
475,14:53.95,Brant HAASE,,USA,5,,"Vermillion, SD (USA)",25 FEB 2013,864
476,14:53.99,Willy KAUL,,USA,1,,"Naperville, IL (USA)",15 FEB 2013,864
477,14:54.01,Tyler MULLEN,03 APR 1990,USA,6,,"Bloomington, IN (USA)",26 JAN 2013,864
478,14:54.04,Hassan OMAR,07 DEC 1994,USA,5,,"University Park, PA (USA)",25 JAN 2013,864
479,14:54.06,Andrew ERSKINE,,USA,4,,"Boston, MA (USA)",17 FEB 2013,864
480,14:54.07,John KRELL,,USA,9f2,,"Boston, MA (USA)",22 FEB 2013,864
481,14:54.11,Jovanny GODINEZ,29 OCT 1991,USA,2,,"Spearfish, SD (USA)",22 FEB 2013,864
482,14:54.15,Michael CUNETTA,,USA,16,,"Cambridge, MA (USA)",24 FEB 2013,864
483,14:54.24,Paul SNYDER,,USA,17,,"Cambridge, MA (USA)",24 FEB 2013,863
484,14:54.27,Patrizio GRANDINALI,27 OCT 1993,USA,6,,"Winston Salem, NC (USA)",22 FEB 2013,863
484,14:54.27,Elijah ARMSTRONG,15 AUG 1996,USA,1f2,,"New York, NY (USA)",08 MAR 2013,863
486,14:54.39,George GATHURU,,KEN,7,,"Lincoln, NE (USA)",01 FEB 2013,863
487,14:54.44,Peter GURNEY,,USA,1f2,,"Boston, MA (USA)",26 JAN 2013,863
488,14:54.48,Geoffery NJONJO,,KEN,1f1,,"Joplin, MO (USA)",01 FEB 2013,863
489,14:54.53,TJ GLEASON,07 APR 1993,USA,1,,"Mankato, MN (USA)",23 FEB 2013,862
490,14:54.57,Steve POLITO,,USA,2f3,,"Boston, MA (USA)",26 JAN 2013,862
491,14:54.66,Kyle STACKS,,USA,9,,"Ypsilanti, MI (USA)",22 FEB 2013,862
492,14:54.75,Craig HUNT,07 DEC 1990,USA,1,,"Landover, MD (USA)",10 FEB 2013,862
493,14:54.76,Josh BADEN,,USA,11,,"New York, NY (USA)",01 FEB 2013,862
494,14:54.86,Greg WHITTLE,,USA,3f1,,"Bourbonnais, IL (USA)",26 JAN 2013,861
495,14:54.90,Matt LOWE,,USA,7,,"Bloomington, IN (USA)",26 JAN 2013,861
496,14:55.05,Cory KEEHN,,USA,4,,"Warrensburg, MO (USA)",23 FEB 2013,861
497,14:55.07,Dylan O'SULLIVAN,14 MAY 1992,CAN,18,,"Cambridge, MA (USA)",24 FEB 2013,861
498,14:55.13,Sean MAGUIRE,,USA,2f1,,"Boston, MA (USA)",22 FEB 2013,860
498,14:55.13,Matthew PERRI,,USA,1,,"Houston, TX (USA)",23 FEB 2013,860
500,14:55.15,Austin WHITELAW,,USA,11f2,,"Fayetteville, AR (USA)",24 FEB 2013,860
501,14:55.17,Micah CHELIMO,,KEN,1,,"Nampa, ID (USA)",15 FEB 2013,860
502,14:55.25,Cory SINOTTE,,USA,7,,"Boston, MA (USA)",11 FEB 2013,860
503,14:55.27,Erik HOFFERBER,,USA,8,,"Stevens Point, WI (USA)",22 FEB 2013,860
504,14:55.29,Daniel MOORE,,USA,2,,"Blacksburg, VA (USA)",16 FEB 2013,860
505,14:55.31,Xavier KING,24 JAN 1993,CAN,10,,"New York, NY (USA)",02 FEB 2013,860
506,14:55.40,Tom HOPKINS,,USA,3f2,,"Ithaca, NY (USA)",09 FEB 2013,860
507,14:55.41,Max NORRIS,,USA,2f2,,"New York, NY (USA)",08 MAR 2013,860
508,14:55.46,Ben WALLIS,,USA,4,,"Boston, MA (USA)",02 MAR 2013,859
509,14:55.47,Cordell BAKER,,USA,8,,"Lincoln, NE (USA)",01 FEB 2013,859
510,14:55.50,Zach BUCHHEIT,,USA,8,,"Cedar Falls, IA (USA)",24 FEB 2013,859
511,14:55.53,Chris SCHULIST,28 SEP 1991,USA,7,,"Winston Salem, NC (USA)",22 FEB 2013,859
512,14:55.54,Seth GARBETT,15 NOV 1991,USA,2,,"Pocatello, ID (USA)",01 FEB 2013,859
513,14:55.55,Jake SIENKO,06 MAY 1992,USA,19,,"Cambridge, MA (USA)",24 FEB 2013,859
514,14:55.57,Luke SOHL,,USA,11,,"New York, NY (USA)",02 FEB 2013,859
515,14:55.66,Bijan MAZAHERI,,USA,10f2,,"Boston, MA (USA)",22 FEB 2013,859
516,14:55.76,Anthony DENTINO,29 MAR 1993,USA,4,,"New York, NY (USA)",15 FEB 2013,858
517,14:55.82,Jason AYR,,USA,5,,"Boston, MA (USA)",17 FEB 2013,858
518,14:55.83,Cabell WILLIS,,USA,8,,"Winston Salem, NC (USA)",22 FEB 2013,858
519,14:55.84,Justin GRAGG,,USA,2,,"Clemson, SC (USA)",08 FEB 2013,858
520,14:55.89,Derek LEE,,USA,5,,"Warrensburg, MO (USA)",23 FEB 2013,858
521,14:56.02,Spencer PECHA,23 DEC 1991,USA,3,,"Blacksburg, VA (USA)",16 FEB 2013,858
522,14:56.11,Jacob BARR,,USA,1f2,,"Monmouth, IL (USA)",22 FEB 2013,857
523,14:56.14,Chuck LOCKWOOD,,USA,1,,"Lewisburg, PA (USA)",19 JAN 2013,857
524,14:56.20,Zach GRETH,,USA,2,,"Winston Salem, NC (USA)",01 FEB 2013,857
524,14:56.20,Kevin WOOD,,USA,5,,"Boston, MA (USA)",02 MAR 2013,857
526,14:56.21,Ethan TABBERT,,USA,9,,"Lincoln, NE (USA)",01 FEB 2013,857
527,14:56.24,Jonathan MOTT,10 FEB 1987,USA,1,,"Daytona Beach, FL (USA)",16 FEB 2013,857
528,14:56.28,Daniel DAY,,USA,6,,"University Park, PA (USA)",25 JAN 2013,857
528,14:56.28,Damir SAURBAYEV,16 FEB 1992,RUS,14f1,,Moskva (RUS),14 FEB 2013,857
530,14:56.36,Tyler PENCE,03 MAY 1993,USA,4,,"Indianapolis, IN (USA)",22 FEB 2013,857
531,14:56.41,Caleb HOOVER,22 JUL 1992,USA,2,,"Bozeman, MT (USA)",22 FEB 2013,856
532,14:56.58,Brian MCNAMARA,03 NOV 1982,USA,6,,"Boston, MA (USA)",17 FEB 2013,856
533,14:56.64,Adams RONNOH,,USA,5,,"Charleston, IL (USA)",22 FEB 2013,856
534,14:56.70,Schaffer OCHSTEIN,08 JUL 1994,USA,1,,"Lewisburg, PA (USA)",09 FEB 2013,856
535,14:56.79,Ryan FARNAN,,USA,9,,"Winston Salem, NC (USA)",22 FEB 2013,855
536,14:56.82,Andrew ERSKINE,,USA,6,,"Boston, MA (USA)",02 MAR 2013,855
537,14:56.83,Tim ZELLMER,,USA,5,,"Bloomington, IN (USA)",18 JAN 2013,855
538,14:56.92,Jessop KEENE,,USA,9,,"Stevens Point, WI (USA)",22 FEB 2013,855
539,14:56.96,Mark DRISCOLL,,USA,1,,"Winston Salem, NC (USA)",01 DEC 2012,855
539,14:56.96,Patrick DERMODY,,USA,3f3,,"Boston, MA (USA)",26 JAN 2013,855
541,14:56.98,William HAGUE,,USA,4,,"Blacksburg, VA (USA)",16 FEB 2013,855
542,14:56.99,Cohen MILES-RATH,,USA,7,,"Boston, MA (USA)",02 MAR 2013,855
543,14:57.17,Samuel GAGNON,,USA,8,,"Boston, MA (USA)",11 FEB 2013,854
544,14:57.21,Adam SALOOM,29 NOV 1989,USA,3,,"Norman, OK (USA)",22 FEB 2013,854
544,14:57.21,Adam BRAUN,,USA,2,,"Mankato, MN (USA)",23 FEB 2013,854
546,14:57.39,Ryan MILLER,,USA,2,,"College Station, TX (USA)",08 DEC 2012,853
547,14:57.42,Connor HERR,20 SEP 1994,USA,2,,"Ithaca, NY (USA)",16 FEB 2013,853
548,14:57.45,Edward LIMO,,USA,1,,"Jonesboro, AR (USA)",02 DEC 2012,853
549,14:57.49,Peter GEITHNER,,USA,2f2,,"Boston, MA (USA)",26 JAN 2013,853
549,14:57.49,Elias CHESIRE,16 JAN 1988,KEN,1,,"Landover, MD (USA)",14 FEB 2013,853
551,14:57.51,Colin JOKISCH,,USA,12,,"New York, NY (USA)",02 FEB 2013,853
551,14:57.51,Erwin LEYSEN,15 NOV 1991,BEL,6,,"Charleston, IL (USA)",22 FEB 2013,853
553,14:57.52,David ECKHART,,USA,1,,"Charleston, IL (USA)",15 FEB 2013,853
554,14:57.64,Derek ALCORN,,USA,3,,"Spearfish, SD (USA)",22 FEB 2013,853
555,14:57.68,Trevor SLEIGHT,,USA,2,,"Winston Salem, NC (USA)",01 DEC 2012,852
555,14:57.68,Garrett ZANS,05 DEC 1991,USA,11,,"Nampa, ID (USA)",22 FEB 2013,852
557,14:57.71,Zachary SPECTOR,,USA,2,,"Landover, MD (USA)",10 FEB 2013,852
558,14:57.73,Nico GRECO,,USA,7,,"University Park, PA (USA)",25 JAN 2013,852
559,14:57.85,Matthew KACYON,1993,USA,25,,"Boston, MA (USA)",02 MAR 2013,852
560,14:57.88,Jason SANTOS,,USA,3,,"University Park, PA (USA)",02 FEB 2013,852
561,14:57.90,Andrew GARCIA-GARRISON,29 APR 1993,USA,2,,"Lewisburg, PA (USA)",01 DEC 2012,852
562,14:57.92,Kyle MARKS,,USA,1f2,,"Lewiston, NE (USA)",15 FEB 2013,852
563,14:58.01,Tim HARTUNG,,USA,2,,"Lewisburg, PA (USA)",09 FEB 2013,851
564,14:58.04,Cole DECKER,,USA,8,,"Stevens Point, WI (USA)",02 MAR 2013,851
565,14:58.09,Brett EGAN,08 MAR 1991,USA,9,,"Cedar Falls, IA (USA)",24 FEB 2013,851
566,14:58.10,David VANDEBUNTE,,USA,4f1,,"Bourbonnais, IL (USA)",26 JAN 2013,851
567,14:58.11,David STILIN,23 JUN 1991,USA,12,,"Naperville, IL (USA)",09 MAR 2013,851
568,14:58.13,Daniel ROARK,20 SEP 1989,USA,26,,"Boston, MA (USA)",02 MAR 2013,851
569,14:58.15,Andrew SHAPERO,,USA,3f2,,"Boston, MA (USA)",26 JAN 2013,851
570,14:58.19,Benji XIE,,USA,8,,"Boston, MA (USA)",02 MAR 2013,851
571,14:58.27,John KRELL,,USA,4f2,,"Boston, MA (USA)",26 JAN 2013,851
572,14:58.30,Dylan REYES,,USA,8,,"Bloomington, IN (USA)",26 JAN 2013,850
573,14:58.31,Alejandro MONTANO,27 MAY 1992,USA,3,,"Bozeman, MT (USA)",22 FEB 2013,850
574,14:58.32,Michael KRSNAK,04 OCT 1989,USA,6,,"Vermillion, SD (USA)",25 FEB 2013,850
575,14:58.34,Robert YAMNICKY,,USA,2,,"Lewisburg, PA (USA)",19 JAN 2013,850
576,14:58.43,Zach GRETH,,USA,11f2,,"Kingston, RI (USA)",16 FEB 2013,850
577,14:58.48,Matt WALKER,,USA,3f1,,"Boston, MA (USA)",22 FEB 2013,850
578,14:58.51,Alex IZEWSKI,,USA,1f1,,"Kingston, RI (USA)",16 FEB 2013,850
579,14:58.55,Brian EIMSTAD,,USA,5f2,,"Boston, MA (USA)",26 JAN 2013,850
580,14:58.59,Chris YORK,09 MAR 1991,USA,2f1,,"Kingston, RI (USA)",16 FEB 2013,850
581,14:58.61,Ryan MAHALSKY,27 APR 1993,USA,9,,"West Point, NY (USA)",16 FEB 2013,849
582,14:58.63,Clay MEYER,,USA,6f1,,"Indianapolis, IN (USA)",02 FEB 2013,849
583,14:58.65,Jacob BALL,,USA,3,,"Mankato, MN (USA)",23 FEB 2013,849
584,14:58.72,Eric WALLOR,12 FEB 1983,USA,1,,"Kenosha, WI (USA)",01 MAR 2013,849
585,14:58.74,Reece AYERS,21 JUN 1992,USA,13,,"New York, NY (USA)",02 FEB 2013,849
586,14:58.76,Tyler ANDREWS,04 MAY 1990,USA,9,,"Boston, MA (USA)",02 MAR 2013,849
587,14:58.80,Reece AYERS,21 JUN 1992,USA,10,,"Winston Salem, NC (USA)",22 FEB 2013,849
588,14:58.85,Kyle OVERWAY,1993,USA,6,,"Bloomington, IN (USA)",18 JAN 2013,849
589,14:58.91,Alexander MERRALL,,USA,6,,"Annapolis, MD (USA)",26 JAN 2013,849
590,14:58.92,Bradley MILES,18 SEP 1991,USA,6,,"Fayetteville, AR (USA)",08 FEB 2013,849
591,14:59.04,John KENWORTHY,,USA,6f2,,"Boston, MA (USA)",26 JAN 2013,848
592,14:59.12,Paul ROSS,,USA,20,,"Cambridge, MA (USA)",24 FEB 2013,848
593,14:59.13,Ryan FARNAN,,USA,3,,"Winston Salem, NC (USA)",01 FEB 2013,848
594,14:59.24,Bryan LEWIS,,USA,1,,"Blacksburg, VA (USA)",09 FEB 2013,848
595,14:59.30,Rudolf PETRUKHIN,24 APR 1994,RUS,,,Kazan (RUS),21 DEC 2012,847
596,14:59.38,Samuel SEEKINS,,USA,2f2,,"Lewiston, NE (USA)",15 FEB 2013,847
597,14:59.46,James MEE,01 AUG 1989,GBR,6,,"Boston, MA (USA)",01 DEC 2012,847
598,14:59.66,James MCBRIDE,,USA,7,,"New Haven, CT (USA)",01 FEB 2013,846
599,14:59.68,Samuel MUELLER,,USA,12f2,,"Fayetteville, AR (USA)",24 FEB 2013,846
600,14:59.70,Vincent WEIR,,USA,1,,"Winston Salem, NC (USA)",19 JAN 2013,846
601,14:59.78,Sam KIRTNER,,USA,8,,"New Haven, CT (USA)",01 FEB 2013,846
601,14:59.78,Benji XIE,,USA,1f1,,"Lewiston, NE (USA)",15 FEB 2013,846
603,14:59.94,Tom HOPKINS,,USA,1,,"Ithaca, NY (USA)",01 DEC 2012,845
604,14:59.99,Xavier RODRIGUEZ,,USA,4,,"Norman, OK (USA)",22 FEB 2013,845
