Rank,Mark,Competitor,DOB,Nat,Pos,,Venue,Date,ResultScore
1,13:07.00,,Lopez LOMONG,01 JAN 1985,USA,1,,"New York, NY (USA) (i)",01 MAR 2013,1236
2,13:12.00,,Chris DERRICK,17 OCT 1990,USA,2,,"New York, NY (USA) (i)",01 MAR 2013,1217
3,13:23.68,,Andrew BUMBALOUGH,14 MAR 1987,USA,3,,"New York, NY (USA) (i)",01 MAR 2013,1174
4,13:25.38,,Kennedy KITHUKA,04 JUN 1989,KEN,1,,"Fayetteville, AR (USA) (i)",08 MAR 2013,1167
5,13:30.24,,Diego ESTRADA,19 DEC 1989,MEX,2,,"Fayetteville, AR (USA) (i)",08 MAR 2013,1150
6,13:33.22,,Elliott HEATH,04 FEB 1989,USA,4,,"New York, NY (USA) (i)",01 MAR 2013,1139
7,13:33.37,,Evan JAGER,08 MAR 1989,USA,5,,"New York, NY (USA) (i)",01 MAR 2013,1138
8,13:35.46,,Matt TEGENKAMP,19 JAN 1982,USA,6,,"New York, NY (USA) (i)",01 MAR 2013,1131
9,13:40.28,,Girma MECHESO,16 JAN 1988,ETH,3,,"Fayetteville, AR (USA) (i)",08 MAR 2013,1113
10,13:41.25,,Maverick DARLING,09 JUN 1989,USA,4,,"Fayetteville, AR (USA) (i)",08 MAR 2013,1110
11,13:41.84,,Mohammed AHMED,05 JAN 1991,CAN,5,,"Fayetteville, AR (USA) (i)",08 MAR 2013,1108
12,13:43.24,,Jim SPISAK,18 NOV 1990,USA,1,,"Bloomington, IN (USA) (i)",13 DEC 2013,1103
13,13:43.52,,Anthony ROTICH,20 OCT 1990,USA,6,,"Fayetteville, AR (USA) (i)",08 MAR 2013,1102
14,13:44.70,,Adam BITCHELL,23 JUN 1991,GBR,2,,"Bloomington, IN (USA) (i)",13 DEC 2013,1097
15,13:45.87,,Stanley Kipkoech KEBENEI,06 NOV 1989,KEN,7,,"Fayetteville, AR (USA) (i)",08 MAR 2013,1093
16,13:46.44,,Luke CALDWELL,02 AUG 1991,GBR,8,,"Fayetteville, AR (USA) (i)",08 MAR 2013,1091
17,13:48.27,,Rinas AKHMADEYEV,25 MAY 1989,RUS,1f2,,Moskva (RUS) (i),14 FEB 2013,1085
18,13:48.35,,Yevgeniy RYBAKOV,27 FEB 1985,RUS,2f2,,Moskva (RUS) (i),14 FEB 2013,1084
19,13:50.89,,Vyacheslav SHALAMOV,08 JUL 1989,RUS,3f2,,Moskva (RUS) (i),14 FEB 2013,1075
20,13:53.59,,Yuriy CHECHUN,05 JUL 1986,RUS,4f2,,Moskva (RUS) (i),14 FEB 2013,1066
21,13:54.04,,Jared WARD,09 SEP 1988,USA,9,,"Fayetteville, AR (USA) (i)",08 MAR 2013,1064
22,13:54.33,,Henry LELEI,31 DEC 1988,KEN,1f1,,"Fayetteville, AR (USA) (i)",24 FEB 2013,1063
23,13:54.41,,Dan LOWRY,30 OCT 1989,USA,10,,"Fayetteville, AR (USA) (i)",08 MAR 2013,1063
24,13:55.00,,Shadrack KIPCHIRCHIR,22 FEB 1989,KEN,11,,"Fayetteville, AR (USA) (i)",08 MAR 2013,1061
25,13:55.31,,Elliott KRAUSE,12 JUN 1990,USA,12,,"Fayetteville, AR (USA) (i)",08 MAR 2013,1060
26,13:55.53,,Fernando CABADA,22 APR 1982,USA,3,,"Bloomington, IN (USA) (i)",13 DEC 2013,1059
27,13:59.71,,Anatoliy RYBAKOV,27 FEB 1985,RUS,5f2,,Moskva (RUS) (i),14 FEB 2013,1045
28,14:00.56,,Stepan KISELYOV,03 NOV 1986,RUS,6f2,,Moskva (RUS) (i),14 FEB 2013,1042
29,14:00.89,,Michael BIWOTT,,USA,1,,"Roxbury, MA (USA) (i)",14 DEC 2013,1040
30,14:01.45,,Sergey NECHPAY,03 JUN 1982,RUS,7f2,,Moskva (RUS) (i),14 FEB 2013,1038
31,14:01.65,,Thomas CURTIN,08 AUG 1993,USA,1f2,,"Blacksburg, VA (USA) (i)",22 FEB 2013,1038
32,14:02.26,,Andrey MINZHULIN,06 SEP 1987,RUS,8f2,,Moskva (RUS) (i),14 FEB 2013,1036
32,14:02.26,,Michael FOUT,07 MAY 1990,USA,1f1,,"Blacksburg, VA (USA) (i)",22 FEB 2013,1036
34,14:02.30,,Andrey STRIZHAKOV,24 DEC 1992,RUS,9f2,,Moskva (RUS) (i),14 FEB 2013,1036
35,14:02.63,,Mike MOVERMAN,23 NOV 1990,USA,2f2,,"Blacksburg, VA (USA) (i)",22 FEB 2013,1034
36,14:03.21,,Andrey KARPIN,04 JAN 1982,RUS,10f2,,Moskva (RUS) (i),14 FEB 2013,1032
37,14:03.99,,Patrick SCHELLBERG,20 FEB 1992,USA,3f2,,"Blacksburg, VA (USA) (i)",22 FEB 2013,1030
38,14:04.45,,Yevgeniy BUSHKOV,09 SEP 1986,RUS,11f2,,Moskva (RUS) (i),14 FEB 2013,1028
39,14:05.95,,Radford GUNZENHAUSER,,USA,1,,"Boston, MA (USA) (i)",02 MAR 2013,1023
40,14:06.67,,Josh IZEWSKI,29 APR 1990,USA,2f2,,"Fayetteville, AR (USA) (i)",24 FEB 2013,1020
41,14:06.91,,Andrew KOWALSKY,03 MAR 1992,CAN,2,,"Boston, MA (USA) (i)",02 MAR 2013,1020
42,14:08.42,,Jeramy ELKAIM,,USA,13,,"Fayetteville, AR (USA) (i)",08 MAR 2013,1014
43,14:08.74,,Jeffrey METTLER,24 OCT 1991,USA,1,,"Lincoln, NE (USA) (i)",01 FEB 2013,1013
44,14:08.75,,Solomon HAILE,23 JAN 1990,USA,2f1,,"Fayetteville, AR (USA) (i)",24 FEB 2013,1013
45,14:09.82,,John MASCARI,30 MAR 1992,USA,4,,"Bloomington, IN (USA) (i)",13 DEC 2013,1010
46,14:09.85,,Patrick ZACHARIAS,17 JUL 1990,USA,5,,"Bloomington, IN (USA) (i)",13 DEC 2013,1010
47,14:09.86,,Mike MURPHY,,USA,1,,"New York, NY (USA) (i)",08 FEB 2013,1009
48,14:10.33,,Joshua MACDONALD,20 MAR 1992,USA,3,,"Boston, MA (USA) (i)",02 MAR 2013,1008
49,14:10.73,,Brian ATKINSON,19 MAR 1992,USA,1,,"Blacksburg, VA (USA) (i)",19 JAN 2013,1006
50,14:10.96,,Brendan O'NEILL,01 NOV 1988,IRL,2f1,,"Blacksburg, VA (USA) (i)",22 FEB 2013,1006
50,14:10.96,,Bobby APRILL,21 NOV 1990,USA,14,,"Fayetteville, AR (USA) (i)",08 MAR 2013,1006
52,14:12.08,,Mark PARRISH,02 DEC 1991,USA,3f2,,"Fayetteville, AR (USA) (i)",24 FEB 2013,1002
53,14:12.29,,Brett KELLY,,USA,4,,"Boston, MA (USA) (i)",02 MAR 2013,1001
54,14:12.55,,Tylor THATCHER,,USA,15,,"Fayetteville, AR (USA) (i)",08 MAR 2013,1000
55,14:12.82,,Micah CHELIMO,,KEN,1,,"Birmingham, AL (USA) (i)",08 MAR 2013,999
56,14:13.46,,Gabriel PROCTOR,29 APR 1990,USA,2,,"Birmingham, AL (USA) (i)",08 MAR 2013,997
57,14:13.47,,Kevin MCDONNELL,30 OCT 1989,USA,5,,"Boston, MA (USA) (i)",02 MAR 2013,997
58,14:13.62,,Trevor VIDLAK,10 JUN 1991,USA,2,,"Lincoln, NE (USA) (i)",01 FEB 2013,997
59,14:13.71,,Aleksey POLTANOV,11 OCT 1989,RUS,1f1,,Moskva (RUS) (i),14 FEB 2013,996
60,14:13.77,,Paul KATAM,20 APR 1990,KEN,1f2,,"Winston Salem, NC (USA) (i)",24 FEB 2013,996
61,14:13.84,,JR RICKER,26 MAY 1991,USA,1,,"Bloomington, IN (USA) (i)",26 JAN 2013,996
62,14:14.00,,Ty MCCORMACK,17 SEP 1992,USA,1,,"New York, NY (USA) (i)",01 FEB 2013,995
63,14:14.20,,Max STORMS,01 OCT 1990,USA,3f1,,"Fayetteville, AR (USA) (i)",24 FEB 2013,995
63,14:14.20,,Christopher GALVIN,,USA,6,,"Boston, MA (USA) (i)",02 MAR 2013,995
65,14:14.72,,Matt CLEAVER,07 NOV 1989,USA,4f1,,"Fayetteville, AR (USA) (i)",24 FEB 2013,993
66,14:15.05,,Benjamin ASHKETTLE,09 SEP 1988,AUS,1f1,,"Boston, MA (USA) (i)",26 JAN 2013,992
67,14:15.22,,Andrew PALMER,07 JUL 1992,USA,1,,"University Park, PA (USA) (i)",25 JAN 2013,991
68,14:15.49,,Jimmy CLARK,21 NOV 1992,USA,4f2,,"Fayetteville, AR (USA) (i)",24 FEB 2013,990
69,14:16.12,,David SANCHEZ,01 FEB 1990,USA,3,,"Birmingham, AL (USA) (i)",08 MAR 2013,988
70,14:16.27,,Tristan MANNIX,1985,USA,2,,"Bloomington, IN (USA) (i)",26 JAN 2013,988
71,14:16.35,,Griffin JAWORSKI,17 FEB 1993,USA,5f2,,"Fayetteville, AR (USA) (i)",24 FEB 2013,987
72,14:16.67,,Igor MAKSIMOV,26 APR 1992,RUS,2f1,,Moskva (RUS) (i),14 FEB 2013,986
73,14:16.80,,Jason CRIST,16 OCT 1993,USA,6,,"Bloomington, IN (USA) (i)",13 DEC 2013,986
74,14:17.05,,Mark ALLEN,29 SEP 1990,USA,2,,"New York, NY (USA) (i)",01 FEB 2013,985
75,14:17.20,,Matt SONNENFELDT,,USA,4f2,,"Blacksburg, VA (USA) (i)",22 FEB 2013,985
76,14:17.41,,Michael JORDAN,21 MAY 1991,USA,4,,"Birmingham, AL (USA) (i)",08 MAR 2013,984
77,14:17.59,,Sergey PETROV,05 JUN 1990,RUS,3f1,,Moskva (RUS) (i),14 FEB 2013,983
78,14:17.84,,Edwin KIBICHIY,02 APR 1992,KEN,3,,"Bloomington, IN (USA) (i)",26 JAN 2013,982
79,14:17.86,,Alex MONROE,30 MAR 1992,USA,1,,"Lewisburg, PA (USA) (i)",07 DEC 2013,982
80,14:18.06,,Peter OKWERA,1992,UGA,6f2,,"Fayetteville, AR (USA) (i)",24 FEB 2013,982
81,14:18.11,,Austin WHITELAW,,USA,3,,"New York, NY (USA) (i)",01 FEB 2013,981
82,14:18.21,,Andrey SERGEYEV,01 MAY 1987,RUS,12f2,,Moskva (RUS) (i),14 FEB 2013,981
83,14:18.48,,JL HINES,1993,USA,7f2,,"Fayetteville, AR (USA) (i)",24 FEB 2013,980
84,14:18.59,,Glarius ROP,28 MAR 1984,KEN,6,,"Birmingham, AL (USA) (i)",08 MAR 2013,980
85,14:18.64,,Michael FRANKIN,,USA,1,,"Cambridge, MA (USA) (i)",24 FEB 2013,980
86,14:18.72,,Chris BENDTSEN,29 FEB 1992,USA,2,,"Cambridge, MA (USA) (i)",24 FEB 2013,979
87,14:19.04,,Ivan KONYAYEV,09 JAN 1987,RUS,13f2,,Moskva (RUS) (i),14 FEB 2013,978
88,14:20.14,,Jake SIENKO,06 MAY 1992,USA,2,,"New York, NY (USA) (i)",08 FEB 2013,975
89,14:20.60,,Aaron DINZEO,17 DEC 1991,USA,7,,"Birmingham, AL (USA) (i)",08 MAR 2013,973
90,14:20.82,,Andrew MCLAIN,26 JAN 1992,USA,8,,"Birmingham, AL (USA) (i)",08 MAR 2013,972
91,14:20.92,,Paul ROSS,,USA,5,,"New York, NY (USA) (i)",01 FEB 2013,972
92,14:21.09,,John MURRAY,09 JUL 1992,USA,2,,"University Park, PA (USA) (i)",25 JAN 2013,971
93,14:21.36,,Brogan AUSTIN,05 OCT 1991,USA,1,,"Cedar Falls, IA (USA) (i)",24 FEB 2013,970
94,14:21.63,,Leighton SPENCER,01 OCT 1991,JAM,3,,"New York, NY (USA) (i)",08 FEB 2013,970
95,14:21.69,,James LEAKOS,13 MAY 1992,USA,4,,"Cambridge, MA (USA) (i)",24 FEB 2013,969
96,14:21.79,,Mark LEINENGER,25 FEB 1991,USA,6,,"New York, NY (USA) (i)",01 FEB 2013,969
96,14:21.79,,Chris MOEN,,USA,1,,"Lynchburg, VA (USA) (i)",08 FEB 2013,969
98,14:22.13,,Jonathan VITEZ,,USA,5,,"Cambridge, MA (USA) (i)",24 FEB 2013,968
99,14:22.87,,Alfredo SANTANA,08 APR 1991,USA,3,,"University Park, PA (USA) (i)",25 JAN 2013,965
99,14:22.87,,Thomas PORTER,,USA,3f1,,"Blacksburg, VA (USA) (i)",22 FEB 2013,965
101,14:22.91,,Andrey RUSAKOV,21 JUL 1992,RUS,4f1,,Moskva (RUS) (i),14 FEB 2013,965
102,14:23.07,,Chris BODARY,07 MAR 1990,USA,5f1,,"Fayetteville, AR (USA) (i)",24 FEB 2013,965
103,14:23.14,,William GRIFFIN,23 DEC 1989,USA,7,,"Boston, MA (USA) (i)",02 MAR 2013,965
104,14:23.36,,Chris STADLER,,USA,1f1,,"Haverford, PA (USA) (i)",02 FEB 2013,964
105,14:23.64,,Paulo PINHEIRO,09 JUL 1989,POR,2,,"Birmingham, AL (USA) (i)",23 FEB 2013,963
106,14:23.74,,Demetrios PAGONIS,,USA,2,,"Blacksburg, VA (USA) (i)",19 JAN 2013,963
107,14:23.87,,Eddie GARCIA,,USA,8f2,,"Fayetteville, AR (USA) (i)",24 FEB 2013,962
108,14:24.22,,John CRAIN,30 DEC 1985,USA,1,,"Whitewater, WI (USA) (i)",01 FEB 2013,961
109,14:24.44,,Aaron EASKER,,USA,1,,"Stevens Point, WI (USA) (i)",22 FEB 2013,960
110,14:24.45,,Bryan MARSH,,USA,1,,"Boston, MA (USA) (i)",02 MAR 2013,960
111,14:24.80,,Eric JENKINS,24 NOV 1991,USA,1f2,,"Boston, MA (USA) (i)",22 FEB 2013,959
112,14:24.98,,Dan LENNON,25 JUL 1994,USA,8,,"Boston, MA (USA) (i)",02 MAR 2013,958
113,14:24.99,,David STILIN,23 JUN 1991,USA,2,,"Stevens Point, WI (USA) (i)",22 FEB 2013,958
114,14:25.22,,Evan ESSELINK,28 FEB 1992,CAN,7,,"Bloomington, IN (USA) (i)",13 DEC 2013,958
115,14:25.56,,Tom ANDERSON,12 JAN 1990,GBR,2f2,,"Kingston, RI (USA) (i)",16 FEB 2013,956
116,14:25.70,,Marc SCOTT,21 DEC 1993,GBR,3,,"Birmingham, AL (USA) (i)",23 FEB 2013,956
117,14:25.81,,Jonathan GAULT,03 FEB 1991,USA,2f1,,"Boston, MA (USA) (i)",26 JAN 2013,956
118,14:26.26,,Reed KAMYSZEK,21 APR 1992,USA,4,,"University Park, PA (USA) (i)",25 JAN 2013,954
119,14:26.28,,Tim RACKERS,07 MAR 1993,USA,4,,"Birmingham, AL (USA) (i)",23 FEB 2013,954
120,14:26.35,,Roman POZDYAYKIN,22 DEC 1989,RUS,14f2,,Moskva (RUS) (i),14 FEB 2013,954
121,14:26.58,,Ben SATHRE,23 APR 1990,USA,1,,St. Paul (USA) (i),08 FEB 2013,953
122,14:26.63,,Kevin JOHNSON,,USA,6,,"Cambridge, MA (USA) (i)",24 FEB 2013,953
123,14:26.69,,Dan QUIGLEY,14 JAN 1989,USA,2,,"Fayetteville, AR (USA) (i)",08 FEB 2013,953
124,14:27.20,,Josh HARDIN,12 MAY 1991,USA,9,,"Boston, MA (USA) (i)",02 MAR 2013,951
125,14:27.28,,Carl SMITH,,USA,8,,"Bloomington, IN (USA) (i)",13 DEC 2013,951
126,14:27.39,,Matthew SCHWARTZER,13 NOV 1993,USA,9,,"Bloomington, IN (USA) (i)",13 DEC 2013,950
127,14:27.42,,Christopher JOHNSON,,USA,7,,"New York, NY (USA) (i)",01 FEB 2013,950
128,14:27.73,,Dylan O'SULLIVAN,14 MAY 1992,CAN,3f1,,"Boston, MA (USA) (i)",26 JAN 2013,949
129,14:28.16,,Samuel SEEKINS,,USA,2f2,,"Boston, MA (USA) (i)",22 FEB 2013,948
130,14:28.37,,Liam HILLERY,,USA,3f2,,"Boston, MA (USA) (i)",22 FEB 2013,947
131,14:28.46,,Jeff SCHIRMER,08 NOV 1986,USA,1,,"Bloomington, IN (USA) (i)",18 JAN 2013,947
132,14:28.53,,Dennis HODAPP,24 MAR 1992,USA,5,,"Birmingham, AL (USA) (i)",23 FEB 2013,947
133,14:28.54,,Andrew BRODEUR,23 APR 1990,USA,3,,"Blacksburg, VA (USA) (i)",19 JAN 2013,947
134,14:28.61,,Michael LEDUC,,USA,1,,"Boston, MA (USA) (i)",11 FEB 2013,946
135,14:28.63,,Jordan VALLE,,USA,3,,"Fayetteville, AR (USA) (i)",08 FEB 2013,946
136,14:28.79,,Peter KISSIN,,USA,2f1,,"Haverford, PA (USA) (i)",02 FEB 2013,946
137,14:28.89,,Johnnie GUY,,USA,2,,"Indianapolis, IN (USA) (i)",22 FEB 2013,945
138,14:28.92,,John CRAIN,27 MAY 1992,USA,2,,"Naperville, IL (USA) (i)",09 MAR 2013,945
139,14:29.08,,Gabe CUADRA,05 NOV 1989,USA,6,,"Birmingham, AL (USA) (i)",23 FEB 2013,945
140,14:29.18,,Kevin LUNN,,USA,1,,"New Haven, CT (USA) (i)",01 FEB 2013,944
141,14:29.20,,Caleb EDMONDS,,USA,4,,"Blacksburg, VA (USA) (i)",19 JAN 2013,944
142,14:29.28,,Jeremie BOURGET,1993,CAN,10,,"Boston, MA (USA) (i)",02 MAR 2013,944
143,14:29.58,,Matthew MCCLINTOCK,06 JAN 1994,USA,6,,"Bloomington, IN (USA) (i)",26 JAN 2013,943
144,14:29.64,,Samuel MUELLER,,USA,4,,"Lincoln, NE (USA) (i)",01 FEB 2013,943
145,14:29.79,,Jordan SCHILIT,,USA,3f1,,"Haverford, PA (USA) (i)",02 FEB 2013,942
146,14:29.82,,Arquimed DELACRUZ,,USA,11,,"Boston, MA (USA) (i)",02 MAR 2013,942
147,14:29.94,,Robert YAMNICKY,,USA,12,,"Boston, MA (USA) (i)",02 MAR 2013,942
148,14:30.69,,Artyom APLACHKIN,16 JUL 1991,RUS,5f1,,Moskva (RUS) (i),14 FEB 2013,939
149,14:31.04,,Ian LAMERE,,USA,3,,"Stevens Point, WI (USA) (i)",22 FEB 2013,938
150,14:31.30,,Robby NIERMAN,,USA,10,,"Bloomington, IN (USA) (i)",13 DEC 2013,937
151,14:31.31,,Jack DAVIES,,USA,5f1,,"Boston, MA (USA) (i)",26 JAN 2013,937
152,14:31.44,,Austin DUCKWORTH,,USA,6f1,,"Fayetteville, AR (USA) (i)",24 FEB 2013,937
153,14:31.48,,Tyler BYRNE,12 NOV 1991,USA,7,,"Bloomington, IN (USA) (i)",26 JAN 2013,937
154,14:31.64,,Phil SCHNEIDER,,USA,10,,"Birmingham, AL (USA) (i)",08 MAR 2013,936
155,14:31.92,,Patrick JENKINS,,USA,4,,"Stevens Point, WI (USA) (i)",22 FEB 2013,935
156,14:32.09,,Bobby OVER,01 OCT 1990,USA,4,,"Naperville, IL (USA) (i)",09 MAR 2013,935
157,14:32.14,,Ryan KELLEY,,USA,13,,"Boston, MA (USA) (i)",02 MAR 2013,935
158,14:32.41,,Steve IGLEHART,,USA,8,,"New York, NY (USA) (i)",01 FEB 2013,934
159,14:32.48,,Darrel GOODING,20 JAN 1994,USA,14,,"Boston, MA (USA) (i)",02 MAR 2013,934
160,14:32.69,,Niklas BÜHNER,1989,GER,7f1,,"Fayetteville, AR (USA) (i)",24 FEB 2013,933
161,14:32.71,,Thomas OHLMAN,15 MAY 1992,USA,9,,"New York, NY (USA) (i)",01 FEB 2013,933
162,14:32.74,,Brian KING,,USA,5,,"University Park, PA (USA) (i)",25 JAN 2013,933
163,14:32.92,,Will GEIKEN,01 MAY 1993,USA,15,,"Boston, MA (USA) (i)",02 MAR 2013,932
164,14:32.93,,Tyler UDLAND,18 MAR 1992,USA,8,,"Cambridge, MA (USA) (i)",24 FEB 2013,932
165,14:33.00,,E Kelton CULLENBERG,,USA,16,,"Boston, MA (USA) (i)",02 MAR 2013,932
166,14:33.01,,James PANETTA,,USA,7f1,,"Boston, MA (USA) (i)",26 JAN 2013,932
167,14:33.16,,Thomas TRAINER,,USA,1,,"New York, NY (USA) (i)",18 JAN 2013,931
168,14:33.36,,Kevin DOONEY,07 JUL 1993,IRL,9,,"Cambridge, MA (USA) (i)",24 FEB 2013,931
169,14:33.39,,Matt BELL,,USA,2,,"Nampa, ID (USA) (i)",22 FEB 2013,931
170,14:33.63,,Kyle MARKS,,USA,8f1,,"Boston, MA (USA) (i)",26 JAN 2013,930
171,14:33.69,,Trent LUSIGNAN,,USA,1,,"Vermillion, SD (USA) (i)",25 FEB 2013,930
172,14:33.79,,Kevin WILLIAMS,14 APR 1990,USA,16,,"Fayetteville, AR (USA) (i)",08 MAR 2013,929
173,14:33.83,,Terefe EJIGU,14 OCT 1988,NZL,1,,"Ypsilanti, MI (USA) (i)",22 FEB 2013,929
174,14:33.86,,Phil ROYER,18 DEC 1990,USA,10,,"Cambridge, MA (USA) (i)",24 FEB 2013,929
175,14:33.92,,William JONES,,USA,1,,"Columbus, OH (USA) (i)",16 FEB 2013,929
176,14:33.99,,Billy WHITMORE,,USA,2,,"Whitewater, WI (USA) (i)",01 FEB 2013,929
177,14:34.42,,Mattias WOLTER,27 MAR 1991,CAN,1,,"Bloomington, IN (USA) (i)",26 JAN 2013,927
178,14:34.53,,Isaiah BRAGG,,USA,3,,"Nampa, ID (USA) (i)",22 FEB 2013,927
179,14:34.74,,Jeremy DRENCKHAHN,,USA,4,,"Nampa, ID (USA) (i)",22 FEB 2013,926
180,14:34.90,,Matt KANE,09 APR 1990,USA,2,,"New York, NY (USA) (i)",18 JAN 2013,926
181,14:34.96,,Brian WELCH,04 JUN 1990,USA,6f2,,"Blacksburg, VA (USA) (i)",22 FEB 2013,925
182,14:35.18,,Kieran CLEMENTS,20 NOV 1993,GBR,2,,"New York, NY (USA) (i)",15 FEB 2013,925
183,14:35.32,,Andrew EPPERSON,24 NOV 1990,USA,12,,"Birmingham, AL (USA) (i)",08 MAR 2013,924
184,14:35.39,,Ernest Kipruto KIBET,15 FEB 1984,KEN,9,,"Bloomington, IN (USA) (i)",26 JAN 2013,924
185,14:35.43,,Zachary KRAUSE,01 SEP 1993,USA,1f2,,"Boston, MA (USA) (i)",07 DEC 2013,924
186,14:35.46,,Michael HELLER,25 FEB 1990,USA,2,,"Ypsilanti, MI (USA) (i)",22 FEB 2013,924
187,14:35.59,,Brenden LEAVITT,,USA,1,,"New York, NY (USA) (i)",02 FEB 2013,923
188,14:35.68,,Benji XIE,,USA,4f2,,"Boston, MA (USA) (i)",22 FEB 2013,923
189,14:35.96,,Albaro ESCALERA,15 AUG 1991,USA,10,,"Bloomington, IN (USA) (i)",26 JAN 2013,922
190,14:36.04,,Joseph CHEBET,25 AUG 1991,UGA,1f2,,"Jonesboro, AR (USA) (i)",24 FEB 2013,922
191,14:36.07,,Tully HANNAN,,USA,10f1,,"Boston, MA (USA) (i)",26 JAN 2013,922
191,14:36.07,,Boris ZAKHAROV,31 MAR 1984,RUS,15f2,,Moskva (RUS) (i),14 FEB 2013,922
193,14:36.11,,John SWEENEY,,USA,17,,"Boston, MA (USA) (i)",02 MAR 2013,922
194,14:36.72,,Sean STAM,,USA,6,,"Nampa, ID (USA) (i)",22 FEB 2013,920
195,14:36.77,,Neal ANDERSON,27 MAY 1990,USA,3,,"Cedar Falls, IA (USA) (i)",24 FEB 2013,919
196,14:37.08,,Phil RIZZO,,USA,2,,"Bloomington, IN (USA) (i)",26 JAN 2013,918
197,14:37.12,,Anthony DENTINO,29 MAR 1993,USA,11f1,,"Boston, MA (USA) (i)",26 JAN 2013,918
198,14:37.19,,Michael BLASZCZYK,23 JUL 1992,USA,3,,"Bloomington, IN (USA) (i)",26 JAN 2013,918
199,14:37.38,,Patrick CRAWFORD,,USA,2,,"Winston Salem, NC (USA) (i)",22 FEB 2013,917
200,14:37.54,,Travis FITZKE,22 MAR 1990,USA,2,,"Vermillion, SD (USA) (i)",25 FEB 2013,917
200,14:37.54,,Francis EANES,,USA,1,,"Stevens Point, WI (USA) (i)",02 MAR 2013,917
202,14:37.57,,Sergey POPOV,07 APR 1989,RUS,6f1,,Moskva (RUS) (i),14 FEB 2013,917
203,14:37.71,,Demetri GOUTOS,,USA,2,,"New Haven, CT (USA) (i)",01 FEB 2013,916
204,14:37.72,,Tyler JONES,,USA,7,,"University Park, PA (USA) (i)",25 JAN 2013,916
205,14:37.75,,Shaun THOMPSON,14 JUN 1993,USA,7f2,,"Blacksburg, VA (USA) (i)",22 FEB 2013,916
206,14:37.76,,Dan KERR,,USA,1,,"Angola, IN (USA) (i)",23 FEB 2013,916
207,14:37.82,,Ryan RUTHERFORD,02 JUL 1992,USA,4,,"Cedar Falls, IA (USA) (i)",24 FEB 2013,916
208,14:37.97,,Jeff VEIGA,,USA,5f2,,"Boston, MA (USA) (i)",22 FEB 2013,916
209,14:38.01,,Ben LARSON,,USA,7,,"Nampa, ID (USA) (i)",22 FEB 2013,915
210,14:38.16,,Stephen DERLATH,,USA,2,,"New York, NY (USA) (i)",02 FEB 2013,915
211,14:38.18,,Christopher FOLEY,20 OCT 1991,USA,4f1,,"Blacksburg, VA (USA) (i)",22 FEB 2013,915
212,14:38.21,,Maksim KARAMASHEV,01 MAY 1987,RUS,7f1,,Moskva (RUS) (i),14 FEB 2013,915
213,14:38.25,,Kirill TRISHKANOV,21 JAN 1993,RUS,8f1,,Moskva (RUS) (i),14 FEB 2013,915
214,14:38.45,,Edward OWENS,11 AUG 1993,USA,1,,"Annapolis, MD (USA) (i)",26 JAN 2013,914
215,14:38.58,,Sean FERGUSON,,USA,2,,"Roxbury, MA (USA) (i)",14 DEC 2013,914
216,14:38.77,,Alex MAVROVIC,1991,CAN,3,,"New York, NY (USA) (i)",02 FEB 2013,913
216,14:38.77,,John PICKHAVER,,USA,3,,"New York, NY (USA) (i)",02 FEB 2013,913
218,14:38.80,,Andrew COELHO,15 NOV 1991,USA,5,,"New York, NY (USA) (i)",08 FEB 2013,913
219,14:38.94,,Kyle COCHRUN,,USA,3,,"Ypsilanti, MI (USA) (i)",22 FEB 2013,912
220,14:39.10,,Hayden LEGG,29 OCT 1990,USA,9f2,,"Fayetteville, AR (USA) (i)",24 FEB 2013,912
221,14:39.17,,Zach FRAIELLI,01 MAR 1993,USA,2f2,,"Boston, MA (USA) (i)",07 DEC 2013,912
222,14:39.21,,Tanner FRUIT,,USA,13,,"Birmingham, AL (USA) (i)",08 MAR 2013,912
223,14:39.22,,Warren WITCHELL,03 SEP 1991,USA,4,,"Ypsilanti, MI (USA) (i)",22 FEB 2013,911
224,14:39.36,,Eric DUBOIS,,USA,4f1,,"Haverford, PA (USA) (i)",02 FEB 2013,911
225,14:39.61,,Ethan LIEVENSE,30 DEC 1991,USA,5,,"Ypsilanti, MI (USA) (i)",22 FEB 2013,910
226,14:39.94,,Hank GEER,24 APR 1991,USA,5,,"New York, NY (USA) (i)",02 FEB 2013,909
227,14:40.15,,William VOLKMANN,,USA,6,,"New York, NY (USA) (i)",02 FEB 2013,908
228,14:40.16,,James MILLER,,USA,10,,"New York, NY (USA) (i)",01 FEB 2013,908
229,14:40.34,,John CAVALLO,,USA,7,,"Birmingham, AL (USA) (i)",23 FEB 2013,908
230,14:40.74,,Greg MORRIN,,USA,1,,"University Park, PA (USA) (i)",25 JAN 2013,907
231,14:40.98,,Ben FRUCHT,,USA,8,,"University Park, PA (USA) (i)",25 JAN 2013,906
232,14:41.01,,Anthony BONGARD,,USA,4,,"Vermillion, SD (USA) (i)",25 FEB 2013,906
233,14:41.17,,Nathan MARTIN,18 DEC 1989,USA,1,,"Marion, IN (USA) (i)",15 FEB 2013,905
234,14:41.32,,Aaron BACK,,USA,8,,"Nampa, ID (USA) (i)",22 FEB 2013,905
235,14:41.35,,Andy ASHENDEN,,USA,2,,"Stevens Point, WI (USA) (i)",02 MAR 2013,905
236,14:41.43,,Ryan MILLER,,USA,7,,"New York, NY (USA) (i)",02 FEB 2013,904
237,14:41.98,,Kipchirchir N'GETICH,,KEN,20,,"Boston, MA (USA) (i)",02 MAR 2013,903
238,14:42.10,,Laban SIALO,06 JUN 1983,KEN,1,,"Warrensburg, MO (USA) (i)",23 FEB 2013,902
239,14:42.22,,Jobadiah CHRISTIANSEN,,USA,2f1,,"Bourbonnais, IL (USA) (i)",26 JAN 2013,902
240,14:42.29,,Dylan KARTEN,,USA,6,,"New York, NY (USA) (i)",08 FEB 2013,902
241,14:42.83,,Connor SHERYAK,,USA,1,,"Annapolis, MD (USA) (i)",06 DEC 2013,900
242,14:42.89,,Michael MARTIN,,USA,6f2,,"Boston, MA (USA) (i)",22 FEB 2013,900
242,14:42.89,,Jonathan CHARLESWORTH,,USA,3f2,,"Boston, MA (USA) (i)",07 DEC 2013,900
244,14:43.13,,Michael MANSY,,USA,8f2,,"Blacksburg, VA (USA) (i)",22 FEB 2013,899
245,14:43.25,,Paul THISTLE,,USA,2,,"University Park, PA (USA) (i)",25 JAN 2013,898
246,14:43.65,,Griff GRAVES,01 FEB 1990,USA,9,,"University Park, PA (USA) (i)",25 JAN 2013,897
247,14:43.67,,Daniel HARPER,,USA,1,,"Boston, MA (USA) (i)",17 FEB 2013,897
248,14:43.77,,Sean SMITH,,USA,3f1,,"Indianapolis, IN (USA) (i)",02 FEB 2013,897
249,14:43.79,,John DEWITT,30 APR 1991,USA,5,,"Stevens Point, WI (USA) (i)",22 FEB 2013,897
250,14:43.84,,Dmitriy KUTS,01 OCT 1979,RUS,9f1,,Moskva (RUS) (i),14 FEB 2013,897
251,14:44.05,,Chris KIBLER,,USA,2,,"Boston, MA (USA) (i)",17 FEB 2013,896
252,14:44.13,,Tom LUFF,,USA,10,,"University Park, PA (USA) (i)",25 JAN 2013,896
253,14:44.19,,Artyom ALEKSEYEV,11 MAY 1989,RUS,10f1,,Moskva (RUS) (i),14 FEB 2013,895
254,14:44.37,,Tristan SELBY,15 NOV 1991,USA,5,,"Cedar Falls, IA (USA) (i)",24 FEB 2013,895
255,14:44.40,,Barak WATSON,,USA,9,,"Nampa, ID (USA) (i)",22 FEB 2013,895
256,14:44.56,,Tim ZELLMER,,USA,4f2,,"Kingston, RI (USA) (i)",16 FEB 2013,894
257,14:44.61,,Ethan CLARY,06 MAY 1989,USA,3,,"New York, NY (USA) (i)",18 JAN 2013,894
258,14:44.66,,Brian BASILI,,USA,4,,"New York, NY (USA) (i)",18 JAN 2013,894
259,14:44.70,,Elphas MAIYO,,KEN,8,,"Birmingham, AL (USA) (i)",23 FEB 2013,894
260,14:44.92,,Igor VOROBYEV,07 DEC 1985,RUS,11f1,,Moskva (RUS) (i),14 FEB 2013,893
261,14:45.04,,Michael SCOLARICI,,USA,5f2,,"Kingston, RI (USA) (i)",16 FEB 2013,893
262,14:45.14,,Pablo RAMIREZ,,USA,1,,"Charleston, IL (USA) (i)",22 FEB 2013,892
263,14:45.28,,Mike O'DOWD,,USA,3,,"New York, NY (USA) (i)",15 FEB 2013,892
264,14:45.59,,Harry DIXON,28 AUG 1990,NZL,6,,"Ypsilanti, MI (USA) (i)",22 FEB 2013,891
265,14:46.39,,Josey WEAVER,,USA,4f2,,"Winston Salem, NC (USA) (i)",24 FEB 2013,888
266,14:46.45,,Ryan GOUSSE,,USA,1,,"Newport News, VA (USA) (i)",07 DEC 2013,888
267,14:46.52,,Kevin SPARKS,,USA,1,,"Monmouth, IL (USA) (i)",09 FEB 2013,888
268,14:46.63,,Vitaliy LAGUSHIN,19 APR 1993,RUS,12f1,,Moskva (RUS) (i),14 FEB 2013,888
269,14:46.71,,Ethan MARQUARDT,27 AUG 1990,USA,5,,"Lincoln, NE (USA) (i)",01 FEB 2013,887
270,14:46.84,,Antoine GISORE,,USA,7f2,,"Boston, MA (USA) (i)",22 FEB 2013,887
271,14:46.97,,Matt THWAITES,,USA,13,,"Cambridge, MA (USA) (i)",24 FEB 2013,886
272,14:47.06,,Kyle DAVIS,,USA,2,,"Annapolis, MD (USA) (i)",06 DEC 2013,886
273,14:47.34,,Sam POSER,,USA,6,,"Stevens Point, WI (USA) (i)",22 FEB 2013,885
274,14:47.43,,Yoseph-Fabien GOASDOUE,07 SEP 1990,FRA,2,,"Charleston, IL (USA) (i)",22 FEB 2013,885
275,14:47.63,,John RANERI,23 OCT 1991,USA,9f2,,"Blacksburg, VA (USA) (i)",22 FEB 2013,884
276,14:47.64,,Khari BOWEN,29 APR 1993,USA,15f1,,"Boston, MA (USA) (i)",26 JAN 2013,884
277,14:47.67,,Jeppe HARBOE,23 FEB 1992,DEN,3,,"Charleston, IL (USA) (i)",22 FEB 2013,884
278,14:47.70,,Max ROBINSON,,USA,4,,"University Park, PA (USA) (i)",25 JAN 2013,884
279,14:47.78,,Ryan MCGUIRE,,USA,1,,"University Park, PA (USA) (i)",02 FEB 2013,884
280,14:47.82,,Adam VOLKERT,14 MAR 1991,USA,2,,"Warrensburg, MO (USA) (i)",23 FEB 2013,884
281,14:47.85,,Alex BRIMSTEIN,,USA,1f2,,"Ithaca, NY (USA) (i)",09 FEB 2013,884
282,14:47.98,,Geoffery NJONJO,,KEN,2,,"Marion, IN (USA) (i)",15 FEB 2013,883
283,14:47.99,,Sean DUNCAN,06 JUL 1989,USA,3,,"Boston, MA (USA) (i)",17 FEB 2013,883
284,14:48.13,,John DUGAN,,USA,6,,"West Point, NY (USA) (i)",16 FEB 2013,883
285,14:48.15,,Michael LILLEY,,USA,5f2,,"Winston Salem, NC (USA) (i)",24 FEB 2013,883
286,14:48.36,,Phillip MILLER,,USA,3,,"Warrensburg, MO (USA) (i)",23 FEB 2013,882
287,14:48.54,,Dan KUHMAN,,USA,9,,"Birmingham, AL (USA) (i)",23 FEB 2013,881
288,14:48.62,,David ROONEY,30 MAR 1988,IRL,1,,"Norman, OK (USA) (i)",22 FEB 2013,881
289,14:48.68,,Matthew PERRI,,USA,1,,"Houston, TX (USA) (i)",18 JAN 2013,881
290,14:48.71,,Daniel ROARK,20 SEP 1989,USA,7f2,,"Kingston, RI (USA) (i)",16 FEB 2013,881
291,14:48.85,,Ken WALSHAK,,USA,17f1,,"Boston, MA (USA) (i)",26 JAN 2013,880
292,14:49.07,,Joshua MIRTH,,USA,2,,"Bloomington, IN (USA) (i)",18 JAN 2013,880
293,14:49.17,,Vasili PAPASTRAT,,USA,3,,"Boston, MA (USA) (i)",11 FEB 2013,879
294,14:49.29,,David BARNEY,,USA,3,,"Newport News, VA (USA) (i)",07 DEC 2013,879
295,14:49.46,,Chris SPUDIC,,USA,10f2,,"Fayetteville, AR (USA) (i)",24 FEB 2013,878
296,14:49.60,,Michael CUNETTA,,USA,4,,"New Haven, CT (USA) (i)",01 FEB 2013,878
296,14:49.60,,Nathaniel GHENA,,USA,7,,"Ypsilanti, MI (USA) (i)",22 FEB 2013,878
298,14:49.63,,Brian GRAVES,,USA,1,,"Winston Salem, NC (USA) (i)",01 FEB 2013,878
299,14:49.79,,Collin LEIBOLD,13 DEC 1987,USA,11,,"University Park, PA (USA) (i)",25 JAN 2013,877
300,14:49.89,,Brian DIXON,08 NOV 1991,USA,6,,"Cedar Falls, IA (USA) (i)",24 FEB 2013,877
301,14:49.91,,Macky LLOYD,,USA,1,,"West Point, NY (USA) (i)",05 JAN 2013,877
302,14:50.13,,William ROONEY,,USA,7,,"Blacksburg, VA (USA) (i)",19 JAN 2013,876
303,14:50.38,,Brendan SMITH,28 JUL 1994,USA,15,,"Cambridge, MA (USA) (i)",24 FEB 2013,876
304,14:50.49,,Bill WAY,,USA,2f2,,"Ithaca, NY (USA) (i)",09 FEB 2013,875
305,14:50.56,,Nick SCHRADER,07 JUN 1992,USA,7,,"Cedar Falls, IA (USA) (i)",24 FEB 2013,875
306,14:50.65,,Brandon REED,11 MAY 1989,USA,4,,"Fayetteville, AR (USA) (i)",08 FEB 2013,875
307,14:50.75,,Jeff LACOSTE,,USA,4,,"Winston Salem, NC (USA) (i)",22 FEB 2013,874
308,14:51.00,,Trevor POLSON,21 JUN 1992,USA,1,,"Pocatello, ID (USA) (i)",01 FEB 2013,874
309,14:51.09,,Timothy PHELPS,,USA,6,,"New Haven, CT (USA) (i)",01 FEB 2013,873
310,14:51.16,,Clay ELWARD,,USA,4,,"Annapolis, MD (USA) (i)",26 JAN 2013,873
311,14:51.21,,Alex SAAVEDRA,,USA,8,,"Ypsilanti, MI (USA) (i)",22 FEB 2013,873
312,14:51.30,,Vasiliy LARKIN,19 AUG 1991,RUS,13f1,,Moskva (RUS) (i),14 FEB 2013,873
313,14:51.39,,Mitch EASKER,,USA,7,,"Stevens Point, WI (USA) (i)",22 FEB 2013,872
314,14:51.40,,Jason SANTOS,,USA,4,,"Boston, MA (USA) (i)",11 FEB 2013,872
315,14:51.83,,Ryan LEE,,USA,8,,"Blacksburg, VA (USA) (i)",19 JAN 2013,871
316,14:51.93,,Max STRANEVA,02 MAY 1992,USA,12,,"University Park, PA (USA) (i)",25 JAN 2013,871
317,14:51.94,,Matt MILLER,,USA,4,,"Charleston, IL (USA) (i)",22 FEB 2013,871
318,14:51.95,,Tito MEDRANO,01 FEB 1990,USA,23,,"Boston, MA (USA) (i)",02 MAR 2013,871
319,14:52.04,,Josh FOSS,,USA,3,,"Bloomington, IN (USA) (i)",18 JAN 2013,870
320,14:52.08,,Daniel CLIFFE,23 DEC 1990,GBR,2,,"Norman, OK (USA) (i)",22 FEB 2013,870
321,14:52.09,,Amos BOWEN,,USA,10,,"Nampa, ID (USA) (i)",22 FEB 2013,870
321,14:52.09,,Daniel MUTAI,29 SEP 1986,KEN,2f2,,"Jonesboro, AR (USA) (i)",24 FEB 2013,870
323,14:52.11,,Matt GALVIN,,USA,5,,"Fayetteville, AR (USA) (i)",08 FEB 2013,870
324,14:52.21,,Jacob BARR,,USA,5,,"Stevens Point, WI (USA) (i)",02 MAR 2013,870
325,14:52.33,,James NAGLIERI,31 MAR 1993,USA,1,,"New York, NY (USA) (i)",25 JAN 2013,869
325,14:52.33,,Jonas HAMPTON,20 JAN 1989,USA,1f3,,"Boston, MA (USA) (i)",26 JAN 2013,869
327,14:52.37,,Hassan OMAR,07 DEC 1994,USA,5,,"Boston, MA (USA) (i)",11 FEB 2013,869
328,14:52.39,,Ryan ROOT,30 OCT 1991,USA,6,,"Whitewater, WI (USA) (i)",01 FEB 2013,869
329,14:52.45,,Matthew KACYON,1993,USA,9f2,,"Kingston, RI (USA) (i)",16 FEB 2013,869
330,14:52.46,,Brett KUBIAK,,USA,5f1,,"Haverford, PA (USA) (i)",02 FEB 2013,869
331,14:52.52,,Cory SINOTTE,,USA,3,,"Roxbury, MA (USA) (i)",14 DEC 2013,869
332,14:52.57,,Ryan MAHALSKY,27 APR 1993,USA,9,,"New York, NY (USA) (i)",02 FEB 2013,869
333,14:52.59,,Tyler PENCE,03 MAY 1993,USA,4f1,,"Indianapolis, IN (USA) (i)",02 FEB 2013,869
334,14:52.76,,Andrew FINE,,USA,6f1,,"Haverford, PA (USA) (i)",02 FEB 2013,868
335,14:52.82,,John HOLT,13 SEP 1990,USA,1,,"Blacksburg, VA (USA) (i)",16 FEB 2013,868
336,14:52.83,,Shadrack MATELONG,,KEN,3f2,,"Jonesboro, AR (USA) (i)",24 FEB 2013,868
337,14:52.86,,Nico GRECO,,USA,10f2,,"Kingston, RI (USA) (i)",16 FEB 2013,868
337,14:52.86,,Jared BRANDENBURG,,USA,6,,"Stevens Point, WI (USA) (i)",02 MAR 2013,868
339,14:52.87,,Nathan WANUCH,1990,CAN,7f2,,"Winston Salem, NC (USA) (i)",24 FEB 2013,868
340,14:52.99,,Matthew HOWARD,,USA,13,,"University Park, PA (USA) (i)",25 JAN 2013,867
341,14:53.02,,Joseph SWEENEY,17 OCT 1985,IRL,5,,"Annapolis, MD (USA) (i)",26 JAN 2013,867
342,14:53.04,,Alex CUSHMAN,,USA,5f1,,"Indianapolis, IN (USA) (i)",02 FEB 2013,867
343,14:53.08,,Matthew MCELROY,27 MAR 1992,USA,1,,"Bozeman, MT (USA) (i)",22 FEB 2013,867
344,14:53.10,,Anthony GAETANI,,USA,6,,"Boston, MA (USA) (i)",11 FEB 2013,867
344,14:53.10,,Matt RAND,,USA,3,,"Boston, MA (USA) (i)",02 MAR 2013,867
346,14:53.11,,Austin GREGOR,20 AUG 1993,USA,14,,"University Park, PA (USA) (i)",25 JAN 2013,867
347,14:53.33,,Ben DICKSHINSKI,,USA,8,,"Whitewater, WI (USA) (i)",01 FEB 2013,866
348,14:53.42,,Bryan LEWIS,,USA,5f1,,"Blacksburg, VA (USA) (i)",22 FEB 2013,866
349,14:53.47,,Tyler LEVERINGTON,12 MAR 1989,USA,7,,"Stevens Point, WI (USA) (i)",02 MAR 2013,866
350,14:53.49,,Eric DILLON,23 JUN 1992,CAN,8f1,,"Fayetteville, AR (USA) (i)",24 FEB 2013,866
351,14:53.56,,Barry BRITT,06 SEP 1990,CAN,1,,"Albuquerque, NM (USA) (i)",22 FEB 2013,865
352,14:53.57,,Edward TARAGON,01 JUN 1985,KEN,1,,"Levelland, TX (USA) (i)",16 FEB 2013,865
353,14:53.84,,Shaun KOEHN,,USA,4f2,,"Jonesboro, AR (USA) (i)",24 FEB 2013,865
354,14:53.86,,Ahmed ALI,1990,USA,1f1,,"Boston, MA (USA) (i)",22 FEB 2013,864
355,14:53.92,,Ryan MEYER,,USA,1,,"Columbia, MO (USA) (i)",15 FEB 2013,864
356,14:53.94,,Japhet KIPKOECH,1990,KEN,5,,"Bloomington, IN (USA) (i)",26 JAN 2013,864
357,14:53.95,,Brant HAASE,,USA,5,,"Vermillion, SD (USA) (i)",25 FEB 2013,864
358,14:53.99,,Willy KAUL,,USA,1,,"Naperville, IL (USA) (i)",15 FEB 2013,864
359,14:54.01,,Tyler MULLEN,03 APR 1990,USA,6,,"Bloomington, IN (USA) (i)",26 JAN 2013,864
360,14:54.06,,Andrew ERSKINE,,USA,4,,"Boston, MA (USA) (i)",17 FEB 2013,864
361,14:54.07,,John KRELL,,USA,9f2,,"Boston, MA (USA) (i)",22 FEB 2013,864
362,14:54.11,,Jovanny GODINEZ,29 OCT 1991,USA,2,,"Spearfish, SD (USA) (i)",22 FEB 2013,864
363,14:54.24,,Paul SNYDER,,USA,17,,"Cambridge, MA (USA) (i)",24 FEB 2013,863
364,14:54.27,,Patrizio GRANDINALI,27 OCT 1993,USA,6,,"Winston Salem, NC (USA) (i)",22 FEB 2013,863
364,14:54.27,,Elijah ARMSTRONG,15 AUG 1996,USA,1f2,,"New York, NY (USA) (i)",08 MAR 2013,863
366,14:54.39,,George GATHURU,,KEN,7,,"Lincoln, NE (USA) (i)",01 FEB 2013,863
367,14:54.44,,Peter GURNEY,,USA,1f2,,"Boston, MA (USA) (i)",26 JAN 2013,863
368,14:54.53,,TJ GLEASON,07 APR 1993,USA,1,,"Mankato, MN (USA) (i)",23 FEB 2013,862
369,14:54.57,,Steve POLITO,,USA,2f3,,"Boston, MA (USA) (i)",26 JAN 2013,862
370,14:54.66,,Kyle STACKS,,USA,9,,"Ypsilanti, MI (USA) (i)",22 FEB 2013,862
371,14:54.69,,John CHIRCHIR,,USA,4,,"Roxbury, MA (USA) (i)",14 DEC 2013,862
372,14:54.75,,Craig HUNT,07 DEC 1990,USA,1,,"Landover, MD (USA) (i)",10 FEB 2013,862
373,14:54.76,,Josh BADEN,10 AUG 1989,USA,11,,"New York, NY (USA) (i)",01 FEB 2013,862
374,14:54.86,,Greg WHITTLE,,USA,3f1,,"Bourbonnais, IL (USA) (i)",26 JAN 2013,861
375,14:54.90,,Matt LOWE,,USA,7,,"Bloomington, IN (USA) (i)",26 JAN 2013,861
376,14:55.05,,Cory KEEHN,,USA,4,,"Warrensburg, MO (USA) (i)",23 FEB 2013,861
377,14:55.13,,Sean MAGUIRE,,USA,2f1,,"Boston, MA (USA) (i)",22 FEB 2013,860
378,14:55.27,,Erik HOFFERBER,,USA,8,,"Stevens Point, WI (USA) (i)",22 FEB 2013,860
379,14:55.29,,Daniel MOORE,,USA,2,,"Blacksburg, VA (USA) (i)",16 FEB 2013,860
380,14:55.31,,Xavier KING,24 JAN 1993,CAN,10,,"New York, NY (USA) (i)",02 FEB 2013,860
381,14:55.40,,Tom HOPKINS,,USA,3f2,,"Ithaca, NY (USA) (i)",09 FEB 2013,860
382,14:55.41,,Max NORRIS,,USA,2f2,,"New York, NY (USA) (i)",08 MAR 2013,860
383,14:55.46,,Ben WALLIS,,USA,4,,"Boston, MA (USA) (i)",02 MAR 2013,859
384,14:55.47,,Cordell BAKER,,USA,8,,"Lincoln, NE (USA) (i)",01 FEB 2013,859
385,14:55.50,,Zach BUCHHEIT,,USA,8,,"Cedar Falls, IA (USA) (i)",24 FEB 2013,859
386,14:55.53,,Chris SCHULIST,28 SEP 1991,USA,7,,"Winston Salem, NC (USA) (i)",22 FEB 2013,859
387,14:55.54,,Seth GARBETT,15 NOV 1991,USA,2,,"Pocatello, ID (USA) (i)",01 FEB 2013,859
388,14:55.57,,Luke SOHL,,USA,11,,"New York, NY (USA) (i)",02 FEB 2013,859
389,14:55.66,,Bijan MAZAHERI,,USA,10f2,,"Boston, MA (USA) (i)",22 FEB 2013,859
390,14:55.82,,Jason AYR,,USA,5,,"Boston, MA (USA) (i)",17 FEB 2013,858
391,14:55.83,,Cabell WILLIS,,USA,8,,"Winston Salem, NC (USA) (i)",22 FEB 2013,858
392,14:55.84,,Justin GRAGG,,USA,2,,"Clemson, SC (USA) (i)",08 FEB 2013,858
393,14:55.89,,Derek LEE,,USA,5,,"Warrensburg, MO (USA) (i)",23 FEB 2013,858
394,14:56.02,,Spencer PECHA,23 DEC 1991,USA,3,,"Blacksburg, VA (USA) (i)",16 FEB 2013,858
395,14:56.14,,Chuck LOCKWOOD,,USA,1,,"Lewisburg, PA (USA) (i)",19 JAN 2013,857
396,14:56.17,,Charlie SCHINDLER,,USA,1,,"Haverford, PA (USA) (i)",14 DEC 2013,857
397,14:56.20,,Zach GRETH,,USA,2,,"Winston Salem, NC (USA) (i)",01 FEB 2013,857
397,14:56.20,,Kevin WOOD,21 AUG 1999,USA,5,,"Boston, MA (USA) (i)",02 MAR 2013,857
399,14:56.21,,Ethan TABBERT,,USA,9,,"Lincoln, NE (USA) (i)",01 FEB 2013,857
400,14:56.24,,Jonathan MOTT,10 FEB 1987,USA,1,,"Daytona Beach, FL (USA) (i)",16 FEB 2013,857
401,14:56.28,,Daniel DAY,,USA,6,,"University Park, PA (USA) (i)",25 JAN 2013,857
401,14:56.28,,Damir SAURBAYEV,16 FEB 1992,RUS,14f1,,Moskva (RUS) (i),14 FEB 2013,857
403,14:56.41,,Caleb HOOVER,22 JUL 1992,USA,2,,"Bozeman, MT (USA) (i)",22 FEB 2013,856
404,14:56.58,,Brian MCNAMARA,03 NOV 1982,USA,6,,"Boston, MA (USA) (i)",17 FEB 2013,856
405,14:56.64,,Adams RONNOH,,USA,5,,"Charleston, IL (USA) (i)",22 FEB 2013,856
406,14:56.70,,Schaffer OCHSTEIN,08 JUL 1994,USA,1,,"Lewisburg, PA (USA) (i)",09 FEB 2013,856
407,14:56.79,,Ryan FARNAN,,USA,9,,"Winston Salem, NC (USA) (i)",22 FEB 2013,855
408,14:56.92,,Jessop KEENE,,USA,9,,"Stevens Point, WI (USA) (i)",22 FEB 2013,855
409,14:56.96,,Patrick DERMODY,,USA,3f3,,"Boston, MA (USA) (i)",26 JAN 2013,855
410,14:56.98,,William HAGUE,,USA,4,,"Blacksburg, VA (USA) (i)",16 FEB 2013,855
411,14:56.99,,Cohen MILES-RATH,,USA,7,,"Boston, MA (USA) (i)",02 MAR 2013,855
412,14:57.17,,Samuel GAGNON,,USA,8,,"Boston, MA (USA) (i)",11 FEB 2013,854
413,14:57.21,,Adam SALOOM,29 NOV 1989,USA,3,,"Norman, OK (USA) (i)",22 FEB 2013,854
413,14:57.21,,Adam BRAUN,,USA,2,,"Mankato, MN (USA) (i)",23 FEB 2013,854
415,14:57.42,,Connor HERR,20 SEP 1994,USA,2,,"Ithaca, NY (USA) (i)",16 FEB 2013,853
416,14:57.49,,Peter GEITHNER,,USA,2f2,,"Boston, MA (USA) (i)",26 JAN 2013,853
416,14:57.49,,Elias CHESIRE,16 JAN 1988,KEN,1,,"Landover, MD (USA) (i)",14 FEB 2013,853
418,14:57.51,,Colin JOKISCH,,USA,12,,"New York, NY (USA) (i)",02 FEB 2013,853
418,14:57.51,,Erwin LEYSEN,15 NOV 1991,BEL,6,,"Charleston, IL (USA) (i)",22 FEB 2013,853
420,14:57.52,,David ECKHART,,USA,1,,"Charleston, IL (USA) (i)",15 FEB 2013,853
421,14:57.64,,Derek ALCORN,14 SEP 1991,USA,3,,"Spearfish, SD (USA) (i)",22 FEB 2013,853
422,14:57.68,,Garrett ZANS,05 DEC 1991,USA,11,,"Nampa, ID (USA) (i)",22 FEB 2013,852
423,14:57.71,,Zachary SPECTOR,,USA,2,,"Landover, MD (USA) (i)",10 FEB 2013,852
424,14:58.01,,Tim HARTUNG,,USA,2,,"Lewisburg, PA (USA) (i)",09 FEB 2013,851
425,14:58.04,,Cole DECKER,,USA,8,,"Stevens Point, WI (USA) (i)",02 MAR 2013,851
426,14:58.09,,Brett EGAN,08 MAR 1991,USA,9,,"Cedar Falls, IA (USA) (i)",24 FEB 2013,851
427,14:58.10,,David VANDEBUNTE,,USA,4f1,,"Bourbonnais, IL (USA) (i)",26 JAN 2013,851
428,14:58.15,,Andrew SHAPERO,,USA,3f2,,"Boston, MA (USA) (i)",26 JAN 2013,851
429,14:58.30,,Dylan REYES,,USA,8,,"Bloomington, IN (USA) (i)",26 JAN 2013,850
430,14:58.31,,Alejandro MONTANO,27 MAY 1992,USA,3,,"Bozeman, MT (USA) (i)",22 FEB 2013,850
431,14:58.32,,Michael KRSNAK,04 OCT 1989,USA,6,,"Vermillion, SD (USA) (i)",25 FEB 2013,850
432,14:58.37,,Anthony FIERIMONTE,,USA,2,,"Boston, MA (USA) (i)",07 DEC 2013,850
433,14:58.48,,Matt WALKER,2000,USA,3f1,,"Boston, MA (USA) (i)",22 FEB 2013,850
434,14:58.51,,Alex IZEWSKI,,USA,1f1,,"Kingston, RI (USA) (i)",16 FEB 2013,850
435,14:58.55,,Brian EIMSTAD,,USA,5f2,,"Boston, MA (USA) (i)",26 JAN 2013,850
436,14:58.59,,Chris YORK,09 MAR 1991,USA,2f1,,"Kingston, RI (USA) (i)",16 FEB 2013,850
437,14:58.63,,Clay MEYER,,USA,6f1,,"Indianapolis, IN (USA) (i)",02 FEB 2013,849
438,14:58.65,,Jacob BALL,,USA,3,,"Mankato, MN (USA) (i)",23 FEB 2013,849
439,14:58.72,,Eric WALLOR,12 FEB 1983,USA,1,,"Kenosha, WI (USA) (i)",01 MAR 2013,849
440,14:58.74,,Reece AYERS,21 JUN 1992,USA,13,,"New York, NY (USA) (i)",02 FEB 2013,849
441,14:58.76,,Tyler ANDREWS,04 MAY 1990,USA,9,,"Boston, MA (USA) (i)",02 MAR 2013,849
442,14:58.85,,Kyle OVERWAY,1993,USA,6,,"Bloomington, IN (USA) (i)",18 JAN 2013,849
443,14:58.91,,Alexander MERRALL,,USA,6,,"Annapolis, MD (USA) (i)",26 JAN 2013,849
444,14:58.92,,Bradley MILES,18 SEP 1991,USA,6,,"Fayetteville, AR (USA) (i)",08 FEB 2013,849
445,14:59.04,,John KENWORTHY,,USA,6f2,,"Boston, MA (USA) (i)",26 JAN 2013,848
446,14:59.66,,James MCBRIDE,,USA,7,,"New Haven, CT (USA) (i)",01 FEB 2013,846
447,14:59.70,,Vincent WEIR,1990,USA,1,,"Winston Salem, NC (USA) (i)",19 JAN 2013,846
448,14:59.78,,Sam KIRTNER,,USA,8,,"New Haven, CT (USA) (i)",01 FEB 2013,846
449,14:59.99,,Xavier RODRIGUEZ,,USA,4,,"Norman, OK (USA) (i)",22 FEB 2013,845
450,15:00.00,,Trevor SLEIGHT,,USA,4,,"Newport News, VA (USA) (i)",07 DEC 2013,845
