Rank,Mark,Competitor,DOB,Nat,Pos,,Venue,Date,ResultScore
1,12:52.98,,Telahun Haile BEKELE,13 MAY 1999,ETH,1,,"Stadio Olimpico, Roma (ITA)",06 JUN 2019,1235
2,12:53.04,,Selemon BAREGA,20 JAN 2000,ETH,2,,"Stadio Olimpico, Roma (ITA)",06 JUN 2019,1235
3,12:54.92,,Hagos GEBRHIWET,11 MAY 1994,ETH,3,,"Stadio Olimpico, Roma (ITA)",06 JUN 2019,1228
4,12:56.26,,Birhanu BALEW,27 FEB 1996,BRN,4,,"Stadio Olimpico, Roma (ITA)",06 JUN 2019,1223
5,12:56.48,,Abadi HADIS,06 NOV 1997,ETH,5,,"Stadio Olimpico, Roma (ITA)",06 JUN 2019,1223
6,12:57.41,,Joshua CHEPTEGEI,12 SEP 1996,UGA,1,,"Letzigrund, Zürich (SUI)",29 AUG 2019,1219
7,12:57.90,,Nicholas KIPKORIR,29 SEP 1998,KEN,2,,"FBK Stadium, Hengelo (NED)",09 JUN 2019,1217
8,12:58.10,,William KINCAID,21 SEP 1992,USA,1,,"Michael Johnson Track, Nike Campus, Beaverton, OR (USA)",10 SEP 2019,1217
9,12:58.16,,Mohammed AHMED,05 JAN 1991,CAN,6,,"Stadio Olimpico, Roma (ITA)",06 JUN 2019,1216
10,12:58.85,,Muktar EDRIS,14 JAN 1994,ETH,1,,"Khalifa International Stadium, Doha (QAT)",30 SEP 2019,1214
11,13:00.13,,Lopez LOMONG,01 JAN 1985,USA,2,,"Michael Johnson Track, Nike Campus, Beaverton, OR (USA)",10 SEP 2019,1209
12,13:00.39,,Matthew CENTROWITZ,18 OCT 1989,USA,3,,"Michael Johnson Track, Nike Campus, Beaverton, OR (USA)",10 SEP 2019,1208
13,13:00.56,,Yomif KEJELCHA,01 AUG 1997,ETH,1,,"Stade Olympique de la Pontaise, Lausanne (SUI)",05 JUL 2019,1208
14,13:02.03,,Jakob INGEBRIGTSEN,19 SEP 2000,NOR,2,,"Olympic Stadium, London (GBR)",20 JUL 2019,1202
15,13:02.08,,Solomon BERIHU,02 OCT 1999,ETH,3,,"FBK Stadium, Hengelo (NED)",09 JUN 2019,1202
16,13:03.08,,Jacob KROP,04 JUN 2001,KEN,6,,"Khalifa International Stadium, Doha (QAT)",30 SEP 2019,1198
17,13:03.19,,Edward Zakayo PINGUA,25 NOV 2001,KEN,7,,"Stadio Olimpico, Roma (ITA)",06 JUN 2019,1198
18,13:04.44,,Edward CHESEREK,02 FEB 1994,KEN,1f1,,Heusden-Zolder (BEL),20 JUL 2019,1193
19,13:04.60,,Paul CHELIMO,27 OCT 1990,USA,7,,"Khalifa International Stadium, Doha (QAT)",30 SEP 2019,1193
20,13:05.21,,Stanley Waithaka MBURU,09 APR 2000,KEN,2f1,,Heusden-Zolder (BEL),20 JUL 2019,1191
21,13:05.63,,Stewart MCSWEYN,01 JUN 1995,AUS,4,,"Olympic Stadium, London (GBR)",20 JUL 2019,1189
22,13:06.10,,Paul Kipngetich TANUI,22 DEC 1990,KEN,7,,"Stade Olympique de la Pontaise, Lausanne (SUI)",05 JUL 2019,1187
23,13:06.21,,Andrew BUTCHART,14 OCT 1991,GBR,5,,"Olympic Stadium, London (GBR)",20 JUL 2019,1187
24,13:07.40,,Rhonex KIPRUTO,12 OCT 1999,KEN,6,,"Olympic Stadium, London (GBR)",20 JUL 2019,1183
25,13:07.55,,Davis KIPLANGAT,10 JUL 1998,KEN,4,,"FBK Stadium, Hengelo (NED)",09 JUN 2019,1182
26,13:07.84,,Yemaneberhan CRIPPA,15 OCT 1996,ITA,7,,"Olympic Stadium, London (GBR)",20 JUL 2019,1181
27,13:09.76,,Justyn KNIGHT,19 JUL 1996,CAN,10,,"Stadio Olimpico, Roma (ITA)",06 JUN 2019,1174
28,13:09.79,,Richard YATOR,04 JUN 1998,KEN,11,,"Stade Olympique de la Pontaise, Lausanne (SUI)",05 JUL 2019,1174
29,13:09.81,,Ben TRUE,29 DEC 1985,USA,11,,"Stadio Olimpico, Roma (ITA)",06 JUN 2019,1174
30,13:10.21,,Bethwell BIRGEN,06 AUG 1988,KEN,12,,"Stadio Olimpico, Roma (ITA)",06 JUN 2019,1172
31,13:10.23,,Emmanuel BOR,14 APR 1988,USA,2,,"Boston, MA (USA) (i)",24 FEB 2019,1224
32,13:10.40,,Dawit FIKADU,29 DEC 1995,BRN,12,,"Stade Olympique de la Pontaise, Lausanne (SUI)",05 JUL 2019,1172
33,13:11.08,,Michael KIBET,03 SEP 1999,KEN,1,,Rovereto (ITA),27 AUG 2019,1169
34,13:11.51,,Eric Kiprono KIPTANUI,19 APR 1990,KEN,2,,Rovereto (ITA),27 AUG 2019,1168
35,13:11.75,,Filip INGEBRIGTSEN,20 APR 1993,NOR,14,,"Stadio Olimpico, Roma (ITA)",06 JUN 2019,1167
36,13:12.65,,Evans Keitany KIPTUM,27 NOV 1999,KEN,1f4,,Nobeoka (JPN),04 MAY 2019,1164
37,13:12.68,,Patrick TIERNAN,11 SEP 1994,AUS,8,,"Olympic Stadium, London (GBR)",20 JUL 2019,1164
38,13:12.71,,Chala REGASA,30 APR 1997,ETH,9,,"Shanghai Stadium, Shanghai (CHN)",18 MAY 2019,1163
39,13:13.02,,Isaac KIMELI,09 MAR 1994,BEL,1,,"Boudewijnstadion, Bruxelles (BEL)",06 SEP 2019,1162
40,13:13.48,,Benard KIBET,25 NOV 1999,KEN,2f4,,Nobeoka (JPN),04 MAY 2019,1161
41,13:13.68,,Soufiyan BOUQANTAR,30 AUG 1993,MAR,11,,"Shanghai Stadium, Shanghai (CHN)",18 MAY 2019,1160
42,13:13.84,,Julien WANDERS,18 MAR 1996,SUI,14,,"Stade Olympique de la Pontaise, Lausanne (SUI)",05 JUL 2019,1159
43,13:13.85,,Aron KIFLE,20 FEB 1998,ERI,15,,"Stadio Olimpico, Roma (ITA)",06 JUN 2019,1159
44,13:14.43,,Richard RINGER,27 FEB 1989,GER,3f1,,Heusden-Zolder (BEL),20 JUL 2019,1157
45,13:14.68,,Tsegay KIDANU,28 DEC 2001,ETH,15,,"Stade Olympique de la Pontaise, Lausanne (SUI)",05 JUL 2019,1156
46,13:14.96,,Hillary BOR,22 NOV 1989,USA,3,,"Boston, MA (USA) (i)",24 FEB 2019,1206
47,13:15.04,,Mogos TUEMAY,24 MAY 1997,ETH,13,,"Shanghai Stadium, Shanghai (CHN)",18 MAY 2019,1155
48,13:15.35,,Nibret MELAK,09 OCT 1999,ETH,14,,"Shanghai Stadium, Shanghai (CHN)",18 MAY 2019,1154
49,13:15.38,,Henrik INGEBRIGTSEN,24 FEB 1991,NOR,4f1,,Heusden-Zolder (BEL),20 JUL 2019,1154
50,13:15.61,,Haftu TEKLU,21 JAN 2000,ETH,5,,"FBK Stadium, Hengelo (NED)",09 JUN 2019,1153
51,13:15.92,,Daniel Simiu EBENYO,18 SEP 1995,KEN,1,,"Nyayo National Stadium, Nairobi (KEN)",21 AUG 2019,1152
52,13:17.23,,Kirubel ERASSA,17 JUN 1993,USA,2f1,,"Palo Alto, CA (USA)",02 MAY 2019,1147
53,13:17.47,,Gemechu DIDA,12 SEP 1999,ETH,6,,"FBK Stadium, Hengelo (NED)",09 JUN 2019,1146
54,13:17.54,,Ibrahim HASSAN,01 JAN 1997,DJI,4,,"Complexe Sportif Prince Moulay Abdellah, Rabat (MAR)",16 JUN 2019,1146
55,13:17.74,,Abdelaati IGUIDER,25 MAR 1987,MAR,5,,"Complexe Sportif Prince Moulay Abdellah, Rabat (MAR)",16 JUN 2019,1145
56,13:18.17,,Tadese WORKU,20 JAN 2002,ETH,4,,Rovereto (ITA),27 AUG 2019,1144
57,13:18.91,,Morgan MCDONALD,23 APR 1996,AUS,9,,"Olympic Stadium, London (GBR)",20 JUL 2019,1141
58,13:19.30,,Said EL OTMANI,14 OCT 1991,ITA,6,,"Complexe Sportif Prince Moulay Abdellah, Rabat (MAR)",16 JUN 2019,1140
59,13:19.47,,Ben CONNOR,17 OCT 1992,GBR,10,,"Olympic Stadium, London (GBR)",20 JUL 2019,1139
60,13:19.50,,Robin HENDRIX,14 JAN 1995,BEL,5f1,,"Palo Alto, CA (USA)",02 MAY 2019,1139
61,13:19.59,,Abe GASHAHUN,20 APR 1998,ETH,4,,"Boudewijnstadion, Bruxelles (BEL)",06 SEP 2019,1139
62,13:19.70,,Tariq Ahmed AL AMRI,23 DEC 1990,KSA,7,,"Complexe Sportif Prince Moulay Abdellah, Rabat (MAR)",16 JUN 2019,1138
63,13:19.85,,Stephen KISSA,01 DEC 1988,UGA,15,,"Shanghai Stadium, Shanghai (CHN)",18 MAY 2019,1138
64,13:20.10,,Oscar CHELIMO,12 DEC 2001,UGA,16,,"Stadio Olimpico, Roma (ITA)",06 JUN 2019,1137
64,13:20.10,,Jonathan Muia NDIKU,18 SEP 1991,KEN,1f1,,Fukagawa (JPN),09 JUL 2019,1137
66,13:20.25,,Dominic LANGAT,15 MAY 1995,KEN,4f4,,Nobeoka (JPN),04 MAY 2019,1136
67,13:21.18,,Andrew HUNTER,05 SEP 1997,USA,7f1,,"Palo Alto, CA (USA)",02 MAY 2019,1133
68,13:21.31,,Gerald Nicolas GIRALDO VILLA,21 MAR 1989,COL,8f1,,"Palo Alto, CA (USA)",02 MAY 2019,1133
69,13:21.33,,Rabii DOUKKANA,06 DEC 1987,FRA,2f1,,Carquefou (FRA),21 JUN 2019,1133
70,13:21.35,,Sean MCGORTY,08 MAR 1995,USA,1,,"Boston, MA (USA) (i)",08 FEB 2019,1182
70,13:21.35,,Jordan GUSMAN,30 JAN 1994,AUS,9f1,,"Palo Alto, CA (USA)",02 MAY 2019,1133
72,13:21.48,,Benard KIMELI,10 SEP 1995,KEN,2f1,,"Aoba Park Athletic Field, Chitose (JPN)",06 JUL 2019,1132
73,13:21.71,,Eric JENKINS,24 NOV 1991,USA,10f1,,"Palo Alto, CA (USA)",02 MAY 2019,1131
74,13:21.86,,Robert Kiprop KOECH,25 FEB 1997,KEN,2,,"Nyayo National Stadium, Nairobi (KEN)",21 AUG 2019,1131
75,13:21.90,,Peter LANGAT,20 OCT 1998,KEN,5f4,,Nobeoka (JPN),04 MAY 2019,1131
76,13:21.97,,Marc SCOTT,21 DEC 1993,GBR,2,,"Boston, MA (USA) (i)",08 FEB 2019,1180
77,13:22.11,,Hassan MEAD,28 AUG 1989,USA,8h2,,"Khalifa International Stadium, Doha (QAT)",27 SEP 2019,1130
78,13:22.28,,Josef TESSEMA,11 APR 1989,USA,11f1,,"Palo Alto, CA (USA)",02 MAY 2019,1129
79,13:22.32,,Sam PARSONS,18 JUN 1994,GER,12f1,,"Palo Alto, CA (USA)",02 MAY 2019,1129
80,13:22.52,,Rodgers KWEMOI,03 MAR 1998,KEN,6f4,,Nobeoka (JPN),04 MAY 2019,1128
80,13:22.52,,Amanal PETROS,17 MAY 1995,GER,6f1,,Heusden-Zolder (BEL),20 JUL 2019,1128
82,13:22.72,,Hideyuki TANAKA,09 OCT 1990,JPN,7f1,,Heusden-Zolder (BEL),20 JUL 2019,1128
82,13:22.72,,Vladimir NIKITIN,05 AUG 1992,RUS,1,,Cheboksary (RUS),24 JUL 2019,1128
84,13:23.04,,Jimmy GRESSIER,04 MAY 1997,FRA,4f1,,Carquefou (FRA),21 JUN 2019,1127
85,13:23.60,,Wesley LEDAMA,02 JUL 1999,KEN,4f1,,"Aoba Park Athletic Field, Chitose (JPN)",06 JUL 2019,1125
86,13:23.97,,Daniel KIPKEMBOI,05 JUL 1996,KEN,2f9,,Kitakyushu (JPN),01 JUN 2019,1123
87,13:24.04,,Edwin KURGAT,19 MAY 1996,KEN,1f1,,"Boston Univ. Track & Tennis Center, Boston, MA (USA) (i)",07 DEC 2019,1172
88,13:24.51,,David NGURE,10 AUG 1998,KEN,7f4,,Nobeoka (JPN),04 MAY 2019,1121
89,13:24.99,,Josphat Ledama KISAISA,25 JUN 1998,KEN,8f4,,Nobeoka (JPN),04 MAY 2019,1120
90,13:25.06,,Tyler DAY,18 DEC 1996,USA,13f1,,"Palo Alto, CA (USA)",02 MAY 2019,1119
91,13:25.07,,Musio SAIDAMU,12 OCT 2000,KEN,1f1,,Kitami (JPN),17 JUL 2019,1119
92,13:25.12,,Yevgeniy RYBAKOV,27 FEB 1985,RUS,2,,Cheboksary (RUS),24 JUL 2019,1119
93,13:25.14,,Lawi LALANG,15 JUN 1991,USA,1,,"Los Angeles, CA (USA)",16 MAY 2019,1119
94,13:25.56,,Donald CABRAL,12 DEC 1989,USA,2f1,,"Boston Univ. Track & Tennis Center, Boston, MA (USA) (i)",07 DEC 2019,1167
95,13:25.69,,James KIBET,10 NOV 1988,KEN,1,,Brugnera (ITA),20 JUL 2019,1117
96,13:25.74,,Milkesa MENGESHA,16 APR 2000,ETH,18,,"Stadio Olimpico, Roma (ITA)",06 JUN 2019,1117
97,13:25.89,,Mike FOPPEN,29 NOV 1996,NED,8f1,,Heusden-Zolder (BEL),20 JUL 2019,1117
98,13:26.01,,Joel MWAURA,20 JAN 1999,KEN,10f4,,Nobeoka (JPN),04 MAY 2019,1116
99,13:26.35,,Anatoliy RYBAKOV,27 FEB 1985,RUS,3,,Cheboksary (RUS),24 JUL 2019,1115
100,13:26.40,,Andrew LOROT,02 DEC 1997,KEN,11f4,,Nobeoka (JPN),04 MAY 2019,1115
101,13:26.56,,Mogeni Benuel MAGOMA,11 MAR 2001,KEN,3f9,,Kitakyushu (JPN),01 JUN 2019,1114
102,13:26.62,,Shadrack KIPCHIRCHIR,22 FEB 1989,USA,5,,Rovereto (ITA),27 AUG 2019,1114
103,13:26.70,,Yuta BANDO,21 NOV 1996,JPN,12f4,,Nobeoka (JPN),04 MAY 2019,1114
104,13:27.04,,Mohcin OUTALHA,15 DEC 1998,MAR,5f1,,Carquefou (FRA),21 JUN 2019,1112
105,13:27.06,,Yohans KIFLE,03 AUG 2000,ERI,8,,"Complexe Sportif Prince Moulay Abdellah, Rabat (MAR)",16 JUN 2019,1112
106,13:27.16,,Amos KURGAT,07 MAR 1992,KEN,2f1,,Kitami (JPN),17 JUL 2019,1112
107,13:27.32,,Younéss ESSALHI,20 FEB 1993,MAR,2f1,,"Putbosstadion, Oordegem (BEL)",25 MAY 2019,1111
108,13:27.53,,Philemon Kiplagat RUTO,20 SEP 2001,KEN,13f4,,Nobeoka (JPN),04 MAY 2019,1111
109,13:27.81,,Hyuga ENDO,05 AUG 1998,JPN,3,,"Boston, MA (USA) (i)",08 FEB 2019,1159
110,13:27.87,,Yeneblo BIYAZEN,29 JAN 2000,ETH,1f27,,"NITTAIDAI Athletic Stadium, Yokohama (JPN)",17 NOV 2019,1110
111,13:27.90,,Altobeli SILVA,03 DEC 1990,BRA,14f1,,"Palo Alto, CA (USA)",02 MAY 2019,1109
112,13:28.17,,Vincent Kibet YEGON,05 DEC 2000,KEN,2f1,,Shibetsu (JPN),13 JUL 2019,1109
113,13:28.18,,Alexander Mutiso MUNYAO,10 SEP 1996,KEN,1f15,,Yokohama (JPN),02 JUN 2019,1108
114,13:28.32,,Djamal Abdi DIREH,01 JAN 1997,DJI,2,,Huelva (ESP),20 JUN 2019,1108
115,13:28.35,,John MURITU,30 JUN 1996,KEN,14f4,,Nobeoka (JPN),04 MAY 2019,1108
116,13:28.36,,Soufiane BOUCHIKHI,22 MAR 1990,BEL,7,,"Boudewijnstadion, Bruxelles (BEL)",06 SEP 2019,1108
117,13:28.66,,Josh KERR,08 OCT 1997,GBR,2,,"Los Angeles, CA (USA)",16 MAY 2019,1107
118,13:28.72,,Patrick MATHENGE,02 NOV 1997,KEN,16f4,,Nobeoka (JPN),04 MAY 2019,1107
119,13:28.86,,John TRAVERS,16 MAR 1991,IRL,4f1,,"Putbosstadion, Oordegem (BEL)",25 MAY 2019,1106
120,13:28.94,,Anthony KIBE,27 MAR 2003,KEN,2f27,,"NITTAIDAI Athletic Stadium, Yokohama (JPN)",17 NOV 2019,1106
121,13:29.03,,Grant FISHER,22 APR 1997,USA,4,,"Azusa, CA (USA)",09 JUL 2019,1105
122,13:29.16,,Tesfu TEWELDE,21 JUL 1997,ERI,5f1,,"Putbosstadion, Oordegem (BEL)",25 MAY 2019,1105
123,13:29.18,,Alexander YEE,18 FEB 1998,GBR,12,,"Olympic Stadium, London (GBR)",20 JUL 2019,1105
124,13:29.3h,,Antonio ABADÍA,02 JUL 1990,ESP,1,,"Estadi Olímpic Camilo Cano, La Nucia (ESP)",31 AUG 2019,1105
125,13:29.46,,Marius VEDVIK,18 MAR 1992,NOR,6f1,,"Putbosstadion, Oordegem (BEL)",25 MAY 2019,1104
126,13:29.50,,Riley MASTERS,05 APR 1990,USA,5,,"Azusa, CA (USA)",09 JUL 2019,1104
127,13:29.58,,Josphat KIPCHIRCHIR,1997,KEN,7f1,,"Putbosstadion, Oordegem (BEL)",25 MAY 2019,1104
128,13:29.73,,Conner MANTZ,08 DEC 1996,USA,16f1,,"Palo Alto, CA (USA)",02 MAY 2019,1103
129,13:29.80,,Merga TULU,12 SEP 1999,ETH,2f19,,"Municipal Sayagatani Stadium, Kitakyushu (JPN)",19 OCT 2019,1103
130,13:29.83,,Evans YEGO,05 SEP 1995,KEN,4f3,,"Yanmar Stadium Nagai, Osaka (JPN)",22 SEP 2019,1103
131,13:30.03,,François BARRER,08 JUN 1993,FRA,3,,Dublin (IRL),21 AUG 2019,1102
132,13:30.07,,Sondre Nordstad MOEN,12 JAN 1991,NOR,9f1,,Heusden-Zolder (BEL),20 JUL 2019,1102
133,13:30.36,,Lucas BRUCHET,23 FEB 1991,CAN,4,,Dublin (IRL),21 AUG 2019,1101
134,13:30.56,,Alex CHERONO,30 DEC 2000,KEN,3f1,,Shibetsu (JPN),13 JUL 2019,1100
135,13:30.57,,Lawrence Ngure NGUGI,26 DEC 1998,KEN,3f1,,Kitami (JPN),17 JUL 2019,1100
136,13:30.59,,Josphat Kiprono MENJO,20 AUG 1979,KEN,8f1,,"Putbosstadion, Oordegem (BEL)",25 MAY 2019,1100
137,13:30.76,,Awet HABTE,29 SEP 1997,ERI,3,,Huelva (ESP),20 JUN 2019,1099
138,13:30.79,,Charles PHILIBERT-THIBOUTOT,31 DEC 1990,CAN,3f1,,"Boston Univ. Track & Tennis Center, Boston, MA (USA) (i)",07 DEC 2019,1148
139,13:30.80,,Cleophas Kandie MEYAN,14 AUG 2000,KEN,4f1,,Shibetsu (JPN),13 JUL 2019,1099
140,13:30.94,,Kazuya SHIOJIRI,08 NOV 1996,JPN,18f4,,Nobeoka (JPN),04 MAY 2019,1099
141,13:31.13,,Nganga Joseph WAWERU,02 JAN 2001,KEN,2f23,,Yokohama (JPN),21 APR 2019,1098
142,13:31.17,,Sergio JIMÉNEZ,07 JAN 1995,ESP,11f1,,Heusden-Zolder (BEL),20 JUL 2019,1098
143,13:31.28,,Hazuma HATTORI,07 FEB 1995,JPN,4f19,,"Municipal Sayagatani Stadium, Kitakyushu (JPN)",19 OCT 2019,1098
144,13:31.35,,Suldan HASSAN,01 APR 1998,SWE,1f2,,"Torrance, CA (USA)",19 APR 2019,1097
145,13:31.42,,Federico BRUNO,18 JUN 1993,ARG,2f2,,"Torrance, CA (USA)",19 APR 2019,1097
146,13:31.47,,Patrick MWAKA,02 NOV 1992,KEN,19f4,,Nobeoka (JPN),04 MAY 2019,1097
147,13:31.58,,Geordie BEAMISH,24 OCT 1996,NZL,17f1,,"Palo Alto, CA (USA)",02 MAY 2019,1097
148,13:31.70,,Vincent Kipkemoi NGETICH,03 JAN 1999,KEN,20f4,,Nobeoka (JPN),04 MAY 2019,1096
149,13:31.79,,Clayton YOUNG,14 SEP 1993,USA,18f1,,"Palo Alto, CA (USA)",02 MAY 2019,1096
149,13:31.79,,Willy FINK,07 MAR 1994,USA,1,,"Concord, MA (USA)",13 JUN 2019,1096
151,13:31.84,,Juan Antonio PÉREZ,06 NOV 1988,ESP,6,,Rovereto (ITA),27 AUG 2019,1096
152,13:32.33,,Henry WYNNE,18 APR 1995,USA,3,,"Los Angeles, CA (USA)",16 MAY 2019,1094
153,13:32.55,,Simon NJUGUNA,1999,KEN,12f1,,Heusden-Zolder (BEL),20 JUL 2019,1093
154,13:32.73,,Cooper TEARE,18 AUG 1999,USA,2,,"Palo Alto, CA (USA)",19 APR 2019,1093
155,13:32.76,,Enock OMWAMBA,04 APR 1993,KEN,5f1,,Shibetsu (JPN),13 JUL 2019,1092
156,13:32.81,,Thomas RATCLIFFE,03 SEP 1997,USA,3,,"Palo Alto, CA (USA)",19 APR 2019,1092
157,13:33.01,,Dillon MAGGARD,16 OCT 1995,USA,6,,"Azusa, CA (USA)",09 JUL 2019,1092
158,13:33.06,,Paul KUIRA,25 JAN 1991,KEN,4f27,,"NITTAIDAI Athletic Stadium, Yokohama (JPN)",17 NOV 2019,1091
159,13:33.07,,Ben BLANKENSHIP,15 DEC 1988,USA,10f1,,"Putbosstadion, Oordegem (BEL)",25 MAY 2019,1091
160,13:33.08,,Tariku NOVALES,08 MAR 1998,ESP,11f1,,"Putbosstadion, Oordegem (BEL)",25 MAY 2019,1091
161,13:33.51,,Sam ATKIN,14 MAR 1993,GBR,4,,"Boston, MA (USA) (i)",24 FEB 2019,1138
162,13:33.55,,Ivan Dario GONZALEZ,14 AUG 1987,COL,4f2,,"Torrance, CA (USA)",19 APR 2019,1090
163,13:33.67,,Sam MCENTEE,03 FEB 1992,AUS,4,,"Los Angeles, CA (USA)",16 MAY 2019,1089
164,13:33.70,,Kazuki TAMURA,16 JUL 1995,JPN,5f2,,"Torrance, CA (USA)",19 APR 2019,1089
165,13:33.74,,Wesley KIMUTAI,28 DEC 1995,KEN,4f1,,Kitami (JPN),17 JUL 2019,1089
166,13:33.77,,Wambua TAITASU,14 AUG 1997,KEN,5f27,,"NITTAIDAI Athletic Stadium, Yokohama (JPN)",17 NOV 2019,1089
167,13:33.99,,Chris O'HARE,23 NOV 1990,GBR,5,,"Los Angeles, CA (USA)",16 MAY 2019,1088
168,13:34.00,,Harry SUMMERS,19 MAY 1990,AUS,5,,Dublin (IRL),21 AUG 2019,1088
169,13:34.16,,Florian ORTH,24 JUL 1989,GER,1f2,,Heusden-Zolder (BEL),20 JUL 2019,1088
170,13:34.17,,Samuel MWANGI,19 SEP 1997,KEN,21f4,,Nobeoka (JPN),04 MAY 2019,1088
171,13:34.62,,Thierry NDIKUMWENAYO,26 MAR 1997,BDI,13f1,,Heusden-Zolder (BEL),20 JUL 2019,1086
172,13:34.80,,Steven FAHY,13 FEB 1996,USA,5,,"Palo Alto, CA (USA)",19 APR 2019,1085
173,13:34.88,,David ELLIOTT,21 JUL 1993,USA,8,,"Azusa, CA (USA)",09 JUL 2019,1085
174,13:34.94,,Akira AIZAWA,18 JUL 1997,JPN,4f6,,Kumamoto (JPN),14 APR 2019,1085
175,13:34.95,,Gilbert KIGEN,23 DEC 1994,KEN,3f1,,"Azusa, CA (USA)",18 APR 2019,1085
176,13:34.99,,Elzan BIBIĆ,08 JAN 1999,SRB,10,,"FBK Stadium, Hengelo (NED)",09 JUN 2019,1085
177,13:35.00,,Joseph Mana NDIRANGU,09 SEP 1994,KEN,1f1,,Gifu (JPN),12 MAY 2019,1085
178,13:35.07,,Takashi ICHIDA,16 JUN 1992,JPN,5f1,,Kitami (JPN),17 JUL 2019,1084
178,13:35.07,,Iliass AOUANI,29 SEP 1995,ITA,4f1,,"Boston Univ. Track & Tennis Center, Boston, MA (USA) (i)",07 DEC 2019,1132
180,13:35.09,,Per SVELA,19 MAR 1992,NOR,12f1,,"Putbosstadion, Oordegem (BEL)",25 MAY 2019,1084
181,13:35.23,,Reid BUCHANAN,03 FEB 1993,USA,9,,"Azusa, CA (USA)",09 JUL 2019,1084
182,13:35.26,,Cole ROCKHOLD,11 MAY 1995,USA,4f1,,"Azusa, CA (USA)",18 APR 2019,1084
183,13:35.29,,Jose Mauricio GONZÁLEZ,14 OCT 1988,COL,6,,"Los Angeles, CA (USA)",16 MAY 2019,1084
184,13:35.46,,Lander TIJTGAT,06 APR 1983,BEL,5f1,,"Azusa, CA (USA)",18 APR 2019,1083
185,13:35.60,,Connor WINTER,18 FEB 1993,USA,10,,"Azusa, CA (USA)",09 JUL 2019,1083
186,13:35.68,,Fernando CARRO,01 APR 1992,ESP,2,,Barcelona (ESP),17 JUL 2019,1082
187,13:35.70,,Yuta SHITARA,18 DEC 1991,JPN,5f6,,Kumamoto (JPN),14 APR 2019,1082
188,13:35.78,,Amos KIRUI,09 FEB 1998,KEN,5f1,,"Aoba Park Athletic Field, Chitose (JPN)",06 JUL 2019,1082
189,13:35.79,,Albert ROP,17 JUL 1992,BRN,2,,Cairo (EGY),08 APR 2019,1082
190,13:35.9h,,Adel MECHAAL,05 DEC 1990,ESP,3,,"Estadi Olímpic Camilo Cano, La Nucia (ESP)",31 AUG 2019,1082
191,13:35.95,,Joe KLECKER,16 NOV 1996,USA,6f1,,"Azusa, CA (USA)",18 APR 2019,1081
192,13:36.08,,Thomas CURTIN,08 AUG 1993,USA,7,,"Los Angeles, CA (USA)",16 MAY 2019,1081
193,13:36.18,,Robert BRANDT,02 NOV 1996,USA,6f2,,"Torrance, CA (USA)",19 APR 2019,1081
194,13:36.41,,Rory LINKLETTER,12 AUG 1996,CAN,7f1,,"Azusa, CA (USA)",18 APR 2019,1080
195,13:36.61,,Ryan HILL,31 JAN 1990,USA,4,,"Boston, MA (USA) (i)",08 FEB 2019,1126
195,13:36.61,,Tetsuya YOROIZAKA,20 MAR 1990,JPN,11,,"Azusa, CA (USA)",09 JUL 2019,1079
197,13:36.70,,James BUNUKA,01 NOV 1997,KEN,6f27,,"NITTAIDAI Athletic Stadium, Yokohama (JPN)",17 NOV 2019,1079
198,13:36.82,,Kigen CHEMADI,,KEN,5f1,,"Boston Univ. Track & Tennis Center, Boston, MA (USA) (i)",07 DEC 2019,1126
199,13:36.93,,Shoya KAWASE,19 JUL 1998,JPN,7f27,,"NITTAIDAI Athletic Stadium, Yokohama (JPN)",17 NOV 2019,1078
200,13:36.99,,Carlos DÍAZ,09 JUL 1993,CHI,3,,Castellón (ESP),23 JUL 2019,1078
201,13:37.05,,Alexandre SADDEDINE,29 SEP 1994,FRA,13f1,,"Putbosstadion, Oordegem (BEL)",25 MAY 2019,1078
202,13:37.11,,Luis GRIJALVA,10 APR 1999,GUA,19f1,,"Palo Alto, CA (USA)",02 MAY 2019,1077
203,13:37.15,,Enyew MEKONNEN,07 APR 1994,ETH,11,,"FBK Stadium, Hengelo (NED)",09 JUN 2019,1077
204,13:37.55,,Emile CAIRESS,27 DEC 1997,GBR,1,,Belfast (GBR),01 AUG 2019,1076
205,13:37.56,,Diego ESTRADA,19 DEC 1989,USA,8,,"Los Angeles, CA (USA)",16 MAY 2019,1076
206,13:37.62,,Charles NDUNGU,20 FEB 1996,KEN,3f21,,"NITTAIDAI Athletic Stadium, Yokohama (JPN)",06 OCT 2019,1076
207,13:37.66,,Bernard MUIA,26 MAY 1995,KEN,6f1,,"Aoba Park Athletic Field, Chitose (JPN)",06 JUL 2019,1075
208,13:37.70,,Philip MULUWA,03 MAR 2002,KEN,4f21,,"NITTAIDAI Athletic Stadium, Yokohama (JPN)",06 OCT 2019,1075
209,13:37.74,,Gilbert BOIT,,KEN,8f1,,"Azusa, CA (USA)",18 APR 2019,1075
210,13:37.80,,Jamal HITRANE,01 SEP 1989,MAR,1,,Casablanca (MAR),17 JUL 2019,1075
211,13:37.85,,Antenayeh DAGNACHEW,29 SEP 1998,ETH,6,,"Complexe Sportif Prince Moulay Abdellah, Rabat (MAR)",30 AUG 2019,1075
212,13:37.88,,James SUGIRA,02 FEB 1997,RWA,2f4,,"Seattle, WA (USA) (i)",08 FEB 2019,0
213,13:37.94,,Zach PANNING,29 MAR 1995,USA,9f1,,"Azusa, CA (USA)",18 APR 2019,1074
214,13:37.98,,Jonas RAESS,08 MAR 1994,SUI,2,,Belfast (GBR),01 AUG 2019,1074
215,13:38.00,,Azeddine HABZ,19 JUL 1993,FRA,14f1,,"Putbosstadion, Oordegem (BEL)",25 MAY 2019,1074
215,13:38.00,,Jeff THIES,25 FEB 1995,USA,13,,"Azusa, CA (USA)",09 JUL 2019,1074
217,13:38.01,,Ryan FORSYTH,07 JUL 1996,IRL,6,,"Palo Alto, CA (USA)",19 APR 2019,1074
218,13:38.22,,Toshiya SATO,11 MAR 1998,JPN,2f2,,"Aoba Park Athletic Field, Chitose (JPN)",06 JUL 2019,1074
219,13:38.25,,Hugo HAY,28 MAR 1997,FRA,14f1,,Heusden-Zolder (BEL),20 JUL 2019,1073
220,13:38.32,,Benjamin DE HAAN,27 FEB 1993,NED,8f2,,"Torrance, CA (USA)",19 APR 2019,1073
221,13:38.35,,Lawi KOSGEI,14 JAN 1999,KEN,1f1,,Regensburg (GER),29 MAY 2019,1073
222,13:38.41,,Obsa ALI,17 FEB 1996,USA,3,,"Ames, IA (USA) (i)",08 FEB 2019,0
223,13:38.48,,Jacob CHOGE,,KEN,6f1,,"Boston Univ. Track & Tennis Center, Boston, MA (USA) (i)",07 DEC 2019,1120
224,13:38.63,,Connor MCMILLAN,15 NOV 1995,USA,4,,"Ames, IA (USA) (i)",08 FEB 2019,0
225,13:38.7h,,Peter Njoroge NDEGWA,11 JUL 1992,KEN,2h3,,"Nyayo National Stadium, Nairobi (KEN)",20 AUG 2019,1072
226,13:38.74,,Jun NOBUTO,24 DEC 1991,JPN,7f1,,"Aoba Park Athletic Field, Chitose (JPN)",06 JUL 2019,1072
227,13:38.98,,Dan CURTS,17 JAN 1996,USA,7f1,,"Boston Univ. Track & Tennis Center, Boston, MA (USA) (i)",07 DEC 2019,1118
228,13:39.27,,Abdessamad OUKHELFEN,18 DEC 1998,ESP,4,,Huelva (ESP),20 JUN 2019,1070
229,13:39.37,,Brett ROBINSON,08 MAY 1991,AUS,13,,"Olympic Stadium, London (GBR)",20 JUL 2019,1070
230,13:39.39,,Aaron TEMPLETON,23 OCT 1995,USA,7,,"Palo Alto, CA (USA)",19 APR 2019,1069
231,13:39.49,,Matthew HUGHES,03 AUG 1989,CAN,5,,"Boston, MA (USA) (i)",08 FEB 2019,1116
232,13:39.53,,Leonard KORIR,10 DEC 1986,USA,15,,"Azusa, CA (USA)",09 JUL 2019,1069
233,13:39.84,,Ali KAYA,20 APR 1994,TUR,1,,Bursa (TUR),19 JUN 2019,1068
234,13:40.11,,Eric HAMER,23 MAR 1997,USA,1f2,,"Boston Univ. Track & Tennis Center, Boston, MA (USA) (i)",07 DEC 2019,1114
235,13:40.20,,Arsene GUILLOREL,18 JAN 1994,FRA,15f1,,"Putbosstadion, Oordegem (BEL)",25 MAY 2019,1067
236,13:40.32,,Nicholas Mboroto KOSIMBEI,01 OCT 1996,KEN,5f23,,Yokohama (JPN),21 APR 2019,1066
236,13:40.32,,Wesley RONO,2000,KEN,5,,Nairobi (KEN),22 JUN 2019,1066
238,13:40.35,,Christopher OLLEY,26 MAR 1996,GBR,16,,"Azusa, CA (USA)",09 JUL 2019,1066
239,13:40.37,,Maru TEFERI,17 AUG 1992,ISR,1f3,,Heusden-Zolder (BEL),20 JUL 2019,1066
240,13:40.42,,Tanner ANDERSON,,USA,8f1,,"Boston Univ. Track & Tennis Center, Boston, MA (USA) (i)",07 DEC 2019,1113
241,13:40.44,,Ryota MATONO,17 AUG 1992,JPN,7f1,,Shibetsu (JPN),13 JUL 2019,1066
242,13:40.48,,Suguru OSAKO,23 MAY 1991,JPN,2f2,,"Palo Alto, CA (USA)",02 MAY 2019,1066
243,13:40.51,,Kieran LUMB,02 AUG 1998,CAN,9f2,,"Torrance, CA (USA)",19 APR 2019,1066
244,13:40.52,,Bereket MICHAEL,31 DEC 2000,ERI,4,,Barcelona (ESP),17 JUL 2019,1066
245,13:40.58,,Ben VEATCH,01 JUN 1998,USA,7,,"Ames, IA (USA) (i)",08 FEB 2019,0
246,13:40.62,,Mitsunori ASAOKA,11 JAN 1993,JPN,6f6,,Kumamoto (JPN),14 APR 2019,1065
247,13:40.79,,Andreas VOJTA,09 JUN 1989,AUT,16f1,,"Putbosstadion, Oordegem (BEL)",25 MAY 2019,1065
248,13:40.81,,Abdisamed ABDI,02 JUN 1994,USA,18,,"Azusa, CA (USA)",09 JUL 2019,1065
249,13:40.84,,Donnie COWART,24 OCT 1985,USA,1f7,,"Raleigh, NC (USA)",29 MAR 2019,1064
250,13:40.88,,Matt BAXTER,06 AUG 1994,NZL,2f3,,Heusden-Zolder (BEL),20 JUL 2019,1064
251,13:40.91,,Ilyas Yonis OSMAN,14 AUG 1999,SOM,1f3,,Wiesbaden (GER),21 AUG 2019,1064
251,13:40.91,,Daniel MATEIKO,04 AUG 1998,KEN,5,,"Nyayo National Stadium, Nairobi (KEN)",21 AUG 2019,1064
253,13:40.92,,Linus MARUKA,,KEN,2,,"Moi International Sports Centre, Kasarani, Nairobi (KEN)",03 JUL 2019,1064
254,13:40.93,,Stan NIESTEN,19 NOV 1996,NED,17f1,,"Putbosstadion, Oordegem (BEL)",25 MAY 2019,1064
255,13:41.00,,John DRESSEL,02 MAY 1997,USA,4f4,,"Seattle, WA (USA) (i)",08 FEB 2019,0
256,13:41.01,,Hélio GOMES,27 DEC 1984,POR,5,,Barcelona (ESP),17 JUL 2019,1064
257,13:41.03,,Dejene TESFAREM,21 JUN 1996,ERI,6f21,,"NITTAIDAI Athletic Stadium, Yokohama (JPN)",06 OCT 2019,1064
258,13:41.1h,,Robert Kiprono CHERUIYOT,10 AUG 1988,KEN,1,,"Sports Complex, Mumias (KEN)",25 MAY 2019,1064
259,13:41.21,,Vincent KIPROP,,KEN,8,,"Ames, IA (USA) (i)",08 FEB 2019,0
260,13:41.26,,Kiprono SITONIK,10 NOV 2001,KEN,2f44,,"NITTAIDAI Athletic Stadium, Yokohama (JPN)",01 DEC 2019,1063
261,13:41.27,,Hiroki MATSUEDA,20 MAY 1993,JPN,1,,Fukuoka (JPN),27 JUN 2019,1063
262,13:41.31,,Samuel FITWI SIBHATU,01 JAN 1996,GER,6f2,,Heusden-Zolder (BEL),20 JUL 2019,1063
263,13:41.37,,Masaki TODA,21 JUN 1993,JPN,7f21,,"NITTAIDAI Athletic Stadium, Yokohama (JPN)",06 OCT 2019,1063
264,13:41.54,,Kazuma TAIRA,05 NOV 1994,JPN,2f1,,Nobeoka (JPN),04 MAY 2019,1062
265,13:41.61,,Haruki MINATOYA,25 APR 1996,JPN,2f2,,Nobeoka (JPN),04 MAY 2019,1062
266,13:41.82,,Victor Kipkirui KORIR,14 AUG 2002,KEN,7f1,,Kitami (JPN),17 JUL 2019,1061
266,13:41.82,,Ren TAZAWA,11 NOV 2000,JPN,5,,Yokohama (JPN),22 SEP 2019,1061
268,13:41.92,,Simon KARIUKI,01 APR 1996,KEN,8f1,,Kitami (JPN),17 JUL 2019,1061
269,13:42.01,,Muthoni MUIRU,27 MAR 1998,KEN,4f1,,Nobeoka (JPN),04 MAY 2019,1060
270,13:42.06,,Dejen TESFALEM,21 JUN 1999,ERI,8f1,,Shibetsu (JPN),13 JUL 2019,1060
271,13:42.08,,Lawrence KIPKOECH,,KEN,2,,"Durham, NC (USA)",20 APR 2019,1060
272,13:42.1h,,Geoffrey KOECH,28 AUG 1993,KEN,3h3,,"Nyayo National Stadium, Nairobi (KEN)",20 AUG 2019,1060
273,13:42.16,,Keijiro MOGI,21 OCT 1995,JPN,7f9,,Kitakyushu (JPN),01 JUN 2019,1060
274,13:42.18,,Ezekiel Kimalel CHEBOITIBIN,10 JUL 1992,KEN,10f27,,"NITTAIDAI Athletic Stadium, Yokohama (JPN)",17 NOV 2019,1060
275,13:42.21,,Simon LETAYA,27 NOV 1988,KEN,6,,Nairobi (KEN),22 JUN 2019,1060
276,13:42.28,,Sabastian Kimaru SAWE,16 MAR 1995,KEN,7,,Nairobi (KEN),22 JUN 2019,1060
277,13:42.29,,Geoffrey KIPCHUMBA,02 NOV 1992,KEN,5f4,,"Seattle, WA (USA) (i)",08 FEB 2019,0
278,13:42.31,,Alfred CHELANGA,02 APR 1994,KEN,10f1,,"Azusa, CA (USA)",18 APR 2019,1059
278,13:42.31,,Connor LANE,30 APR 1999,USA,5f2,,"Palo Alto, CA (USA)",02 MAY 2019,1059
280,13:42.37,,Philo GERMANO,01 MAY 1995,USA,6f2,,"Palo Alto, CA (USA)",02 MAY 2019,1059
281,13:42.40,,José Luis ROJAS,05 APR 1992,PER,10f2,,"Torrance, CA (USA)",19 APR 2019,1059
282,13:42.44,,Alexander OSTBERG,15 FEB 1997,USA,7f2,,"Palo Alto, CA (USA)",02 MAY 2019,1059
283,13:42.53,,Rodrigue KWIZERA,10 OCT 1999,BDI,,,"Mandela National Stadium, Kampala (UGA)",26 JUL 2019,1059
284,13:42.65,,Keisuke MORITA,19 OCT 1995,JPN,4f44,,"NITTAIDAI Athletic Stadium, Yokohama (JPN)",01 DEC 2019,1058
285,13:42.67,,Fred HUXHAM,,USA,6f4,,"Seattle, WA (USA) (i)",08 FEB 2019,0
286,13:42.87,,Daichi TAKEUCHI,31 JAN 1996,JPN,1,,"Chukyo Univ. Stadium, Toyota (JPN)",06 APR 2019,1057
287,13:42.90,,Masato TERAUCHI,18 OCT 1993,JPN,3f2,,Nobeoka (JPN),04 MAY 2019,1057
288,13:42.94,,Shota ONIZUKA,13 SEP 1997,JPN,5f1,,Nobeoka (JPN),04 MAY 2019,1057
289,13:42.98,,Kevin KIBET,10 NOV 1998,UGA,1,,"Mandela National Stadium, Kampala (UGA)",26 JUL 2019,1057
290,13:42.99,,Simon KIMUNGE,01 OCT 1999,KEN,8f1,,"Aoba Park Athletic Field, Chitose (JPN)",06 JUL 2019,1057
291,13:43.04,,Takanori ICHIKAWA,03 NOV 1990,JPN,6f1,,Nobeoka (JPN),04 MAY 2019,1057
292,13:43.10,,Homare MORITA,29 JUN 1996,JPN,9f1,,"Aoba Park Athletic Field, Chitose (JPN)",06 JUL 2019,1057
293,13:43.14,,Jaret CARPENTER,27 JUN 1998,USA,10,,"Ames, IA (USA) (i)",08 FEB 2019,0
294,13:43.34,,Frederick CHEBII,1991,KEN,3,,"Moi International Sports Centre, Kasarani, Nairobi (KEN)",03 JUL 2019,1056
295,13:43.38,,Julian OAKLEY,23 JUN 1993,NZL,3,,"Concord, MA (USA)",13 JUN 2019,1056
296,13:43.4h,,Charles MUNERIA,10 FEB 1996,KEN,1,,"Moi International Sports Centre, Kasarani, Nairobi (KEN)",20 JUL 2019,1056
297,13:43.46,,Reuben LONGOSIWA,09 MAY 2000,KEN,3,,Abidjan (CIV),19 APR 2019,1055
297,13:43.46,,Reed FISCHER,09 JUL 1995,USA,20,,"Azusa, CA (USA)",09 JUL 2019,1055
299,13:43.50,,Jose Juan ESPARZA,26 AUG 1990,MEX,11f2,,"Torrance, CA (USA)",19 APR 2019,1055
300,13:43.54,,Keita YOSHIDA,31 AUG 1998,JPN,3,,"Nagaragawa Stadium, Gifu (JPN)",14 SEP 2019,1055
301,13:43.59,,Reuben Mosin MOSIP,31 DEC 2002,KEN,8,,Nairobi (KEN),22 JUN 2019,1055
302,13:43.67,,Marcel FEHR,20 JUN 1992,GER,7f2,,Heusden-Zolder (BEL),20 JUL 2019,1055
303,13:43.97,,Alex ROGERS,26 JUN 1997,USA,11f1,,"Azusa, CA (USA)",18 APR 2019,1054
304,13:44.08,,Melesse BIRHAN,12 SEP 1999,ETH,11,,"Complexe Sportif Prince Moulay Abdellah, Rabat (MAR)",16 JUN 2019,1053
305,13:44.10,,Abayneh DEGU,01 DEC 1998,ETH,5f19,,"Municipal Sayagatani Stadium, Kitakyushu (JPN)",19 OCT 2019,1053
306,13:44.13,,Mason FERLIC,05 AUG 1993,USA,4,,"Concord, MA (USA)",13 JUN 2019,1053
307,13:44.22,,James Gitahi RUNGARU,14 JAN 1993,KEN,8f21,,"NITTAIDAI Athletic Stadium, Yokohama (JPN)",06 OCT 2019,1053
308,13:44.30,,Trevor DUNBAR,29 APR 1991,USA,9,,"Los Angeles, CA (USA)",16 MAY 2019,1053
308,13:44.30,,Masao KIZU,16 FEB 1994,JPN,11f27,,"NITTAIDAI Athletic Stadium, Yokohama (JPN)",17 NOV 2019,1053
310,13:44.42,,Samuel KIBET,23 SEP 2001,UGA,4,,Abidjan (CIV),19 APR 2019,1052
311,13:44.43,,Kyle MAU,,USA,1,,"Palo Alto, CA (USA)",29 MAR 2019,1052
312,13:44.53,,Craig LAUTENSLAGER,30 MAR 1993,NZL,12f2,,"Torrance, CA (USA)",19 APR 2019,1052
312,13:44.53,,Mathew Job CHEKWURUI,15 OCT 2001,UGA,12,,"Complexe Sportif Prince Moulay Abdellah, Rabat (MAR)",16 JUN 2019,1052
314,13:44.54,,Hosea KIPLANGAT,01 MAR 2000,UGA,10f1,,Carquefou (FRA),21 JUN 2019,1052
315,13:44.55,,Takumi KOMATSU,29 SEP 1994,JPN,3f2,,"Aoba Park Athletic Field, Chitose (JPN)",06 JUL 2019,1052
316,13:44.64,,Michaël GRAS,15 SEP 1991,FRA,11f1,,Carquefou (FRA),21 JUN 2019,1051
317,13:44.65,,Daisuke MOMOZAWA,19 JAN 1993,JPN,9f21,,"NITTAIDAI Athletic Stadium, Yokohama (JPN)",06 OCT 2019,1051
318,13:44.71,,Noah KIPLIMO,22 NOV 2000,KEN,9f1,,Kitami (JPN),17 JUL 2019,1051
319,13:44.79,,Ryusei TAKAHASHI,08 MAR 1995,JPN,1f3,,Nobeoka (JPN),04 MAY 2019,1051
320,13:44.91,,Rintaro TAKEDA,05 APR 1994,JPN,7f44,,"NITTAIDAI Athletic Stadium, Yokohama (JPN)",01 DEC 2019,1051
321,13:45.15,,Luka MUSEMBI,12 DEC 2000,KEN,9f1,,Shibetsu (JPN),13 JUL 2019,1050
322,13:45.20,,Yann SCHRUB,20 MAR 1996,FRA,2f2,,"Putbosstadion, Oordegem (BEL)",25 MAY 2019,1050
323,13:45.21,,Alex MONROE,30 MAR 1992,USA,9f2,,"Palo Alto, CA (USA)",02 MAY 2019,1049
324,13:45.25,,Moses Martin KURONG,07 JUL 1994,UGA,2,,"Mandela National Stadium, Kampala (UGA)",26 JUL 2019,1049
325,13:45.31,,Markus GÖRGER,12 JAN 1998,GER,3f2,,"Putbosstadion, Oordegem (BEL)",25 MAY 2019,1049
326,13:45.33,,Lorenzo DINI,02 OCT 1994,ITA,5,,Huelva (ESP),20 JUN 2019,1049
327,13:45.36,,Mark PARRISH,02 DEC 1991,USA,2f1,,"Portland, OR (USA)",09 JUN 2019,1049
328,13:45.42,,Adrián BEN,04 AUG 1998,ESP,18f1,,"Putbosstadion, Oordegem (BEL)",25 MAY 2019,1049
329,13:45.50,,Thomas FARRELL,23 MAR 1991,GBR,10f2,,"Palo Alto, CA (USA)",02 MAY 2019,1049
330,13:45.56,,Jeremiah KAREMI,07 JUL 1994,KEN,5f2,,Nobeoka (JPN),04 MAY 2019,1048
331,13:45.57,,Dominic NYAIRO,22 AUG 1997,KEN,5f1,,Fukagawa (JPN),09 JUL 2019,1048
332,13:45.6h,,Jackson Kavesa MUEMA,03 SEP 2001,KEN,4h2,,Nairobi (KEN),21 JUN 2019,1048
333,13:45.63,,Javier NAGORE ARIZU,22 MAY 1987,ESP,4f2,,"Putbosstadion, Oordegem (BEL)",25 MAY 2019,1048
334,13:45.66,,Elias GEDYON,04 APR 1993,USA,12f1,,"Azusa, CA (USA)",18 APR 2019,1048
334,13:45.66,,Abderrafia BOUASSEL,18 FEB 2001,MAR,1,,Casablanca (MAR),17 JUL 2019,1048
336,13:45.7h,,Mark Owon LOMUKET,10 JAN 1999,KEN,5h2,,Nairobi (KEN),21 JUN 2019,1048
337,13:45.73,,Philip SESEMANN,03 OCT 1992,GBR,4,,Belfast (GBR),01 AUG 2019,1048
338,13:45.77,,Taisei HASHIZUME,21 MAR 1997,JPN,7f1,,Nobeoka (JPN),04 MAY 2019,1048
339,13:45.84,,Haymanot ALEW,11 NOV 1997,ETH,7,,Barcelona (ESP),17 JUL 2019,1047
340,13:45.88,,William FULLER,14 MAY 1997,GBR,19f1,,"Putbosstadion, Oordegem (BEL)",25 MAY 2019,1047
341,13:45.93,,Koki TAKADA,13 JUN 1993,JPN,6f2,,Nobeoka (JPN),04 MAY 2019,1047
342,13:45.94,,Yuhei URANO,01 NOV 1997,JPN,2f1,,Abashiri (JPN),22 JUL 2019,1047
343,13:46.1h,,Alfred BARKACH,02 MAR 1997,KEN,2,,"Sports Complex, Mumias (KEN)",25 MAY 2019,1046
344,13:46.17,,James MWAURA,,USA,11f2,,"Palo Alto, CA (USA)",02 MAY 2019,1046
345,13:46.23,,Genki NAKANISHI,26 MAY 1993,JPN,8f44,,"NITTAIDAI Athletic Stadium, Yokohama (JPN)",01 DEC 2019,1046
346,13:46.30,,Justin KENT,30 APR 1992,CAN,4f1,,"Portland, OR (USA)",09 JUN 2019,1046
347,13:46.34,,Sydney GIDABUDAY,21 AUG 1996,USA,1,,"Pittsburg, KS (USA) (i)",08 MAR 2019,0
348,13:46.42,,Gideon Kipkertich RONO,22 FEB 2003,KEN,13,,"Nyayo National Stadium, Nairobi (KEN)",21 AUG 2019,1045
349,13:46.45,,Farah ABDULKARIM,09 NOV 1996,CAN,5,,"Concord, MA (USA)",13 JUN 2019,1045
350,13:46.49,,Tim MCGOWAN,,USA,8f4,,"Seattle, WA (USA) (i)",08 FEB 2019,0
351,13:46.5h,,Dadi Yami GEMEDA,02 APR 1988,ETH,3,,Addis Abeba (ETH),11 MAY 2019,1045
352,13:46.68,,Oliver CHIGNELL,16 FEB 1998,NZL,5,,Belfast (GBR),01 AUG 2019,1044
353,13:46.69,,Adam CLARKE,03 APR 1991,GBR,20f1,,"Putbosstadion, Oordegem (BEL)",25 MAY 2019,1044
353,13:46.69,,Carlos MAYO,18 SEP 1995,ESP,6,,Huelva (ESP),20 JUN 2019,1044
355,13:46.75,,Maximilian THORWIRTH,09 JAN 1995,GER,2f1,,Karlsruhe (GER),18 MAY 2019,1044
356,13:46.76,,Shu HASEGAWA,25 NOV 1997,JPN,1f2,,Kitami (JPN),17 JUL 2019,1044
357,13:46.82,,Hideto KOSODE,05 MAY 1998,JPN,6f1,,Fukagawa (JPN),09 JUL 2019,1044
358,13:46.87,,Paul HOGAN,04 NOV 1995,USA,9f4,,"Seattle, WA (USA) (i)",08 FEB 2019,0
359,13:46.88,,Jacob THOMSON,29 NOV 1994,USA,6,,"Concord, MA (USA)",13 JUN 2019,1044
360,13:46.89,,Koki YOSHIOKA,06 JAN 1997,JPN,10f21,,"NITTAIDAI Athletic Stadium, Yokohama (JPN)",06 OCT 2019,1044
361,13:46.90,,Jackson MESTLER,27 DEC 1997,USA,10f4,,"Seattle, WA (USA) (i)",08 FEB 2019,0
362,13:46.91,,Yusuke TAMURA,23 DEC 1998,JPN,8f1,,Nobeoka (JPN),04 MAY 2019,1044
363,13:46.97,,Abbabiya SIMBASSA,30 JUN 1993,USA,6,,"Boston, MA (USA) (i)",24 FEB 2019,1089
364,13:47.04,,Peter Mwaniki AILA,09 JUN 1994,KEN,4,,"Moi International Sports Centre, Kasarani, Nairobi (KEN)",03 JUL 2019,1043
365,13:47.05,,Vincent Kibor RAIMOI,16 JUL 1996,KEN,2,,Sagamihara (JPN),26 MAY 2019,1043
366,13:47.08,,Darius TERRY,23 FEB 1991,USA,13,,"Los Angeles, CA (USA)",16 MAY 2019,1043
367,13:47.28,,Fernando Daniel MARTÍNEZ,30 MAY 1993,MEX,13f1,,"Azusa, CA (USA)",18 APR 2019,1042
368,13:47.36,,Onesphore NZIKWINKUNDA,10 JUN 1997,BDI,3,,Brugnera (ITA),20 JUL 2019,1042
369,13:47.42,,Simon BOCH,18 APR 1994,GER,3f1,,Regensburg (GER),29 MAY 2019,1042
370,13:47.44,,Amon KEMBOI,,KEN,6,,"Birmingham, AL (USA) (i)",08 MAR 2019,1088
370,13:47.44,,Morgan BEADLESCOMB,01 JUN 1998,USA,6f7,,"Raleigh, NC (USA)",29 MAR 2019,1042
372,13:47.51,,Shogo NAKAMURA,16 SEP 1992,JPN,9f1,,Nobeoka (JPN),04 MAY 2019,1042
373,13:47.59,,Alek PARSONS,,USA,9,,"Palo Alto, CA (USA)",19 APR 2019,1041
374,13:47.60,,Titus WANBUA,14 AUG 1997,KEN,3,,Sagamihara (JPN),26 MAY 2019,1041
375,13:47.65,,Jacob BILVADO,,USA,4,,"Palo Alto, CA (USA)",29 MAR 2019,1041
375,13:47.65,,Wily CANCHANYA,28 JUN 1991,PER,13f2,,"Torrance, CA (USA)",19 APR 2019,1041
377,13:47.66,,Sigurd Ruud SKJESETH,24 DEC 1996,NOR,21f1,,"Putbosstadion, Oordegem (BEL)",25 MAY 2019,1041
378,13:47.68,,Matthew MCCLINTOCK,06 JAN 1994,USA,7f7,,"Raleigh, NC (USA)",29 MAR 2019,1041
378,13:47.68,,Tatsuya OIKE,18 MAY 1990,JPN,7f2,,Nobeoka (JPN),04 MAY 2019,1041
380,13:47.72,,Yemane HAILESELASSIE,21 FEB 1998,ERI,1,,Braga (POR),29 JUN 2019,1041
380,13:47.72,,Kazuma ITO,17 JUN 1988,JPN,11f1,,Shibetsu (JPN),13 JUL 2019,1041
382,13:47.82,,Shinji MITA,04 JAN 1996,JPN,10f44,,"NITTAIDAI Athletic Stadium, Yokohama (JPN)",01 DEC 2019,1041
383,13:47.87,,Michael SOMERS,02 MAR 1995,BEL,11f4,,"Seattle, WA (USA) (i)",08 FEB 2019,0
384,13:47.89,,Shuhei KURATA,05 AUG 1992,JPN,12f1,,"Aoba Park Athletic Field, Chitose (JPN)",06 JUL 2019,1040
385,13:47.91,,Ederson VILELA PEREIRA,06 JUN 1990,BRA,20f1,,"Palo Alto, CA (USA)",02 MAY 2019,1040
385,13:47.91,,Yegor NIKOLAYEV,28 APR 1988,ANA,4,,Sochi (RUS),29 MAY 2019,1040
387,13:48.04,,Evert SILVA,,USA,13f2,,"Palo Alto, CA (USA)",02 MAY 2019,1040
388,13:48.16,,Zachary FACIONI,03 APR 1999,AUS,8f7,,"Raleigh, NC (USA)",29 MAR 2019,1039
389,13:48.17,,Joe STILIN,05 DEC 1989,USA,1f1,,"Boston, MA (USA) (i)",09 FEB 2019,1085
389,13:48.17,,Raul CELADA,09 SEP 1995,ESP,8,,Barcelona (ESP),17 JUL 2019,1039
391,13:48.24,,Yuji OSUDA,18 NOV 1990,JPN,3f3,,Nobeoka (JPN),04 MAY 2019,1039
392,13:48.40,,Shogo HATA,15 MAR 1995,JPN,13f1,,"Aoba Park Athletic Field, Chitose (JPN)",06 JUL 2019,1039
393,13:48.45,,Fabien PALCAU,22 JUN 1997,FRA,6f2,,"Putbosstadion, Oordegem (BEL)",25 MAY 2019,1038
394,13:48.52,,Yuhi NAKAYA,11 JUN 1999,JPN,14f27,,"NITTAIDAI Athletic Stadium, Yokohama (JPN)",17 NOV 2019,1038
395,13:48.55,,Meshack MUNGUTEI,30 SEP 2000,KEN,6f4,,Kumagaya (JPN),19 MAY 2019,1038
396,13:48.63,,Josh IZEWSKI,29 APR 1990,USA,2f1,,"Boston, MA (USA) (i)",09 FEB 2019,1083
397,13:48.67,,Amos KIPCHIRCHIR,29 MAR 1980,KEN,1,,Gandía (ESP),19 JUN 2019,1038
397,13:48.67,,Yudai OKAMOTO,29 DEC 1991,JPN,15f27,,"NITTAIDAI Athletic Stadium, Yokohama (JPN)",17 NOV 2019,1038
399,13:48.68,,Kosei YAMAGUCHI,19 AUG 1991,JPN,10f1,,Nobeoka (JPN),04 MAY 2019,1038
400,13:48.79,,Samuel PRAKEL,29 OCT 1994,USA,10f1,,"Boston Univ. Track & Tennis Center, Boston, MA (USA) (i)",07 DEC 2019,1083
401,13:48.83,,Nahom SOLOMON,27 SEP 1995,USA,7,,"Concord, MA (USA)",13 JUN 2019,1037
401,13:48.83,,Kiyoshi KOGA,30 APR 1996,JPN,6f19,,"Municipal Sayagatani Stadium, Kitakyushu (JPN)",19 OCT 2019,1037
403,13:48.85,,Aidan TOOKER,26 JUN 1998,USA,6,,"Palo Alto, CA (USA)",29 MAR 2019,1037
404,13:48.91,,Akito TERUI,11 MAY 1994,JPN,3,,"Denka Big Swan Stadium, Niigata (JPN)",19 OCT 2019,1037
405,13:48.96,,Naoki KOYAMA,12 MAY 1996,JPN,8f2,,Nobeoka (JPN),04 MAY 2019,1037
405,13:48.96,,Johnathan RENIEWICKI,03 OCT 1995,USA,21,,"Azusa, CA (USA)",09 JUL 2019,1037
407,13:48.97,,Athanas KIOKO,26 FEB 1995,KEN,11f1,,"Boston Univ. Track & Tennis Center, Boston, MA (USA) (i)",07 DEC 2019,1082
408,13:48.99,,Murlikumar Tulsyabhai GAVIT,01 AUG 1997,IND,4,,Doha (QAT),24 APR 2019,1037
409,13:49.03,,Yusuke NISHIYAMA,07 NOV 1994,JPN,12f1,,Shibetsu (JPN),13 JUL 2019,1036
410,13:49.1h,,Moses Mukono LETOYIE,27 NOV 1995,KEN,7h2,,Nairobi (KEN),21 JUN 2019,1036
411,13:49.16,,Katsuhiko SUZUKI,20 NOV 1996,JPN,4f3,,Nobeoka (JPN),04 MAY 2019,1036
412,13:49.24,,Robert DENAULT,27 APR 1993,CAN,7,,"Palo Alto, CA (USA)",29 MAR 2019,1036
413,13:49.28,,Jennen MORTIER,15 SEP 1997,BEL,1f3,,"Putbosstadion, Oordegem (BEL)",25 MAY 2019,1036
414,13:49.38,,Theo QUAX,27 DEC 1999,NZL,1f1,,"Palo Alto, CA (USA)",29 MAR 2019,1035
415,13:49.47,,David NILSSON,16 APR 1987,SWE,8f2,,"Putbosstadion, Oordegem (BEL)",25 MAY 2019,1035
416,13:49.49,,Mario PACAY,20 JUL 1997,GUA,14f2,,"Torrance, CA (USA)",19 APR 2019,1035
417,13:49.55,,Daniel KAYIOK,25 FEB 1997,KEN,1f3,,Tama (JPN),07 APR 2019,1035
418,13:49.63,,Johannes MOTSCHMANN,03 AUG 1994,GER,8,,"Concord, MA (USA)",13 JUN 2019,1034
419,13:49.74,,Riki NAKANISHI,20 DEC 1995,JPN,4f2,,"Aoba Park Athletic Field, Chitose (JPN)",06 JUL 2019,1034
420,13:49.92,,Olivier IRABARUTA,25 AUG 1990,BDI,12f1,,Carquefou (FRA),21 JUN 2019,1033
421,13:49.93,,Nick WILLIS,25 APR 1983,NZL,15,,"Los Angeles, CA (USA)",16 MAY 2019,1033
422,13:49.97,,Robel FSIHA,07 MAR 1996,SWE,3f3,,Heusden-Zolder (BEL),20 JUL 2019,1033
423,13:50.25,,Jose Ignacio GIMENEZ PEREZ,05 OCT 1994,ESP,2,,Sagunto (ESP),01 AUG 2019,1032
424,13:50.34,,Kevin LEWIS,10 JUL 1993,USA,15f2,,"Torrance, CA (USA)",19 APR 2019,1032
425,13:50.44,,Yuki ISHII,03 DEC 1997,JPN,15f1,,"Aoba Park Athletic Field, Chitose (JPN)",06 JUL 2019,1032
426,13:50.47,,Yevgeniy KUNTS,21 APR 1993,ANA,1,,Sochi (RUS),04 SEP 2019,1032
427,13:50.5h,,Yasin HAJI,22 JAN 1996,ETH,5,,Addis Abeba (ETH),11 MAY 2019,1031
428,13:50.61,,Jakub ZEMANÍK,21 JUN 1995,CZE,9f2,,"Putbosstadion, Oordegem (BEL)",25 MAY 2019,1031
429,13:50.71,,Yago ROJO,23 MAR 1995,ESP,2f1,,Los Corrales de Buelna (ESP),08 JUN 2019,1031
430,13:50.73,,Roy HOORNWEG,08 MAY 1989,NED,10f2,,"Putbosstadion, Oordegem (BEL)",25 MAY 2019,1031
431,13:50.78,,Roger POOLMAN,01 JAN 1992,GBR,11f2,,"Putbosstadion, Oordegem (BEL)",25 MAY 2019,1031
432,13:50.82,,Dan KIPLANGAT,04 JUN 1996,KEN,5f2,,"Aoba Park Athletic Field, Chitose (JPN)",06 JUL 2019,1030
432,13:50.82,,Keigo YANO,03 DEC 1991,JPN,10f1,,Kitami (JPN),17 JUL 2019,1030
434,13:50.88,,Hiroto INOUE,06 JAN 1993,JPN,12f9,,Kitakyushu (JPN),01 JUN 2019,1030
435,13:50.97,,Will LEER,15 APR 1985,USA,16,,"Los Angeles, CA (USA)",16 MAY 2019,1030
436,13:50.99,,Iori SUGAWARA,23 MAR 1999,JPN,5f3,,Nobeoka (JPN),04 MAY 2019,1030
437,13:51.0h,,Wesley YEGO,19 SEP 1994,KEN,8h2,,Nairobi (KEN),21 JUN 2019,1030
438,13:51.08,,David TOO,,KEN,9,,"Palo Alto, CA (USA)",29 MAR 2019,1030
439,13:51.15,,Sodai SHIMIZU,28 SEP 1998,JPN,6f2,,"Aoba Park Athletic Field, Chitose (JPN)",06 JUL 2019,1029
440,13:51.16,,Kilian SCHREINER,10 JUN 1993,GER,1f4,,Heusden-Zolder (BEL),20 JUL 2019,1029
441,13:51.26,,Hironori TSUETAKI,08 MAY 1993,JPN,9f2,,Nobeoka (JPN),04 MAY 2019,1029
441,13:51.26,,Aleksey DOROFEYEV,25 DEC 1994,RUS,5,,Cheboksary (RUS),24 JUL 2019,1029
443,13:51.32,,Kenta MURAYAMA,23 FEB 1993,JPN,13f9,,Kitakyushu (JPN),01 JUN 2019,1029
444,13:51.34,,Nelson WAKANA,02 SEP 1989,UGA,3,,"Mandela National Stadium, Kampala (UGA)",26 JUL 2019,1029
445,13:51.39,,Peter SEUFER,18 FEB 1997,USA,4,,"Durham, NC (USA)",20 APR 2019,1028
446,13:51.40,,Dhruvil PATEL,14 NOV 1996,USA,12,,"Palo Alto, CA (USA)",19 APR 2019,1028
447,13:51.54,,Daiji KAWAI,22 SEP 1991,JPN,7f19,,"Municipal Sayagatani Stadium, Kitakyushu (JPN)",19 OCT 2019,1028
448,13:51.55,,Markos GOURLIAS,28 SEP 1995,GRE,4f3,,Heusden-Zolder (BEL),20 JUL 2019,1028
449,13:51.58,,Atsuya IMAI,30 MAR 1997,JPN,17f1,,"Aoba Park Athletic Field, Chitose (JPN)",06 JUL 2019,1028
450,13:51.60,,Curtis ECKSTEIN,,USA,13,,"Palo Alto, CA (USA)",19 APR 2019,1028
450,13:51.60,,Jean Marie Vianney NIYOMUKIZA,02 JAN 1998,BDI,1,,Conegliano (ITA),21 JUN 2019,1028
452,13:51.62,,Sebastian HENDEL,01 DEC 1995,GER,12,,Rovereto (ITA),27 AUG 2019,1028
453,13:51.66,,Andrew BAYER,03 FEB 1990,USA,11,,"Palo Alto, CA (USA)",29 MAR 2019,1028
454,13:51.72,,Said MECHAAL,23 MAY 1998,ESP,12f2,,"Putbosstadion, Oordegem (BEL)",25 MAY 2019,1027
454,13:51.72,,Jinnosuke MATUMURA,22 MAR 1995,JPN,16f27,,"NITTAIDAI Athletic Stadium, Yokohama (JPN)",17 NOV 2019,1027
456,13:51.91,,Kosuke ISHIDA,21 AUG 2002,JPN,17f27,,"NITTAIDAI Athletic Stadium, Yokohama (JPN)",17 NOV 2019,1027
457,13:51.95,,Pietro RIVA,01 MAY 1997,ITA,13,,Rovereto (ITA),27 AUG 2019,1027
457,13:51.95,,Hiroki SUZUKI,27 JUL 1994,JPN,12f21,,"NITTAIDAI Athletic Stadium, Yokohama (JPN)",06 OCT 2019,1027
459,13:51.97,,Victor KWEMBOI,2000,UGA,4,,"Mandela National Stadium, Kampala (UGA)",26 JUL 2019,1027
460,13:52.00,,Takayasu HASHIZUME,14 DEC 1990,JPN,6f3,,Nobeoka (JPN),04 MAY 2019,1026
461,13:52.03,,Andrew GARDNER,20 FEB 1995,USA,12,,"Palo Alto, CA (USA)",29 MAR 2019,1026
462,13:52.26,,Fearghal CURTIN,14 JUL 1998,IRL,1f3,,"Ames, IA (USA) (i)",08 FEB 2019,0
463,13:52.36,,Hiroki ABE,19 NOV 1997,JPN,8f6,,Kumamoto (JPN),14 APR 2019,1025
464,13:52.42,,Maxwell ROTICH,05 AUG 1998,UGA,5,,"Mandela National Stadium, Kampala (UGA)",26 JUL 2019,1025
465,13:52.54,,Ellis CROSS,22 SEP 1996,GBR,2f1,,Loughborough (GBR),15 JUN 2019,1025
466,13:52.6h,,Moses NJOROGE,06 JUN 1998,KEN,9h2,,Nairobi (KEN),21 JUN 2019,1024
467,13:52.62,,Hisanori KITAJIMA,16 OCT 1984,JPN,8f19,,"Municipal Sayagatani Stadium, Kitakyushu (JPN)",19 OCT 2019,1024
468,13:52.79,,Petros SURAFEL,12 JAN 1997,GBR,1f1,,Manchester (GBR),25 MAY 2019,1024
469,13:52.80,,Simon SUNDSTRÖM,04 FEB 1998,SWE,5f3,,Heusden-Zolder (BEL),20 JUL 2019,1024
470,13:52.89,,Valentin SMIRNOV,13 FEB 1986,RUS,5,,Sochi (RUS),29 MAY 2019,1023
471,13:52.96,,David GOODMAN,21 DEC 1988,USA,15f1,,"Azusa, CA (USA)",18 APR 2019,1023
472,13:53.09,,Tim RACKERS,07 MAR 1993,USA,16f1,,"Azusa, CA (USA)",18 APR 2019,1023
473,13:53.12,,Mahamed MAHAMED,18 SEP 1997,GBR,22f1,,"Putbosstadion, Oordegem (BEL)",25 MAY 2019,1023
474,13:53.26,,Mbuleli MATHANGA,24 SEP 1993,RSA,1,,Durban (RSA),23 MAR 2019,1022
475,13:53.30,,Alec BASTEN,26 FEB 1998,USA,2,,"Des Moines, IA (USA)",25 APR 2019,1022
476,13:53.32,,Atsuto SHIMANUKI,15 JUL 1997,JPN,8f2,,"Aoba Park Athletic Field, Chitose (JPN)",06 JUL 2019,1022
477,13:53.33,,Badreddine LGAA,,MAR,3,,Casablanca (MAR),17 JUL 2019,1022
478,13:53.34,,Tatsuhiko ITO,23 MAR 1998,JPN,7f23,,Yokohama (JPN),21 APR 2019,1022
479,13:53.42,,Shinichiro NAKAMURA,14 APR 1993,JPN,11f19,,"Municipal Sayagatani Stadium, Kitakyushu (JPN)",19 OCT 2019,1022
480,13:53.46,,Donald MITEI,12 APR 1996,KEN,5f1,,Abashiri (JPN),22 JUL 2019,1022
481,13:53.51,,Brian ZABILSKI,30 JUL 1997,USA,2f1,,"Palo Alto, CA (USA)",29 MAR 2019,1021
482,13:53.54,,Tomoya OGIKUBO,11 DEC 1997,JPN,10f2,,Nobeoka (JPN),04 MAY 2019,1021
483,13:53.61,,Yorben RUITER,19 AUG 1995,NED,9,,Dublin (IRL),21 AUG 2019,1021
484,13:53.65,,Alex Chesiro MASAI,05 FEB 1997,KEN,1f1,,"Boston, MA (USA) (i)",24 FEB 2019,1066
485,13:53.94,,Dorian BOULVIN,05 JUN 1997,BEL,14f2,,"Putbosstadion, Oordegem (BEL)",25 MAY 2019,1020
486,13:53.95,,Aras KAYA,04 APR 1994,TUR,2,,"Sandnes Stadion, Sandnes (NOR)",10 AUG 2019,1020
487,13:53.97,,Kazumasa ASAKURA,22 APR 1992,JPN,18f27,,"NITTAIDAI Athletic Stadium, Yokohama (JPN)",17 NOV 2019,1020
488,13:53.98,,Conor LUNDY,01 MAR 1998,USA,3f1,,"Palo Alto, CA (USA)",29 MAR 2019,1020
489,13:54.0h,,Demeke KASAW,14 MAR 1998,ETH,6,,Addis Abeba (ETH),11 MAY 2019,1020
490,13:54.10,,Darragh MCELHINNEY,09 NOV 2000,IRL,2f3,,"Putbosstadion, Oordegem (BEL)",25 MAY 2019,1019
491,13:54.14,,Adam CRAIG,09 MAY 1995,GBR,7,,Belfast (GBR),01 AUG 2019,1019
492,13:54.17,,Vedic KIPKOECH,05 MAR 1996,KEN,7,,"Moi International Sports Centre, Kasarani, Nairobi (KEN)",03 JUL 2019,1019
493,13:54.26,,Owen HOEFT,,USA,3,,"Des Moines, IA (USA)",25 APR 2019,1019
494,13:54.28,,Jamal Abdelmaji EISA MOHAMMED,25 AUG 1993,ART,3f4,,Heusden-Zolder (BEL),20 JUL 2019,1019
495,13:54.32,,Yuki ARIMURA,21 SEP 1992,JPN,16f9,,Kitakyushu (JPN),01 JUN 2019,1019
495,13:54.32,,Keita SAKAMOTO,16 AUG 1995,JPN,11f44,,"NITTAIDAI Athletic Stadium, Yokohama (JPN)",01 DEC 2019,1019
497,13:54.35,,Mohamed ABDILAAHI,24 MAR 1999,GER,15f2,,"Putbosstadion, Oordegem (BEL)",25 MAY 2019,1019
498,13:54.37,,Alex CHEROP,15 JAN 1991,UGA,6,,"Mandela National Stadium, Kampala (UGA)",26 JUL 2019,1018
499,13:54.39,,Yoshihiro HIRAGA,11 DEC 1994,JPN,2f7,,Tokyo (JPN),06 APR 2019,1018
500,13:54.44,,Andrew Rotich KWEMOI,01 SEP 2000,UGA,,,"Mandela National Stadium, Kampala (UGA)",26 JUL 2019,1018
501,13:54.47,,Naoki CHIBA,08 OCT 1998,JPN,2f3,,"Aoba Park Athletic Field, Chitose (JPN)",06 JUL 2019,1018
502,13:54.50,,Kensuke HORIO,12 AUG 1996,JPN,13f1,,Nobeoka (JPN),04 MAY 2019,1018
503,13:54.52,,Aleksey POPOV,17 JUN 1987,RUS,6,,Sochi (RUS),29 MAY 2019,1018
503,13:54.52,,Kalle BERGLUND,11 MAR 1996,SWE,1,,"Olympiastadion, Stockholm (SWE)",24 AUG 2019,1018
505,13:54.59,,Ryuto IGAWA,05 SEP 2000,JPN,1f6,,Nobeoka (JPN),04 MAY 2019,1018
506,13:54.62,,Euan MAKEPEACE,31 MAY 1997,GBR,16f2,,"Torrance, CA (USA)",19 APR 2019,1018
507,13:54.80,,Jamaine COLEMAN,22 SEP 1995,GBR,12f4,,"Seattle, WA (USA) (i)",08 FEB 2019,0
507,13:54.80,,Bart VAN NUNEN,24 SEP 1995,NED,16f2,,"Putbosstadion, Oordegem (BEL)",25 MAY 2019,1017
509,13:54.88,,Nicolae Alexandru SOARE,20 SEP 1991,ROU,3,,"Sandnes Stadion, Sandnes (NOR)",10 AUG 2019,1017
510,13:54.89,,Sol SWEENEY,04 DEC 1998,GBR,6f3,,Heusden-Zolder (BEL),20 JUL 2019,1017
511,13:54.93,,Benjamin CHOQUERT,17 APR 1986,FRA,17f2,,"Putbosstadion, Oordegem (BEL)",25 MAY 2019,1017
512,13:54.96,,Toshiyuki YANAGI,23 APR 1993,JPN,12f6,,Kumamoto (JPN),14 APR 2019,1016
513,13:54.99,,Jack ROWE,30 JAN 1996,GBR,3f2,,"Azusa, CA (USA)",18 APR 2019,1016
514,13:55.00,,Lahsene BOUCHIKHI,01 JUN 1993,BEL,9f2,,Heusden-Zolder (BEL),20 JUL 2019,1016
515,13:55.05,,Cameron GRIFFITH,31 AUG 1996,AUS,3,,"Fayetteville, AR (USA)",11 MAY 2019,1016
516,13:55.06,,Joey BERRIATUA,16 JUN 1995,USA,17f2,,"Torrance, CA (USA)",19 APR 2019,1016
516,13:55.06,,Kalid AMIN,27 SEP 1997,NED,4f4,,Heusden-Zolder (BEL),20 JUL 2019,1016
518,13:55.11,,Kyle MEDINA,,USA,17,,"Los Angeles, CA (USA)",16 MAY 2019,1016
519,13:55.13,,Ian SHANKLIN,1998,USA,10f7,,"Raleigh, NC (USA)",29 MAR 2019,1016
520,13:55.15,,Tsuyoshi BANDO,12 DEC 1996,JPN,2f6,,Nobeoka (JPN),04 MAY 2019,1016
521,13:55.18,,Meshack LEINA,30 NOV 1997,KEN,8,,"Moi International Sports Centre, Kasarani, Nairobi (KEN)",03 JUL 2019,1016
522,13:55.20,,David PALACIO,08 JUN 1988,ESP,10,,Huelva (ESP),20 JUN 2019,1016
523,13:55.23,,Shoma FUNATSU,25 SEP 1997,JPN,12f44,,"NITTAIDAI Athletic Stadium, Yokohama (JPN)",01 DEC 2019,1016
524,13:55.25,,Jacob HESLINGTON,18 OCT 1994,USA,4f2,,"Azusa, CA (USA)",18 APR 2019,1015
525,13:55.27,,Chakib LACHGAR,21 MAR 1989,ESP,1f1,,Halluin (FRA),26 JUN 2019,1015
526,13:55.35,,Wesley DE KERPEL,08 NOV 1988,BEL,23f1,,"Putbosstadion, Oordegem (BEL)",25 MAY 2019,1015
527,13:55.36,,Tomoki YASUDA,25 MAY 1997,JPN,3f7,,Tokyo (JPN),06 APR 2019,1015
528,13:55.38,,Paul GITONGA,20 AUG 1996,KEN,3,,Sagamihara (JPN),26 MAY 2019,1015
529,13:55.42,,Takuya FUJIKAWA,17 DEC 1992,JPN,13f6,,Kumamoto (JPN),14 APR 2019,1015
530,13:55.43,,Damien GRAS,15 SEP 1991,FRA,1f2,,Carquefou (FRA),21 JUN 2019,1015
531,13:55.49,,Brodey HASTY,15 NOV 1999,USA,4f1,,"Palo Alto, CA (USA)",29 MAR 2019,1015
532,13:55.60,,Ali Hissein MAHAMAT,05 JAN 2000,CHA,7,,Abidjan (CIV),19 APR 2019,1014
533,13:55.65,,Luca NOTI,22 NOV 1995,SUI,18f2,,"Putbosstadion, Oordegem (BEL)",25 MAY 2019,1014
534,13:55.73,,Gideon KIPNGETICH,25 MAY 1998,KEN,1f2,,Fukagawa (JPN),09 JUL 2019,1014
535,13:55.75,,Eduard MBENGANI,08 JAN 1985,POR,11,,Huelva (ESP),20 JUN 2019,1014
536,13:55.82,,Italo QUAZZOLA,10 MAY 1994,ITA,2,,Conegliano (ITA),21 JUN 2019,1014
537,13:55.86,,Ren YONEMITSU,27 FEB 1998,JPN,3f6,,Nobeoka (JPN),04 MAY 2019,1013
538,13:55.87,,Ryuya KAJITANI,15 JUL 1996,JPN,9f2,,"Aoba Park Athletic Field, Chitose (JPN)",06 JUL 2019,1013
538,13:55.87,,Takayuki MATSUMIYA,21 FEB 1980,JPN,10f2,,"Aoba Park Athletic Field, Chitose (JPN)",06 JUL 2019,1013
540,13:55.89,,Paul RYAN,29 MAY 1997,USA,5f1,,"Palo Alto, CA (USA)",29 MAR 2019,1013
541,13:56.0h,,Ali ABDILMANA,17 FEB 2002,ETH,7,,Addis Abeba (ETH),11 MAY 2019,1013
542,13:56.09,,Abhishek PAL,15 JUL 1997,IND,5,,Doha (QAT),24 APR 2019,1013
543,13:56.12,,Lawi KOMEN,1998,KEN,9,,"Moi International Sports Centre, Kasarani, Nairobi (KEN)",03 JUL 2019,1013
544,13:56.15,,Willy KIPSEREM,08 OCT 1999,KEN,9f1,,Fukagawa (JPN),09 JUL 2019,1012
545,13:56.22,,Seán TOBIN,20 JUL 1994,IRL,1,,Nijmegen (NED),15 JUN 2019,1012
546,13:56.24,,Caleb WEBB,1997,USA,14f2,,"Palo Alto, CA (USA)",02 MAY 2019,1012
547,13:56.30,,Yaser Salem BAGHARAB,01 JAN 1998,QAT,6,,Doha (QAT),24 APR 2019,1012
548,13:56.33,,Kazuharu TAKAI,10 MAY 1984,JPN,13f19,,"Municipal Sayagatani Stadium, Kitakyushu (JPN)",19 OCT 2019,1012
549,13:56.34,,Rowhaldo RATZ,20 MAR 1998,RSA,1,,"Coetzenburg Stadium, Stellenbosch (RSA)",26 MAR 2019,1012
550,13:56.37,,Jens MERGENTHALER,13 JUN 1997,GER,4f1,,Karlsruhe (GER),18 MAY 2019,1012
550,13:56.37,,Mohamud AADAN,01 JAN 1990,GBR,1f12,,Nottingham (GBR),27 JUL 2019,1012
552,13:56.38,,Arjun JHA,,USA,7f1,,"Palo Alto, CA (USA)",29 MAR 2019,1012
553,13:56.5h,,Vincent Kipkurui TOO,03 DEC 2000,KEN,7,,"Sports Complex, Mumias (KEN)",25 MAY 2019,1011
554,13:56.52,,Conor BRADLEY,06 OCT 1987,IRL,10,,Dublin (IRL),21 AUG 2019,1011
555,13:56.56,,Zach LONG,,USA,15,,"Palo Alto, CA (USA)",29 MAR 2019,1011
556,13:56.58,,Mohamed-Amine KODAD,10 SEP 1999,FRA,14f1,,Carquefou (FRA),21 JUN 2019,1011
557,13:56.63,,Liam ADAMS,04 SEP 1986,AUS,3,,Sydney (AUS),23 FEB 2019,1011
558,13:56.64,,Ilyes BOUM,13 AUG 1998,FRA,15f1,,Carquefou (FRA),21 JUN 2019,1011
559,13:56.67,,Kazuya YAMAGUCHI,25 AUG 1997,JPN,11f2,,"Aoba Park Athletic Field, Chitose (JPN)",06 JUL 2019,1011
560,13:56.8h,,Leonard Kipkemoi BETT,03 NOV 2000,KEN,8,,"Sports Complex, Mumias (KEN)",25 MAY 2019,1010
561,13:56.89,,Brogan AUSTIN,05 OCT 1991,USA,3f3,,"Ames, IA (USA) (i)",08 FEB 2019,0
561,13:56.89,,Uģis JOCIS,13 SEP 1993,LAT,15f2,,"Palo Alto, CA (USA)",02 MAY 2019,1010
563,13:56.99,,Jake SHELLEY,16 MAR 1991,GBR,3f1,,Loughborough (GBR),15 JUN 2019,1010
564,13:57.00,,Igor MAKSIMOV,26 APR 1992,RUS,6,,Cheboksary (RUS),24 JUL 2019,1010
565,13:57.04,,John GAY,07 NOV 1996,CAN,1f2,,"Seattle, WA (USA) (i)",08 FEB 2019,0
566,13:57.15,,Marco BUCARIZZA,22 DEC 1988,RSA,2,,"Coetzenburg Stadium, Stellenbosch (RSA)",26 MAR 2019,1009
566,13:57.15,,Duncan KISAISA,04 JAN 2003,KEN,1,,"Prefectural Kasamatsu Stadium, Hitachinaka (JPN)",06 OCT 2019,1009
568,13:57.20,,Colin BURKE,08 APR 1997,USA,18f2,,"Torrance, CA (USA)",19 APR 2019,1009
569,13:57.24,,Takahiro NAKAMURA,24 AUG 1983,JPN,11f2,,Nobeoka (JPN),04 MAY 2019,1009
570,13:57.26,,Ahmed MUHUMED,01 JAN 1998,USA,10f1,,"Palo Alto, CA (USA)",29 MAR 2019,1009
570,13:57.26,,Jonathan HOPKINS,03 JUN 1992,GBR,2f12,,Nottingham (GBR),27 JUL 2019,1009
572,13:57.30,,Michael TERAN-SOLANO,,USA,16f2,,"Palo Alto, CA (USA)",02 MAY 2019,1009
572,13:57.30,,Philipp PFLIEGER,16 JUL 1987,GER,4f1,,Regensburg (GER),29 MAY 2019,1009
574,13:57.31,,Sila KIPTOO,05 MAY 1998,KEN,2h2,,Nairobi (KEN),12 JUL 2019,1009
575,13:57.33,,Ben BRADLEY,22 MAY 1995,GBR,1f11,,Milton Keynes (GBR),27 JUL 2019,1009
576,13:57.38,,Naoki FUJIWARA,31 JAN 1996,JPN,3f2,,Kitami (JPN),17 JUL 2019,1008
577,13:57.39,,Kristian JONES,04 MAR 1991,GBR,11,,Dublin (IRL),21 AUG 2019,1008
578,13:57.46,,Yohei KOMATSU,02 NOV 1997,JPN,13f2,,"Aoba Park Athletic Field, Chitose (JPN)",06 JUL 2019,1008
579,13:57.5h,,Caleb Mwangangi NDIKU,09 OCT 1992,KEN,10h2,,Nairobi (KEN),21 JUN 2019,1008
579,13:57.5h,,Emmanuel KIPROP,21 AUG 1999,KEN,4h1,,"Nyayo National Stadium, Nairobi (KEN)",20 AUG 2019,1008
581,13:57.52,,Ben EIDENSCHINK,27 JUL 1996,USA,4f3,,"Ames, IA (USA) (i)",08 FEB 2019,0
582,13:57.53,,Kaur KIVISTIK,29 APR 1991,EST,5f2,,"Azusa, CA (USA)",18 APR 2019,1008
583,13:57.54,,Joel Maina MWANGI,03 JUN 1985,KEN,1f2,,"Stadio Giuseppe Grezar, Trieste (ITA)",14 SEP 2019,1008
584,13:57.55,,Nils VOIGT,02 MAY 1997,GER,3f3,,"Putbosstadion, Oordegem (BEL)",25 MAY 2019,1008
585,13:57.56,,Shun YOSHISATO,18 AUG 1998,JPN,4f7,,Tokyo (JPN),06 APR 2019,1008
586,13:57.59,,Yuma HATTORI,13 NOV 1993,JPN,14f6,,Kumamoto (JPN),14 APR 2019,1008
587,13:57.6h,,Johnstone MELI,03 AUG 2001,KEN,1,,Mombasa (KEN),12 APR 2019,1008
588,13:57.60,,Kieran TUNTIVATE,16 FEB 1997,THA,1f1,,"Charlottesville, VA (USA)",20 APR 2019,1008
588,13:57.6h,,Peter KAMAU,1978,KEN,5,,"Ruringu Stadium, Nyeri (KEN)",03 MAY 2019,1008
590,13:57.62,,Timothy KATAM,,KEN,2,,Nairobi (KEN),13 JUL 2019,1008
591,13:57.63,,Mohamed Ali JELLOUL,30 JUN 1994,ESP,12,,Huelva (ESP),20 JUN 2019,1007
592,13:57.64,,Emil MILLÁN DE LA OLIVA,24 JUL 2001,SWE,1f1,,Stockholm (SWE),20 AUG 2019,1007
593,13:57.69,,Shunichi KONDO,27 JUL 1995,JPN,3f3,,"Aoba Park Athletic Field, Chitose (JPN)",06 JUL 2019,1007
594,13:57.76,,Stephen Omiso ARITA,26 JUN 1988,KEN,10,,"Moi International Sports Centre, Kasarani, Nairobi (KEN)",03 JUL 2019,1007
595,13:57.77,,Thomas FAFARD,06 DEC 1998,CAN,14f1,,"Boston Univ. Track & Tennis Center, Boston, MA (USA) (i)",07 DEC 2019,1051
596,13:57.79,,Shigeki FUJIWARA,16 OCT 1995,JPN,4f2,,Kitami (JPN),17 JUL 2019,1007
596,13:57.79,,Nigel MARTIN,23 MAR 1987,GBR,3f12,,Nottingham (GBR),27 JUL 2019,1007
598,13:57.80,,Vidal BASCO,08 FEB 1996,BOL,4,,Lima (PER),26 MAY 2019,1007
598,13:57.80,,Tatsuya SATO,12 APR 1991,JPN,14f21,,"NITTAIDAI Athletic Stadium, Yokohama (JPN)",06 OCT 2019,1007
600,13:57.81,,Davor Aaron BIENENFELD,25 SEP 1997,GER,11f1,,"Palo Alto, CA (USA)",29 MAR 2019,1007
600,13:57.81,,Lucian ALLISON,11 NOV 1990,GBR,5f1,,Loughborough (GBR),15 JUN 2019,1007
602,13:57.84,,Mohamed MOHAMED,,SOM,2f11,,Milton Keynes (GBR),27 JUL 2019,1007
603,13:57.89,,Hlynur ANDRÉSSON,16 SEP 1993,ISL,9f3,,Heusden-Zolder (BEL),20 JUL 2019,1007
604,13:57.90,,Sho NAKAGAWA,17 AUG 1997,JPN,14f2,,"Aoba Park Athletic Field, Chitose (JPN)",06 JUL 2019,1007
604,13:57.90,,Jens JENSEN,01 JUN 1986,DEN,1f1,,Odense (DEN),30 AUG 2019,1007
606,13:57.92,,Kei FUMIMOTO,29 SEP 1992,JPN,12f1,,Kitami (JPN),17 JUL 2019,1007
607,13:57.94,,James NIPPERESS,21 MAY 1990,AUS,1,,"Woden Park, Canberra (AUS)",30 NOV 2019,1006
608,13:57.97,,Matt YOUNG,,USA,4,,"Fayetteville, AR (USA)",11 MAY 2019,1006
609,13:57.99,,Clayton MENDEZ,,USA,1f2,,"Palo Alto, CA (USA)",19 APR 2019,1006
610,13:58.11,,Hiroshi ICHIDA,16 JUN 1992,JPN,11,,Fukuoka (JPN),27 JUN 2019,1006
611,13:58.12,,Ethan GONZALES,,USA,2f2,,"Palo Alto, CA (USA)",19 APR 2019,1006
612,13:58.20,,Owen HIND,01 AUG 1990,GBR,4f3,,"Putbosstadion, Oordegem (BEL)",25 MAY 2019,1006
613,13:58.25,,Elijah ARMSTRONG,15 AUG 1996,USA,1f2,,"Palo Alto, CA (USA)",29 MAR 2019,1005
614,13:58.33,,Benoit GOETHALS,05 FEB 1991,BEL,5f3,,"Putbosstadion, Oordegem (BEL)",25 MAY 2019,1005
615,13:58.44,,Charles Katul LOKIR,10 JUN 2000,KEN,5,,"Denka Big Swan Stadium, Niigata (JPN)",19 OCT 2019,1005
616,13:58.5h,,Josphat BOWEN,1989,KEN,6,,"Ruringu Stadium, Nyeri (KEN)",03 MAY 2019,1005
617,13:58.54,,Daniel TOROYA,15 MAR 1992,BOL,20f2,,"Putbosstadion, Oordegem (BEL)",25 MAY 2019,1004
617,13:58.54,,Wataru TOCHIGI,08 MAY 1995,JPN,15f2,,"Aoba Park Athletic Field, Chitose (JPN)",06 JUL 2019,1004
619,13:58.56,,Andrelino FURTADO,02 OCT 1992,POR,6f3,,"Putbosstadion, Oordegem (BEL)",25 MAY 2019,1004
620,13:58.60,,Yuki SUZUKI,01 NOV 1995,JPN,16f3,,"Yanmar Stadium Nagai, Osaka (JPN)",22 SEP 2019,1004
621,13:58.62,,Ben BUCKINGHAM,08 NOV 1991,AUS,4f1,,Los Corrales de Buelna (ESP),08 JUN 2019,1004
621,13:58.62,,Toshio TAKAKI,09 AUG 1993,JPN,16f2,,"Aoba Park Athletic Field, Chitose (JPN)",06 JUL 2019,1004
621,13:58.62,,Masaya TURUKAWA,02 JUN 2002,JPN,2,,"Prefectural Kasamatsu Stadium, Hitachinaka (JPN)",06 OCT 2019,1004
624,13:58.64,,Taylor STACK,,USA,1f1,,"Los Angeles, CA (USA)",11 MAY 2019,1004
624,13:58.64,,Barry KEANE,19 NOV 1997,IRL,3,,"Gladstein Fieldhouse Indiana Un., Bloomington, IN (USA) (i)",13 DEC 2019,1048
626,13:58.72,,Tomoki OTA,17 OCT 1997,JPN,1f22,,Yokohama (JPN),21 APR 2019,1004
627,13:58.73,,John SANDERSON,27 FEB 1993,GBR,3f11,,Milton Keynes (GBR),27 JUL 2019,1004
628,13:58.75,,Andrew BUCHANAN,10 APR 1991,AUS,4,,Sydney (AUS),23 FEB 2019,1004
628,13:58.75,,Ward D'HOORE,18 NOV 1994,BEL,7f3,,"Putbosstadion, Oordegem (BEL)",25 MAY 2019,1004
630,13:58.76,,Adam HICKEY,30 MAY 1988,GBR,4f11,,Milton Keynes (GBR),27 JUL 2019,1004
631,13:58.77,,Yohei IKEDA,22 JUN 1998,JPN,17f2,,"Aoba Park Athletic Field, Chitose (JPN)",06 JUL 2019,1004
632,13:58.78,,Kazuto KAWABATA,20 DEC 1995,JPN,12f2,,Nobeoka (JPN),04 MAY 2019,1004
633,13:58.84,,Dallin FARNSWORTH,1993,USA,6f2,,"Azusa, CA (USA)",18 APR 2019,1003
634,13:58.85,,James HANSEN,27 NOV 1993,AUS,1f1,,"Hagenauer Reserve, Box Hill, Melbourne (AUS)",14 NOV 2019,1003
635,13:58.87,,Alberto SÁNCHEZ,19 OCT 1988,ESP,5f1,,Los Corrales de Buelna (ESP),08 JUN 2019,1003
636,13:58.90,,Louis SERAFINI,20 SEP 1991,USA,1f1,,"Boston, MA (USA) (i)",26 JAN 2019,1047
637,13:58.94,,Carson HUME,12 JUN 1994,USA,7f2,,"Azusa, CA (USA)",18 APR 2019,1003
638,13:58.95,,Pierrick BERNARD,06 NOV 1992,FRA,9f3,,"Putbosstadion, Oordegem (BEL)",25 MAY 2019,1003
639,13:59.01,,Mohammadreza ABOOTORABI,31 AUG 1989,IRI,2f1,,Stockholm (SWE),20 AUG 2019,1003
640,13:59.11,,Felix RÜGER,06 DEC 1995,GER,5f1,,Karlsruhe (GER),18 MAY 2019,1003
641,13:59.12,,Yusuke OGURA,16 APR 1993,JPN,14f1,,Shibetsu (JPN),13 JUL 2019,1003
642,13:59.15,,Masashi NONAKA,10 NOV 1995,JPN,8f3,,Nobeoka (JPN),04 MAY 2019,1002
643,13:59.21,,Jacob MCLEOD,22 MAR 2000,USA,11f7,,"Raleigh, NC (USA)",29 MAR 2019,1002
644,13:59.32,,Patrice LE GALL,28 AUG 1981,FRA,10f3,,Heusden-Zolder (BEL),20 JUL 2019,1002
645,13:59.34,,Eric RÜTTIMANN,07 DEC 1992,SUI,10f3,,"Putbosstadion, Oordegem (BEL)",25 MAY 2019,1002
646,13:59.36,,Callan MOODY,25 MAR 1988,NZL,5f11,,Milton Keynes (GBR),27 JUL 2019,1002
647,13:59.37,,Jack AHO,,USA,3f2,,"Palo Alto, CA (USA)",19 APR 2019,1002
648,13:59.42,,Scott BEATTIE,04 DEC 1998,GBR,6f3,,"Ames, IA (USA) (i)",08 FEB 2019,0
649,13:59.44,,Yitayew ABUHAY,01 DEC 1996,ISR,11f3,,Heusden-Zolder (BEL),20 JUL 2019,1001
650,13:59.46,,Daniel CANALA,11 OCT 1996,AUS,5,,Sydney (AUS),23 FEB 2019,1001
651,13:59.61,,Sean BURKE,,USA,2f1,,"Charlottesville, VA (USA)",20 APR 2019,1001
652,13:59.63,,Tadesse GETAHON,20 DEC 1997,ISR,1,,Tel Aviv (ISR),01 JUN 2019,1001
652,13:59.63,,Polat Kemboi ARIKAN,12 DEC 1990,TUR,2,,Bursa (TUR),19 JUN 2019,1001
654,13:59.64,,Nadeel WILDSCHUTT,28 NOV 1996,RSA,3f1,,"Charlottesville, VA (USA)",20 APR 2019,1001
655,13:59.74,,Michael EATON,09 JUN 1987,USA,2f1,,"San Francisco, CA (USA)",29 MAR 2019,1000
656,13:59.82,,Daniel SOTO,13 NOV 1996,USA,7f3,,"Ames, IA (USA) (i)",08 FEB 2019,0
656,13:59.82,,Toshinori WATANABE,27 JUN 1993,JPN,4f3,,"Aoba Park Athletic Field, Chitose (JPN)",06 JUL 2019,1000
658,13:59.85,,Godadaw BELACHEW,22 JAN 1997,ISR,2,,Tel Aviv (ISR),01 JUN 2019,1000
659,13:59.91,,Robert GŁOWALA,29 OCT 1992,POL,1,,Bialogard (POL),19 JUL 2019,1000
660,13:59.99,,Shohei OTSUKA,13 AUG 1994,JPN,9f5,,Kumamoto (JPN),14 APR 2019,1000
661,14:00.0h,,Aragaw Yitbarek MESERET,15 OCT 1998,ETH,8,,Addis Abeba (ETH),11 MAY 2019,1000
662,14:00.03,,Fumiya OCHI,28 JUL 1993,JPN,6f7,,Tokyo (JPN),06 APR 2019,999
663,14:00.04,,Danny CARNEY,09 NOV 1993,USA,3f1,,"Los Angeles, CA (USA)",11 MAY 2019,999
664,14:00.05,,Jaime GARCÍA,25 AUG 1994,ESP,13f1,,"Palo Alto, CA (USA)",29 MAR 2019,999
664,14:00.05,,Frederick Mwingirwa MATHUI,28 AUG 1996,KEN,10f1,,Fukagawa (JPN),09 JUL 2019,999
666,14:00.06,,Connor WEAVER,,USA,4f1,,"Los Angeles, CA (USA)",11 MAY 2019,999
666,14:00.06,,Ali CHEBURES,05 MAY 1992,UGA,1,,Kampala (UGA),03 AUG 2019,999
668,14:00.12,,Eoin EVERARD,23 APR 1986,IRL,6f4,,Heusden-Zolder (BEL),20 JUL 2019,999
669,14:00.13,,Hillary MAIYO,,KEN,3,,Nairobi (KEN),13 JUL 2019,999
670,14:00.14,,Collen MULAUDZI,08 APR 1991,RSA,3,,"Coetzenburg Stadium, Stellenbosch (RSA)",26 MAR 2019,999
671,14:00.19,,Oliver FOX,06 OCT 1996,GBR,7f1,,Loughborough (GBR),15 JUN 2019,999
672,14:00.20,,Hiroki TSUJIYOKO,03 MAR 1993,JPN,2f3,,Kitami (JPN),17 JUL 2019,999
673,14:00.21,,Soren KNUDSEN,20 MAY 1999,USA,4f3,,"Seattle, WA (USA) (i)",08 FEB 2019,0
674,14:00.25,,Charlie SWEENEY,16 JAN 1999,USA,5f1,,"Los Angeles, CA (USA)",11 MAY 2019,999
675,14:00.26,,Toshiki SADAKATA,04 MAR 1992,JPN,15f1,,Shibetsu (JPN),13 JUL 2019,999
675,14:00.26,,Mahadi ABDI ALI,08 NOV 1995,NED,1f1,,Ninove (BEL),03 AUG 2019,999
677,14:00.3h,,Peter Kamau MUIRURI,28 DEC 2001,KEN,6h3,,"Nyayo National Stadium, Nairobi (KEN)",20 AUG 2019,999
678,14:00.35,,Ben MOYNIHAN,08 APR 1994,NZL,2f1,,"AUT Millennium, Auckland (NZL)",20 DEC 2019,998
679,14:00.37,,Wyatt DIDERICKSON,,USA,19f2,,"Torrance, CA (USA)",19 APR 2019,998
680,14:00.38,,Renya MAEDA,12 APR 1994,JPN,15f21,,"NITTAIDAI Athletic Stadium, Yokohama (JPN)",06 OCT 2019,998
681,14:00.39,,Mikkel DAHL-JESSEN,20 DEC 1994,DEN,2f1,,Odense (DEN),30 AUG 2019,998
682,14:00.4h,,Collins KOROS,27 DEC 1990,KEN,6h1,,Nairobi (KEN),21 JUN 2019,998
683,14:00.40,,Cyrus KINGORI,05 JAN 1997,KEN,15f1,,Kitami (JPN),17 JUL 2019,998
684,14:00.42,,Issei IWASA,07 FEB 1998,JPN,7f7,,Tokyo (JPN),06 APR 2019,998
685,14:00.44,,Denis CHERTYKOV,07 MAY 1994,RUS,7,,Sochi (RUS),29 MAY 2019,998
686,14:00.45,,Yuya KONISHI,22 AUG 1990,JPN,4f6,,Nobeoka (JPN),04 MAY 2019,998
686,14:00.45,,Jake SMITH,19 MAY 1998,GBR,3f1,,Manchester (GBR),25 MAY 2019,998
688,14:00.48,,Daniel MUIVA KITONYI,12 JAN 1994,KEN,1f6,,Tokyo (JPN),06 APR 2019,998
689,14:00.56,,Alex CORBETT,,USA,9f3,,"Ames, IA (USA) (i)",08 FEB 2019,0
690,14:00.72,,Travis MAHONEY,25 JUL 1990,USA,14,,"Drake Stadium, Des Moines, IA (USA)",28 JUL 2019,997
691,14:00.73,,Brian FAY,09 NOV 1998,IRL,14,,Dublin (IRL),21 AUG 2019,997
692,14:00.80,,Niek BLIKSLAGER,13 JUN 1995,NED,11f3,,"Putbosstadion, Oordegem (BEL)",25 MAY 2019,997
693,14:00.83,,Yasushi ENDO,18 JUN 1988,JPN,5f3,,"Aoba Park Athletic Field, Chitose (JPN)",06 JUL 2019,997
694,14:00.84,,Masatoshi SAKATA,17 AUG 1994,JPN,5f2,,Kitami (JPN),17 JUL 2019,997
695,14:00.87,,Louis MCAFEE,23 AUG 1996,AUS,6,,Sydney (AUS),23 FEB 2019,997
695,14:00.87,,Nekagenet CRIPPA,16 SEP 1994,ITA,2f2,,"Stadio Giuseppe Grezar, Trieste (ITA)",14 SEP 2019,997
697,14:00.91,,Joel TOBIN-WHITE,02 MAR 1994,AUS,7,,Sydney (AUS),23 FEB 2019,997
697,14:00.91,,Devin MEYRER,22 NOV 1997,GER,4f2,,"Palo Alto, CA (USA)",19 APR 2019,997
697,14:00.91,,Jack DAVIDSON,,USA,18f2,,"Palo Alto, CA (USA)",02 MAY 2019,997
700,14:00.96,,Reo KUNIYUKI,09 JAN 1996,JPN,18f2,,"Aoba Park Athletic Field, Chitose (JPN)",06 JUL 2019,996
701,14:00.97,,Takashi GOTO,28 AUG 1987,JPN,1f8,,Kitakyushu (JPN),01 JUN 2019,996
702,14:01.01,,Philipp REINHARDT,06 MAR 1994,GER,5f1,,Regensburg (GER),29 MAY 2019,996
703,14:01.02,,Sean TORPY,,USA,13f7,,"Raleigh, NC (USA)",29 MAR 2019,996
704,14:01.08,,Mehdi FRÈRE,27 JUL 1996,FRA,2f2,,Carquefou (FRA),21 JUN 2019,996
705,14:01.10,,Yuta SHIMODA,31 MAR 1996,JPN,6f3,,"Aoba Park Athletic Field, Chitose (JPN)",06 JUL 2019,996
706,14:01.1h,,Thomas Pkemei LONGOSIWA,14 JAN 1982,KEN,2,,"Moi International Sports Centre, Kasarani, Nairobi (KEN)",20 JUL 2019,996
707,14:01.15,,Ruben DOMINGUEZ,,USA,3f1,,"San Francisco, CA (USA)",29 MAR 2019,996
708,14:01.18,,Taishi ITO,02 FEB 2003,JPN,3,,"Prefectural Kasamatsu Stadium, Hitachinaka (JPN)",06 OCT 2019,996
709,14:01.21,,Addison DEHAVEN,,USA,11f2,,"Azusa, CA (USA)",18 APR 2019,996
710,14:01.22,,Geoffrey ROTICH,28 OCT 1998,KEN,2,,Gandía (ESP),19 JUN 2019,996
711,14:01.23,,Adrian POTTER,09 MAR 1995,AUS,8,,Sydney (AUS),23 FEB 2019,995
712,14:01.28,,Gregory BE,14 NOV 1991,FRA,3f2,,Carquefou (FRA),21 JUN 2019,995
713,14:01.29,,Andrew MARSTON,22 SEP 1996,USA,5f3,,"Seattle, WA (USA) (i)",08 FEB 2019,0
714,14:01.36,,Frank LARA,25 SEP 1995,USA,10f3,,"Ames, IA (USA) (i)",08 FEB 2019,0
715,14:01.48,,Andrew ALEXANDER,10 FEB 1999,CAN,3,,"Charlottesville, VA (USA)",11 MAY 2019,995
716,14:01.51,,Tibor SAHAJDA,18 DEC 1990,SVK,5,,"Sandnes Stadion, Sandnes (NOR)",10 AUG 2019,995
717,14:01.57,,Abderrazak CHARIK,19 SEP 1997,FRA,4f2,,Carquefou (FRA),21 JUN 2019,994
718,14:01.58,,Charles Karanja KAMAU,05 AUG 1997,KEN,11,,"Moi International Sports Centre, Kasarani, Nairobi (KEN)",03 JUL 2019,994
719,14:01.60,,Simon STÜTZEL,28 NOV 1986,GER,6f1,,Regensburg (GER),29 MAY 2019,994
720,14:01.61,,Ryunosuke HAYASHI,26 AUG 1994,JPN,19f2,,"Aoba Park Athletic Field, Chitose (JPN)",06 JUL 2019,994
721,14:01.63,,Martin BARR,,USA,14f1,,"Palo Alto, CA (USA)",29 MAR 2019,994
722,14:01.82,,Clayson SHUMWAY,,USA,7,,"Seattle, WA (USA) (i)",22 FEB 2019,0
723,14:01.86,,Toka BADBOY,02 AUG 1998,LES,1,,Gaborone (BOT),27 APR 2019,993
724,14:01.94,,Hideaki SUMIYOSHI,20 NOV 1996,JPN,6f2,,Kitami (JPN),17 JUL 2019,993
725,14:02.03,,Seki HAYATO,11 APR 1997,JPN,11f1,,Abashiri (JPN),22 JUL 2019,993
726,14:02.09,,Michael VERNAU,,USA,3f2,,"Seattle, WA (USA) (i)",08 FEB 2019,0
727,14:02.13,,Kyohei HOSOYA,31 AUG 1995,JPN,14f19,,"Municipal Sayagatani Stadium, Kitakyushu (JPN)",19 OCT 2019,992
728,14:02.14,,Hicham ELKHAYARI,01 FEB 1997,MAR,3,,Sale (MAR),28 JUL 2019,992
729,14:02.15,,Azaria KIRWA,,KEN,5h2,,"Jacksonville, FL (USA)",25 MAY 2019,992
730,14:02.18,,Brent DEMAREST,,USA,4,,"Charlottesville, VA (USA)",11 MAY 2019,992
731,14:02.20,,Katsutoshi MONOE,30 JUL 1996,JPN,7f3,,"Aoba Park Athletic Field, Chitose (JPN)",06 JUL 2019,992
732,14:02.27,,Noah PERKINS,,USA,6h2,,"Jacksonville, FL (USA)",25 MAY 2019,992
732,14:02.27,,Nick GOOLAB,30 JAN 1990,GBR,17,,"Olympic Stadium, London (GBR)",20 JUL 2019,992
732,14:02.27,,Ezra MUTAI,,KEN,16f1,,"Boston Univ. Track & Tennis Center, Boston, MA (USA) (i)",07 DEC 2019,1036
735,14:02.28,,John AHO,24 MAR 1999,USA,12,,"Ames, IA (USA) (i)",08 FEB 2019,0
736,14:02.30,,Eero SALEVA,07 OCT 1995,FIN,12f3,,"Putbosstadion, Oordegem (BEL)",25 MAY 2019,992
736,14:02.30,,Naoya SAKUDA,17 DEC 1994,JPN,3f3,,Kitami (JPN),17 JUL 2019,992
738,14:02.31,,Mohamed ZARHOUNI,10 JUN 1995,ESP,1,,Barcelona (ESP),26 JUN 2019,992
739,14:02.35,,Tibebu PROCTOR,,USA,10,,"Tucson, AZ (USA)",12 MAY 2019,992
740,14:02.37,,Jack GRAY,10 APR 1993,GBR,6f11,,Milton Keynes (GBR),27 JUL 2019,992
741,14:02.39,,Yusuke SATO,20 OCT 1990,JPN,15f1,,Nobeoka (JPN),04 MAY 2019,992
742,14:02.42,,Ryo HASHIMOTO,26 SEP 1993,JPN,6f6,,Nobeoka (JPN),04 MAY 2019,992
742,14:02.42,,Yuki MUTA,26 MAY 1993,JPN,12f1,,Abashiri (JPN),22 JUL 2019,992
744,14:02.43,,Jamie DEE,23 NOV 1997,GBR,2f2,,"Princeton, NJ (USA)",11 MAY 2019,991
745,14:02.48,,Satoshi OKIMORI,24 MAY 1992,JPN,20f2,,"Aoba Park Athletic Field, Chitose (JPN)",06 JUL 2019,991
746,14:02.50,,Ryota TAKAHATA,20 AUG 1999,JPN,13f44,,"NITTAIDAI Athletic Stadium, Yokohama (JPN)",01 DEC 2019,991
747,14:02.53,,Victor KIMOSOP,02 MAR 2003,KEN,4,,"Prefectural Kasamatsu Stadium, Hitachinaka (JPN)",06 OCT 2019,991
748,14:02.54,,Mohamed HREZI,28 OCT 1991,LBA,1f1,,"Philadelphia, PA (USA)",25 APR 2019,991
749,14:02.55,,Nicolas HERRERA,19 NOV 1992,COL,2f1,,"Torrance, CA (USA)",19 APR 2019,991
750,14:02.60,,Keisuke HAYASHI,24 DEC 1996,JPN,21f2,,"Aoba Park Athletic Field, Chitose (JPN)",06 JUL 2019,991
750,14:02.60,,Kazuki UEMURA,13 JAN 1994,JPN,8f3,,"Aoba Park Athletic Field, Chitose (JPN)",06 JUL 2019,991
752,14:02.63,,Seth TOTTEN,27 NOV 1991,USA,1,,"Westwood, CA (USA)",29 MAR 2019,991
753,14:02.64,,Yacine GUERMALI,26 JUL 1999,USA,5f2,,"Palo Alto, CA (USA)",19 APR 2019,991
754,14:02.66,,Sylvester KOKO,02 DEC 1995,BOT,2,,Gaborone (BOT),27 APR 2019,991
755,14:02.69,,António ROCHA,04 AUG 1992,POR,13f3,,"Putbosstadion, Oordegem (BEL)",25 MAY 2019,991
756,14:02.70,,Junpei KANISAWA,01 DEC 1995,JPN,9f3,,Nobeoka (JPN),04 MAY 2019,991
756,14:02.70,,Yuta KOYAMA,04 FEB 1994,JPN,22f2,,"Aoba Park Athletic Field, Chitose (JPN)",06 JUL 2019,991
758,14:02.75,,Greg LEAK,21 APR 1988,USA,4f2,,"Seattle, WA (USA) (i)",08 FEB 2019,0
759,14:02.76,,Aarón LAS HERAS,22 JUN 2000,ESP,1,,"Ryavallen, Borås (SWE)",21 JUL 2019,990
760,14:02.79,,Tyson MIEHE,,USA,12f2,,"Azusa, CA (USA)",18 APR 2019,990
761,14:02.83,,Jordan ROWE,04 DEC 1996,GBR,4f1,,"San Francisco, CA (USA)",29 MAR 2019,990
761,14:02.83,,Natsuki TERADA,30 AUG 1991,JPN,4f3,,Kitami (JPN),17 JUL 2019,990
761,14:02.83,,Shun INOURA,26 JUL 1992,JPN,5f3,,Kitami (JPN),17 JUL 2019,990
764,14:02.87,,Ulise MARTIN,26 MAY 1996,PER,1,,Lima (PER),22 JUN 2019,990
765,14:02.90,,Atsumi ASHIWA,02 FEB 1995,JPN,10f3,,Nobeoka (JPN),04 MAY 2019,990
766,14:02.93,,Mason COPPI,09 APR 1998,USA,6f2,,"Palo Alto, CA (USA)",19 APR 2019,990
766,14:02.93,,Jesús Manuel YANA,28 JAN 1992,PER,1f1,,Lima (PER),28 APR 2019,990
768,14:02.95,,Mokofane Milton KEKANA,03 OCT 1995,RSA,15,,Dublin (IRL),21 AUG 2019,990
769,14:02.99,,Tom MORTIMER,07 JAN 1999,GBR,8f1,,Loughborough (GBR),15 JUN 2019,990
770,14:03.05,,James GORMLEY,03 APR 1998,GBR,5f12,,Nottingham (GBR),27 JUL 2019,989
771,14:03.06,,Daniel SCHAFFER,05 FEB 1998,USA,1f3,,"Boston Univ. Track & Tennis Center, Boston, MA (USA) (i)",07 DEC 2019,1033
772,14:03.08,,Jordan BRANNAN,,USA,1,,"Boston, MA (USA) (i)",02 MAR 2019,1033
772,14:03.08,,Gideon KIMUTAI,,KEN,1f2,,"Maryville, MO (USA) (i)",06 DEC 2019,0
774,14:03.09,,Naoya TAKAHASHI,28 AUG 1993,JPN,10f5,,Kumamoto (JPN),14 APR 2019,989
775,14:03.13,,Gilbert KIRUI,,KEN,2,,"Boston, MA (USA) (i)",02 MAR 2019,1033
775,14:03.13,,Kei KATANISHI,18 MAR 1997,JPN,12f4,,Kumagaya (JPN),19 MAY 2019,989
777,14:03.17,,Ben CHAMBERLAIN,06 APR 1998,AUS,1,,"WA Sports Centre, Perth (AUS)",25 OCT 2019,989
778,14:03.18,,Jonathan DAHLKE,14 FEB 1995,GER,22f2,,"Putbosstadion, Oordegem (BEL)",25 MAY 2019,989
779,14:03.22,,Tim LOGAN,10 JAN 1996,AUS,9,,Sydney (AUS),23 FEB 2019,989
780,14:03.28,,Nick WOLK,11 APR 1998,USA,4f1,,"Charlottesville, VA (USA)",20 APR 2019,989
781,14:03.30,,Kohei MATSUMURA,05 NOV 1986,JPN,11f3,,Nobeoka (JPN),04 MAY 2019,989
781,14:03.30,,Szymon KULKA,22 JUN 1993,POL,2,,Bialogard (POL),19 JUL 2019,989
783,14:03.31,,Ari KLAU,,USA,11f3,,"Ames, IA (USA) (i)",08 FEB 2019,0
784,14:03.33,,Bruce-Lynn DAMONS,20 JUN 1996,RSA,4,,"Coetzenburg Stadium, Stellenbosch (RSA)",26 MAR 2019,989
785,14:03.39,,Shuhei YAMAMOTO,24 MAY 1991,JPN,11f5,,Kumamoto (JPN),14 APR 2019,988
786,14:03.43,,Daichiro NAKAHIRA,02 OCT 1997,JPN,8f6,,Nobeoka (JPN),04 MAY 2019,988
787,14:03.44,,Timothy KIBII,,KEN,4,,Nairobi (KEN),13 JUL 2019,988
787,14:03.44,,Masaki KODAMA,03 JAN 2002,JPN,5,,"Prefectural Kasamatsu Stadium, Hitachinaka (JPN)",06 OCT 2019,988
789,14:03.47,,Thomas POLLARD,17 APR 1997,USA,7f2,,"Palo Alto, CA (USA)",19 APR 2019,988
790,14:03.48,,Yudai NOGUCHI,16 OCT 1998,JPN,1f6,,Inzai (JPN),06 JUL 2019,988
791,14:03.56,,Tsubasa ICHIYAMA,08 APR 1996,JPN,9f6,,Nobeoka (JPN),04 MAY 2019,988
792,14:03.6h,,Peter MWANGI,27 JUL 1999,KEN,7h1,,Nairobi (KEN),21 JUN 2019,988
793,14:03.62,,Noel ROTICH,1999,KEN,2f2,,"Palo Alto, CA (USA)",29 MAR 2019,988
793,14:03.62,,Tobias BLUM,16 JAN 1995,GER,7f1,,Regensburg (GER),29 MAY 2019,988
795,14:03.65,,Yudai SHIMAZU,28 MAR 2000,JPN,1f4,,"Aoba Park Athletic Field, Chitose (JPN)",06 JUL 2019,987
796,14:03.67,,Dominik NOTZ,16 JUL 1993,GER,8f1,,Regensburg (GER),29 MAY 2019,987
796,14:03.67,,Mike TATE,01 APR 1995,CAN,3,,"Nashville, TN (USA)",31 MAY 2019,987
798,14:03.71,,Graham CRAWFORD,29 DEC 1992,USA,23f1,,"Palo Alto, CA (USA)",02 MAY 2019,987
799,14:03.76,,Patrick SHEEHAN,,USA,1f6,,"Raleigh, NC (USA)",29 MAR 2019,987
799,14:03.76,,Kyle BURDICK,,USA,5,,"Des Moines, IA (USA)",25 APR 2019,987
799,14:03.76,,Shunya KIKUCHI,26 JUL 1998,JPN,14f44,,"NITTAIDAI Athletic Stadium, Yokohama (JPN)",01 DEC 2019,987
802,14:03.77,,Takumi OHISI,27 AUG 1996,JPN,10f6,,Nobeoka (JPN),04 MAY 2019,987
803,14:03.84,,Shunya NOMURA,22 APR 1995,JPN,3f3,,Kumamoto (JPN),14 APR 2019,987
804,14:03.85,,Gavin PARPART,29 MAY 1998,USA,8,,"Seattle, WA (USA) (i)",22 FEB 2019,0
804,14:03.85,,Dorin Andrei RUSU,30 NOV 1998,ROU,1f4,,"Putbosstadion, Oordegem (BEL)",25 MAY 2019,987
806,14:03.93,,Shouya YONEI,01 FEB 1997,JPN,6f3,,Kitami (JPN),17 JUL 2019,987
807,14:03.96,,Yasunari KUSU,21 AUG 1993,JPN,13f2,,Nobeoka (JPN),04 MAY 2019,986
808,14:04.07,,Miler HALLER,21 FEB 1997,USA,5f2,,"Seattle, WA (USA) (i)",08 FEB 2019,0
809,14:04.12,,Paul ROBERTS,,USA,6f3,,"Seattle, WA (USA) (i)",08 FEB 2019,0
810,14:04.15,,Jhon CUSI,18 JAN 1985,PER,2f1,,Lima (PER),28 APR 2019,986
811,14:04.19,,Micheal POWER,27 JAN 1999,IRL,14f3,,"Putbosstadion, Oordegem (BEL)",25 MAY 2019,986
811,14:04.19,,Hiroto KANAMORI,10 FEB 1994,JPN,6,,"Denka Big Swan Stadium, Niigata (JPN)",19 OCT 2019,986
813,14:04.22,,Lakshmanan GOVINDAN,05 JUN 1990,IND,1,,Sangrur (IND),02 MAR 2019,986
814,14:04.23,,Mitko TSENOV,13 JUN 1993,BUL,1,,Sofia (BUL),18 MAY 2019,986
815,14:04.24,,Jobo KHATOANE,08 JUN 1991,LES,3,,Gaborone (BOT),27 APR 2019,985
816,14:04.25,,Masanori SUMIDA,08 JAN 1996,JPN,1f5,,Nobeoka (JPN),04 MAY 2019,985
817,14:04.29,,Luke LANDIS,25 APR 1997,USA,5f1,,"Charlottesville, VA (USA)",20 APR 2019,985
818,14:04.33,,Josh HOSKINSON,,USA,14f2,,"Azusa, CA (USA)",18 APR 2019,985
819,14:04.36,,Josephat KARANJA,08 NOV 2000,KEN,13f3,,Nobeoka (JPN),04 MAY 2019,985
820,14:04.47,,Yuriy KLOPTSOV,22 DEC 1989,RUS,4,,Moskva (RUS) (i),15 FEB 2019,1028
821,14:04.48,,Ryan KUTCH,18 SEP 1998,USA,1f1,,"Williamsburg, VA (USA)",05 APR 2019,985
822,14:04.49,,Yuji ASAISHI,22 FEB 1995,JPN,13f4,,Kumagaya (JPN),19 MAY 2019,985
823,14:04.54,,Shunsaku SHIBATA,21 MAR 1993,JPN,7f1,,Hiroshima (JPN),27 APR 2019,985
823,14:04.54,,Shotaro ISHIHARA,04 JAN 2002,JPN,6,,"Prefectural Kasamatsu Stadium, Hitachinaka (JPN)",06 OCT 2019,985
825,14:04.55,,Osama ZOGHLAMI,19 JUN 1994,ITA,1,,Palermo (ITA),12 MAY 2019,984
826,14:04.57,,Adam BRADTMUELLER,,USA,2f6,,"Raleigh, NC (USA)",29 MAR 2019,984
827,14:04.59,,Matthew BERGIN,02 MAR 1993,IRL,23f2,,"Putbosstadion, Oordegem (BEL)",25 MAY 2019,984
828,14:04.63,,Charlie HUNTER,20 JUL 1996,AUS,8f2,,"Palo Alto, CA (USA)",19 APR 2019,984
829,14:04.64,,Yuki OSAKA,26 OCT 1998,JPN,1f40,,"NITTAIDAI Athletic Stadium, Yokohama (JPN)",01 DEC 2019,984
830,14:04.74,,Yuta MATSUDA,12 APR 1988,JPN,14f2,,Nobeoka (JPN),04 MAY 2019,984
831,14:04.76,,Shinji YOSHIMOTO,08 SEP 1980,JPN,15f19,,"Municipal Sayagatani Stadium, Kitakyushu (JPN)",19 OCT 2019,984
832,14:04.78,,Josh MAIER,,USA,1,,"Terre Haute, IN (USA)",12 MAY 2019,984
833,14:04.81,,Tim RAMDANE CHERIF,14 APR 1994,GER,9f1,,Regensburg (GER),29 MAY 2019,984
833,14:04.81,,Zak PATTERSON,29 MAY 1995,AUS,3f1,,"Hagenauer Reserve, Box Hill, Melbourne (AUS)",14 NOV 2019,984
835,14:04.83,,Tessei YAMAHATA,22 JUL 1998,JPN,7f3,,Kitami (JPN),17 JUL 2019,984
836,14:04.91,,Chihaya KASUGA,09 MAY 1995,JPN,14f3,,Nobeoka (JPN),04 MAY 2019,983
836,14:04.91,,Ernest KIMUTAI,12 MAY 1992,KEN,1h1,,Nairobi (KEN),12 JUL 2019,983
836,14:04.91,,Kenneth CHESERER,,KEN,5h2,,Nairobi (KEN),12 JUL 2019,983
839,14:04.93,,Yuta NAKAGAWA,04 MAR 2003,JPN,2f40,,"NITTAIDAI Athletic Stadium, Yokohama (JPN)",01 DEC 2019,983
840,14:04.95,,Yuki MATSUMURA,14 JAN 1993,JPN,2f6,,Tokyo (JPN),06 APR 2019,983
841,14:04.97,,Arno DE FEYTER,13 FEB 1992,BEL,15f3,,"Putbosstadion, Oordegem (BEL)",25 MAY 2019,983
842,14:05.00,,Daiki SUZAKI,26 JAN 1996,JPN,23f2,,"Aoba Park Athletic Field, Chitose (JPN)",06 JUL 2019,983
843,14:05.0h,,Peter EMASE,12 DEC 1993,KEN,3,,"Moi International Sports Centre, Kasarani, Nairobi (KEN)",20 JUL 2019,983
844,14:05.01,,Ayetullah ASLANHAN,01 JAN 2001,TUR,2,,"Ryavallen, Borås (SWE)",21 JUL 2019,983
845,14:05.05,,Andrew RAFLA,15 APR 1996,USA,1f2,,"Portland, OR (USA)",09 JUN 2019,983
846,14:05.06,,Kristian Holm JENSEN,09 DEC 1997,DEN,2f1,,"Philadelphia, PA (USA)",25 APR 2019,983
847,14:05.07,,Emmanuel ROUDOLFF,30 JUL 1995,FRA,15f4,,"Seattle, WA (USA) (i)",08 FEB 2019,0
848,14:05.08,,Boris ZAKHAROV,31 MAR 1984,RUS,1,,Dolgoprudny (RUS),30 JUN 2019,983
848,14:05.08,,EL Hocine ZOURKANE,24 MAR 1996,ALG,1,,Algiers (ALG),27 JUL 2019,983
850,14:05.09,,Marouan RAZINE,09 APR 1991,ITA,1,,Bressanone (ITA),27 JUL 2019,983
850,14:05.09,,Ramdhane WARGHI,20 MAR 1993,ALG,2,,Algiers (ALG),27 JUL 2019,983
852,14:05.12,,Nathan THOMAS,,USA,4,,"Clovis, CA (USA)",11 MAY 2019,983
853,14:05.17,,Yuichiro NISHIKAWA,10 OCT 1997,JPN,2f5,,Nobeoka (JPN),04 MAY 2019,982
854,14:05.19,,Garrett REYNOLDS,,USA,20f2,,"Torrance, CA (USA)",19 APR 2019,982
855,14:05.20,,Andrey MINZHULIN,06 SEP 1987,RUS,5,,Moskva (RUS) (i),15 FEB 2019,1025
856,14:05.21,,Robby CREESE,30 AUG 1993,USA,1f2,,"Lewisburg, PA (USA)",13 APR 2019,982
857,14:05.25,,Francesco BREUSA,20 AUG 1998,ITA,3f2,,"Stadio Giuseppe Grezar, Trieste (ITA)",14 SEP 2019,982
857,14:05.25,,Hiroto SUZUKI,07 MAR 1996,JPN,3f40,,"NITTAIDAI Athletic Stadium, Yokohama (JPN)",01 DEC 2019,982
859,14:05.29,,Valentin PONCELET,30 MAY 1991,BEL,16f3,,"Putbosstadion, Oordegem (BEL)",25 MAY 2019,982
860,14:05.31,,Taiga NAKANISHI,27 MAY 2000,JPN,3f22,,Yokohama (JPN),21 APR 2019,982
861,14:05.32,,Stephen SAMBU,07 JUL 1988,KEN,1,,"Tucson, AZ (USA)",15 MAR 2019,982
861,14:05.32,,Lachlan COOK,03 JAN 1997,AUS,6,,"Charlottesville, VA (USA)",11 MAY 2019,982
863,14:05.37,,Andrew HEYES,22 JUN 1990,GBR,8,,Belfast (GBR),01 AUG 2019,982
864,14:05.45,,Shoma YAMAMOTO,10 APR 1995,JPN,8f7,,Tokyo (JPN),06 APR 2019,981
864,14:05.45,,Kiseki SHIOZAWA,17 DEC 1998,JPN,1f2,,Abashiri (JPN),22 JUL 2019,981
866,14:05.46,,Cosmas KIPLIMO,1998,KEN,12,,"Moi International Sports Centre, Kasarani, Nairobi (KEN)",03 JUL 2019,981
867,14:05.47,,Ryota UCHIYAMA,13 AUG 1997,JPN,1f2,,Shibetsu (JPN),13 JUL 2019,981
868,14:05.48,,Gabriel STEFFENSEN,29 APR 1996,SWE,2f4,,"Putbosstadion, Oordegem (BEL)",25 MAY 2019,981
869,14:05.50,,Oleg GRIGORYEV,18 APR 1988,RUS,2,,Dolgoprudny (RUS),30 JUN 2019,981
870,14:05.54,,Alex KIPROP,,UGA,3,,"Mandela National Stadium, Kampala (UGA)",11 MAY 2019,981
871,14:05.57,,Sota ITO,21 JUN 1998,JPN,9f7,,Tokyo (JPN),06 APR 2019,981
872,14:05.59,,Joe DRAGON,,USA,2f1,,"Boston, MA (USA) (i)",26 JAN 2019,1024
873,14:05.64,,Taku FUJIMOTO,11 SEP 1989,JPN,6f1,,Gifu (JPN),12 MAY 2019,981
873,14:05.64,,Kieran CLEMENTS,20 NOV 1993,GBR,1f1,,Stretford (GBR),10 AUG 2019,981
875,14:05.69,,Walter Peter KORORIA,,KEN,6h2,,Nairobi (KEN),12 JUL 2019,981
876,14:05.70,,Shin KIMURA,08 AUG 1988,JPN,14f4,,Kumagaya (JPN),19 MAY 2019,981
877,14:05.72,,Mario BAZÁN,01 SEP 1987,PER,21f2,,"Torrance, CA (USA)",19 APR 2019,981
878,14:05.73,,Ginga TAKAHASHI,07 MAR 2002,JPN,4f40,,"NITTAIDAI Athletic Stadium, Yokohama (JPN)",01 DEC 2019,981
879,14:05.74,,Wuoi MACH,,USA,5,,"Nashville, TN (USA)",31 MAY 2019,981
880,14:05.75,,Sergiy POLIKARPENKO,06 JUN 1998,ITA,4f2,,"Stadio Giuseppe Grezar, Trieste (ITA)",14 SEP 2019,981
881,14:05.82,,Takayuki HAMAGUCHI,14 OCT 1990,JPN,9f3,,"Aoba Park Athletic Field, Chitose (JPN)",06 JUL 2019,980
882,14:05.94,,Yusuke OSAWA,30 AUG 2000,JPN,3f2,,"Tokai University Stadium, Hiratsuka (JPN)",19 MAY 2019,980
882,14:05.94,,Hideaki ISHII,30 NOV 1994,JPN,16f44,,"NITTAIDAI Athletic Stadium, Yokohama (JPN)",01 DEC 2019,980
884,14:05.97,,Brandon GARNICA,14 NOV 1999,USA,6f1,,"Los Angeles, CA (USA)",11 MAY 2019,980
885,14:06.07,,Stephen MOKOKA,31 JAN 1985,RSA,1,,Pretoria (RSA),09 APR 2019,979
886,14:06.13,,Gashau AYALE,22 AUG 1996,ISR,5,,Tel Aviv (ISR),01 JUN 2019,979
887,14:06.14,,Ryuji MIURA,11 FEB 2002,JPN,7,,"Prefectural Kasamatsu Stadium, Hitachinaka (JPN)",06 OCT 2019,979
888,14:06.15,,Ken TANSHO,07 FEB 2001,JPN,3f2,,Shibetsu (JPN),13 JUL 2019,979
889,14:06.16,,Samuel BARATA,19 JUL 1993,POR,2,,Lisboa (POR),21 JUL 2019,979
890,14:06.17,,Benjámin KOVÁCS,24 JAN 1995,HUN,8f1,,Karlsruhe (GER),18 MAY 2019,979
891,14:06.18,,Precious Lesiba MASHELE,13 OCT 1990,RSA,1,,Germiston (RSA),27 APR 2019,979
891,14:06.18,,Suguru OTAGURO,28 AUG 1996,JPN,8f3,,Kitami (JPN),17 JUL 2019,979
893,14:06.19,,Titus WINDERS,,USA,1f1,,"Allendale, MI (USA) (i)",06 DEC 2019,0
894,14:06.21,,Austen DALQUIST,16 NOV 1995,USA,16f4,,"Seattle, WA (USA) (i)",08 FEB 2019,0
894,14:06.21,,Matthew SCRAPE,2000,USA,3f6,,"Raleigh, NC (USA)",29 MAR 2019,979
896,14:06.22,,Dominic BROWN,08 OCT 1994,GBR,8f11,,Milton Keynes (GBR),27 JUL 2019,979
896,14:06.22,,Tatsuya YAMAMOTO,14 JUN 1995,JPN,5f40,,"NITTAIDAI Athletic Stadium, Yokohama (JPN)",01 DEC 2019,979
898,14:06.24,,Jhordan CCOPE TAPARA,,USA,2f2,,"Maryville, MO (USA) (i)",06 DEC 2019,0
899,14:06.26,,Yudai YAMAMOTO,22 JUN 1993,JPN,1f1,,Kumamoto (JPN),14 APR 2019,979
900,14:06.27,,Seiya SHIGENO,23 DEC 1996,JPN,1f7,,Nobeoka (JPN),04 MAY 2019,979
901,14:06.29,,Pierre MURCHAN,06 MAY 1997,IRL,17f3,,"Putbosstadion, Oordegem (BEL)",25 MAY 2019,979
901,14:06.29,,Omar HASSAN,11 NOV 1990,DEN,3f1,,Odense (DEN),30 AUG 2019,979
903,14:06.35,,Santiago LLORENTE,18 DEC 1995,ESP,6f1,,Los Corrales de Buelna (ESP),08 JUN 2019,979
904,14:06.36,,Adriaan WILDSCHUTT,03 MAY 1998,RSA,6f1,,"Charlottesville, VA (USA)",20 APR 2019,978
905,14:06.4h,,Joel MORURI,20 APR 2001,KEN,2,,Mombasa (KEN),12 APR 2019,978
906,14:06.46,,Albert CHEMUTAI,01 JUN 1995,UGA,1,,Firenze (ITA),16 JUN 2019,978
907,14:06.49,,Toshiki IMAZAKI,10 APR 1990,JPN,3f5,,Nobeoka (JPN),04 MAY 2019,978
907,14:06.49,,Abdelkarim EZZOUHTI,,MAR,4,,Casablanca (MAR),17 JUL 2019,978
909,14:06.5h,,Emmanuel Korir KIPLAGAT,05 MAY 2002,KEN,11,,"Sports Complex, Mumias (KEN)",25 MAY 2019,978
910,14:06.52,,Abderrahmane ANOU,29 JAN 1991,ALG,13,,Barcelona (ESP),17 JUL 2019,978
911,14:06.56,,Noritoshi HARA,06 DEC 1995,JPN,17f1,,Abashiri (JPN),22 JUL 2019,978
912,14:06.58,,Haruka ONODERA,18 JAN 1999,JPN,10,,"Nagaragawa Stadium, Gifu (JPN)",14 SEP 2019,978
913,14:06.59,,Matt GROSSMAN,,USA,4f2,,"Palo Alto, CA (USA)",29 MAR 2019,978
914,14:06.6h,,Moses KIBET,04 FEB 1997,KEN,6h2,,"Nyayo National Stadium, Nairobi (KEN)",20 AUG 2019,978
915,14:06.63,,Andrew KENT,,USA,3f1,,"Philadelphia, PA (USA)",25 APR 2019,978
916,14:06.66,,Olin HACKER,21 MAY 1997,USA,8f2,,"Ann Arbor, MI (USA) (i)",23 FEB 2019,1020
916,14:06.66,,Kota FUJIKI,02 MAR 2000,JPN,10f7,,Tokyo (JPN),06 APR 2019,978
918,14:06.67,,Philani BUTHELEZI,07 JUL 1989,RSA,2,,Pretoria (RSA),09 APR 2019,977
918,14:06.67,,Clément DEFLANDRE,14 DEC 1997,BEL,13f3,,Heusden-Zolder (BEL),20 JUL 2019,977
920,14:06.71,,Andy REISCHLING,,USA,7f1,,"Los Angeles, CA (USA)",11 MAY 2019,977
921,14:06.73,,Tomoya NAKAMURA,27 DEC 1997,JPN,2f2,,Hiratsuka (JPN),08 JUN 2019,977
922,14:06.74,,Kai TAKESHITA,04 SEP 1996,JPN,2f4,,"Aoba Park Athletic Field, Chitose (JPN)",06 JUL 2019,977
923,14:06.79,,Eddie KING,,USA,4f1,,"Torrance, CA (USA)",19 APR 2019,977
924,14:06.80,,Felix BOUR,25 MAR 1994,FRA,16f1,,Carquefou (FRA),21 JUN 2019,977
924,14:06.80,,Cody SHANAHAN,20 MAR 1998,AUS,4f1,,"Hagenauer Reserve, Box Hill, Melbourne (AUS)",14 NOV 2019,977
926,14:06.81,,Abdihamid NUR,14 OCT 1997,USA,1f3,,"Azusa, CA (USA)",18 APR 2019,977
927,14:06.86,,Phillip CROUT,07 APR 1995,GBR,9f11,,Milton Keynes (GBR),27 JUL 2019,977
928,14:06.87,,Max STEVENS,16 NOV 1994,AUS,2f1,,Melbourne (AUS),14 MAR 2019,977
929,14:06.90,,István PALKOVITS,27 DEC 2000,HUN,4,,"Ryavallen, Borås (SWE)",21 JUL 2019,977
930,14:06.92,,Kyle BRACKMAN,02 SEP 1997,USA,2f1,,"Gainesville, FL (USA)",28 MAR 2019,977
930,14:06.92,,Jose PINA,,USA,9f2,,"Palo Alto, CA (USA)",19 APR 2019,977
930,14:06.92,,Ryotaro NATORI,21 JUL 1998,JPN,3f2,,Hiratsuka (JPN),08 JUN 2019,977
933,14:06.95,,Kenya SONOTA,10 MAY 1993,JPN,1f2,,Kumagaya (JPN),19 MAY 2019,977
934,14:06.96,,Justin DOMANGUE,,USA,22f2,,"Torrance, CA (USA)",19 APR 2019,977
935,14:07.01,,Chris HATLER,12 OCT 1994,USA,15f7,,"Raleigh, NC (USA)",29 MAR 2019,976
936,14:07.04,,Wei YAN,05 DEC 2000,CHN,1,,Shenyang (CHN),10 JUL 2019,976
937,14:07.05,,Carlos VILLAREAL,10 MAY 1997,MEX,16f1,,"Palo Alto, CA (USA)",29 MAR 2019,976
938,14:07.06,,Taisei NAKAMURA,05 OCT 1997,JPN,11f7,,Tokyo (JPN),06 APR 2019,976
939,14:07.07,,Patrick KINYANJUI,14 SEP 2003,KEN,17f44,,"NITTAIDAI Athletic Stadium, Yokohama (JPN)",01 DEC 2019,976
940,14:07.09,,Isaac HARDING,29 JAN 1998,USA,10f2,,"Palo Alto, CA (USA)",19 APR 2019,976
940,14:07.09,,Bjørnar Sandnes LILLEFOSSE,17 JUL 1992,NOR,14f3,,Heusden-Zolder (BEL),20 JUL 2019,976
942,14:07.11,,Shuhei YAMAGUCHI,08 MAR 1994,JPN,5f8,,Kitakyushu (JPN),01 JUN 2019,976
943,14:07.19,,Garrett CORCORAN,08 MAR 1996,USA,11,,"Seattle, WA (USA) (i)",22 FEB 2019,0
944,14:07.20,,Yuya IWASAKI,08 APR 1995,JPN,2f21,,Yokohama (JPN),21 APR 2019,976
944,14:07.20,,Koen NAERT,03 SEP 1989,BEL,1,,Tampere (FIN),25 MAY 2019,976
946,14:07.21,,Gaetan CALS,21 APR 1988,FRA,24f2,,"Putbosstadion, Oordegem (BEL)",25 MAY 2019,976
947,14:07.25,,Hidekazu HIJIKATA,27 JUN 1997,JPN,3f2,,Fukagawa (JPN),09 JUL 2019,976
948,14:07.32,,Vann MOFFETT,,USA,4f1,,"Philadelphia, PA (USA)",25 APR 2019,975
949,14:07.35,,Atsuya UBUKATA,25 MAY 1997,JPN,5f22,,Yokohama (JPN),21 APR 2019,975
950,14:07.38,,Fuma KATO,15 FEB 1996,JPN,11f6,,Nobeoka (JPN),04 MAY 2019,975
951,14:07.39,,Daniel WINN,30 JUL 1991,USA,5f1,,"Philadelphia, PA (USA)",25 APR 2019,975
952,14:07.40,,Razini LEMETEKI,21 DEC 1998,KEN,11f23,,Yokohama (JPN),21 APR 2019,975
953,14:07.46,,Victor Alfredo MONTAÑEZ MARTINEZ,01 MAR 1994,MEX,1,,Monterrey (MEX),16 MAR 2019,975
953,14:07.46,,Masato KIKUCHI,18 SEP 1990,JPN,2f2,,Abashiri (JPN),22 JUL 2019,975
955,14:07.49,,Kieren TALL,09 SEP 1998,AUS,3f1,,Melbourne (AUS),14 MAR 2019,975
956,14:07.5h,,Emmanuel KIPROTICH,1984,KEN,4,,Narok (KEN),06 JUN 2019,975
957,14:07.53,,Joey DUERR,,USA,5,,"Durham, NC (USA)",20 APR 2019,975
958,14:07.54,,Mohammed MERBOUHI,02 JUL 1991,ALG,3,,Algiers (ALG),27 JUL 2019,975
959,14:07.55,,Marcus KARAMANOLIS,03 OCT 1996,NZL,6f6,,"Raleigh, NC (USA)",29 MAR 2019,975
960,14:07.62,,Alberto GONZALEZ MINDEZ,28 FEB 1996,GUA,2f1,,"Irvine, CA (USA)",26 APR 2019,974
961,14:07.64,,Charlie MARQUARDT,,USA,1f1,,"Chester, PA (USA)",29 MAR 2019,974
962,14:07.65,,Carl AVERY,28 AUG 1986,GBR,6f12,,Nottingham (GBR),27 JUL 2019,974
963,14:07.70,,Ryoichi YOSHIDA,17 APR 1995,JPN,6f8,,Kitakyushu (JPN),01 JUN 2019,974
964,14:07.75,,Hironori KISHIMOTO,07 OCT 2000,JPN,3f21,,Yokohama (JPN),21 APR 2019,974
965,14:07.76,,Clement GIRARD,06 AUG 1998,FRA,3f4,,"Putbosstadion, Oordegem (BEL)",25 MAY 2019,974
966,14:07.78,,Daniel NESTOR,09 JUL 1993,USA,8f1,,"Los Angeles, CA (USA)",11 MAY 2019,974
967,14:07.79,,Bradley WATTLEWORTH,23 APR 1996,GBR,7f1,,"Charlottesville, VA (USA)",20 APR 2019,974
968,14:07.82,,Atsushi YAMATO,13 MAR 1997,JPN,2f3,,Gifu (JPN),12 MAY 2019,974
969,14:07.84,,Abel CHEBET,08 SEP 1998,UGA,3,,Kampala (UGA),03 AUG 2019,974
970,14:07.86,,Bernardo MALDONADO,02 MAR 1994,ARG,5f1,,"Torrance, CA (USA)",19 APR 2019,974
971,14:07.89,,Yushin NISHIJIMA,17 JUN 1997,JPN,19f1,,Abashiri (JPN),22 JUL 2019,973
972,14:07.90,,Namakoe NKHASI,10 JAN 1993,LES,2,,Durban (RSA),23 MAR 2019,973
973,14:07.92,,Sam CLIFFORD,11 MAY 2002,AUS,5f1,,"Hagenauer Reserve, Box Hill, Melbourne (AUS)",14 NOV 2019,973
974,14:07.96,,Takeshi SHINGO,18 DEC 1998,JPN,4f2,,"Tokai University Stadium, Hiratsuka (JPN)",19 MAY 2019,973
975,14:07.97,,Abdishakor Nagea ABDULLE,23 JUN 1993,SOM,10f11,,Milton Keynes (GBR),27 JUL 2019,973
976,14:08.03,,Nate KAWALEC,,USA,7f6,,"Raleigh, NC (USA)",29 MAR 2019,973
977,14:08.04,,Shun HASHIMOTO,26 SEP 1993,JPN,6f3,,Kumamoto (JPN),14 APR 2019,973
978,14:08.07,,Iskander YADGAROV,02 MAR 1991,RUS,3,,Dolgoprudny (RUS),30 JUN 2019,973
979,14:08.08,,Koki KAMATA,05 MAY 1999,JPN,2f20,,Yokohama (JPN),21 APR 2019,973
980,14:08.09,,Takuya NISHIZAWA,28 JAN 1995,JPN,24f2,,"Aoba Park Athletic Field, Chitose (JPN)",06 JUL 2019,973
981,14:08.10,,Cleophas NGETICH,1989,KEN,3h1,,Nairobi (KEN),12 JUL 2019,973
982,14:08.12,,Riley COCKS,27 DEC 1995,AUS,11,,Sydney (AUS),23 FEB 2019,973
982,14:08.12,,Edwin DE VRIES,11 DEC 1992,NED,18f3,,"Putbosstadion, Oordegem (BEL)",25 MAY 2019,973
982,14:08.12,,Yamato YOSHII,14 FEB 2002,JPN,3,,Okinawa (JPN),07 AUG 2019,973
985,14:08.19,,Morihiro HIGASHI,31 MAR 1994,JPN,7f8,,Kitakyushu (JPN),01 JUN 2019,972
986,14:08.22,,Tatsuya MARUYAMA,29 JUL 1994,JPN,6f22,,Yokohama (JPN),21 APR 2019,972
987,14:08.25,,Gonzalo PARRA,12 NOV 1994,MEX,6f1,,"San Francisco, CA (USA)",29 MAR 2019,972
988,14:08.26,,Antoine GALLO,03 NOV 1988,FRA,4f4,,"Putbosstadion, Oordegem (BEL)",25 MAY 2019,972
989,14:08.28,,Luke BEATTIE,,USA,5,,"Clovis, CA (USA)",11 MAY 2019,972
990,14:08.31,,Zouhair TALBI,08 APR 1995,MAR,1,,"San Antonio, TX (USA)",02 MAR 2019,972
991,14:08.33,,James WEST,30 JAN 1996,GBR,15,,"Palo Alto, CA (USA)",19 APR 2019,972
992,14:08.34,,Chihiro ONO,22 JUL 1999,JPN,12f6,,Nobeoka (JPN),04 MAY 2019,972
992,14:08.34,,JP FLAVIN,31 JUL 1998,USA,7,,"Charlottesville, VA (USA)",11 MAY 2019,972
994,14:08.35,,Michael GUERRERO,,USA,6f1,,"Torrance, CA (USA)",19 APR 2019,972
995,14:08.36,,Harrison GATOTO,01 MAR 2003,KEN,4,,Okinawa (JPN),07 AUG 2019,972
996,14:08.4h,,Shadrack KIPLAGAT,12 DEC 1990,KEN,14,,"Sports Complex, Mumias (KEN)",25 MAY 2019,972
997,14:08.40,,Lucas NIEUWEBOER,01 OCT 1994,NED,8f4,,Heusden-Zolder (BEL),20 JUL 2019,972
998,14:08.48,,Ryosuke NARA,07 OCT 1997,JPN,18f44,,"NITTAIDAI Athletic Stadium, Yokohama (JPN)",01 DEC 2019,972
999,14:08.54,,Robert WARNER,15 JUN 1994,GBR,11f11,,Milton Keynes (GBR),27 JUL 2019,971
1000,14:08.57,,Mitchell KLINGLER,1992,USA,1f1,,"Allendale, MI (USA) (i)",08 FEB 2019,0
