Rank,Mark,Competitor,DOB,Nat,Pos,,Venue,Date,ResultScore
1,3:52.47,Will LEER,15 APR 1985,USA,1,,"New York, NY (USA)",15 FEB 2014,1229
2,3:52.88,Lawi LALANG,15 JUN 1991,KEN,2,,"New York, NY (USA)",15 FEB 2014,1223
3,3:53.02,Nick WILLIS,25 APR 1983,NZL,3,,"New York, NY (USA)",15 FEB 2014,1222
4,3:54.30,Lee EMANUEL,24 JAN 1985,GBR,1,,"New York, NY (USA)",24 JAN 2014,1204
5,3:54.32,Nathan BRANNEN,08 SEP 1982,CAN,4,,"New York, NY (USA)",15 FEB 2014,1204
6,3:54.59,Garrett HEATH,03 NOV 1985,USA,2,,"New York, NY (USA)",24 JAN 2014,1201
7,3:54.66,Chris O'HARE,23 NOV 1990,GBR,5,,"New York, NY (USA)",15 FEB 2014,1200
8,3:55.09,Craig MILLER,03 AUG 1987,USA,6,,"New York, NY (USA)",15 FEB 2014,1194
9,3:56.73,Leonel MANZANO,12 SEP 1984,USA,7,,"New York, NY (USA)",15 FEB 2014,1172
10,3:57.27,Richard PETERS,18 FEB 1990,GBR,1f1,,"Boston, MA (USA)",08 FEB 2014,1165
11,3:57.29,Chris GOWELL,26 SEP 1985,GBR,2f1,,"Boston, MA (USA)",08 FEB 2014,1165
12,3:57.41,Nick WILLIS,25 APR 1983,NZL,1,,"Reggie Lewis Center, Boston, MA (USA)",08 FEB 2014,1163
13,3:57.69,Craig MILLER,03 AUG 1987,USA,3,,"New York, NY (USA)",24 JAN 2014,1160
14,3:58.03,Jose Juan ESPARZA,26 AUG 1990,MEX,3f1,,"Boston, MA (USA)",08 FEB 2014,1155
15,3:58.04,Will GEOGHEGAN,15 JUL 1992,USA,1f2,,"Boston, MA (USA)",25 JAN 2014,1155
16,3:58.18,Patrick CASEY,23 MAY 1990,USA,2,,"Reggie Lewis Center, Boston, MA (USA)",08 FEB 2014,1153
17,3:58.37,Nathan BRANNEN,08 SEP 1982,CAN,3,,"Reggie Lewis Center, Boston, MA (USA)",08 FEB 2014,1151
18,3:58.48,Matthew GILLESPIE,04 NOV 1990,GBR,4f1,,"Boston, MA (USA)",08 FEB 2014,1149
19,3:58.50,De'Sean TURNER,16 SEP 1988,USA,1f1,,"Bloomington, IN (USA)",31 JAN 2014,1149
20,3:58.52,Lopez LOMONG,01 JAN 1985,USA,4,,"Reggie Lewis Center, Boston, MA (USA)",08 FEB 2014,1149
21,3:58.61,Travis MAHONEY,25 JUL 1990,USA,5f1,,"Boston, MA (USA)",08 FEB 2014,1148
22,3:58.70,Patrick MCGREGOR,15 NOV 1990,USA,6f1,,"Boston, MA (USA)",08 FEB 2014,1146
23,3:58.77,Taylor GILLAND,02 APR 1991,USA,7f1,,"Boston, MA (USA)",08 FEB 2014,1146
24,3:59.00,Ryan HILL,31 JAN 1990,USA,1f1,,"Albuquerque, NM (USA)",25 JAN 2014,1143
25,3:59.35,Jack BOLAS,01 NOV 1987,USA,5,,"Reggie Lewis Center, Boston, MA (USA)",08 FEB 2014,1138
26,3:59.37,Jesse GARN,04 JUN 1993,USA,1f1,,"Boston, MA (USA)",02 MAR 2014,1138
27,3:59.38,Jack BOLAS,01 NOV 1987,USA,4,,"New York, NY (USA)",24 JAN 2014,1138
28,3:59.52,Robert DENAULT,27 APR 1993,CAN,2f1,,"Boston, MA (USA)",02 MAR 2014,1136
29,3:59.55,Brannon KIDDER,18 NOV 1993,USA,1,,"State College, PA (USA)",01 FEB 2014,1135
30,3:59.63,Michael WILLIAMS,08 JUN 1989,USA,1f3,,"Boston, MA (USA)",08 FEB 2014,1134
31,3:59.70,Kevin BATT,28 FEB 1991,AUS,1f3,,"Lincoln, NE (USA)",21 FEB 2014,1133
32,4:00.00,Jeff SEE,06 JUN 1986,USA,6,,"Reggie Lewis Center, Boston, MA (USA)",08 FEB 2014,1130
33,4:00.01,Frezer LEGESSE,04 JUN 1990,USA,2f1,,"Bloomington, IN (USA)",31 JAN 2014,1129
34,4:00.04,Martin HEHIR,19 DEC 1992,USA,1f2,,"Boston, MA (USA)",08 FEB 2014,1129
35,4:00.15,Travis BURKSTRAND,22 JUL 1989,USA,2f2,,"Boston, MA (USA)",25 JAN 2014,1128
36,4:00.18,Jordan WILLIAMSZ,21 AUG 1992,AUS,2,,"State College, PA (USA)",01 FEB 2014,1127
37,4:00.35,Robert ALLEN,,USA,2f2,,"Boston, MA (USA)",08 FEB 2014,1125
38,4:00.36,Kieran CLEMENTS,20 NOV 1993,GBR,3f2,,"Boston, MA (USA)",08 FEB 2014,1125
39,4:00.41,Coby HOROWITZ,,USA,1f3,,"Boston, MA (USA)",01 MAR 2014,1124
40,4:00.43,Ford PALMER,06 OCT 1990,USA,1f1,,"New York, NY (USA)",08 MAR 2014,1124
41,4:00.50,Julian OAKLEY,23 JUN 1993,NZL,3f1,,"Boston, MA (USA)",02 MAR 2014,1123
42,4:00.51,Michael HAMMOND,07 NOV 1989,USA,1,,"Blacksburg, VA (USA)",07 FEB 2014,1123
43,4:00.52,Andrew POORE,03 DEC 1988,USA,3f1,,"Bloomington, IN (USA)",31 JAN 2014,1123
43,4:00.52,Steven MANGAN,14 APR 1992,USA,1,,"Boston, MA (USA)",23 FEB 2014,1123
45,4:00.54,James SHIRVELL,18 JUN 1992,USA,1f1,,"Boston, MA (USA)",25 JAN 2014,1123
46,4:00.60,Michael RUTT,28 OCT 1987,USA,5,,"New York, NY (USA)",24 JAN 2014,1122
47,4:00.69,Lopez LOMONG,01 JAN 1985,USA,2f1,,"Albuquerque, NM (USA)",25 JAN 2014,1121
47,4:00.69,John BLEDAY,06 NOV 1991,USA,4f2,,"Boston, MA (USA)",08 FEB 2014,1121
49,4:00.71,Julian OAKLEY,23 JUN 1993,NZL,5f2,,"Boston, MA (USA)",08 FEB 2014,1120
50,4:00.83,Joshua MCALARY,30 MAY 1990,USA,2f1,,"Boston, MA (USA)",25 JAN 2014,1119
51,4:00.86,Steven MANGAN,14 APR 1992,USA,8f1,,"Boston, MA (USA)",08 FEB 2014,1118
52,4:00.90,Tabor STEVENS,21 JUN 1991,USA,2f3,,"Lincoln, NE (USA)",21 FEB 2014,1118
53,4:00.94,Duncan PHILLIPS,07 JUN 1989,USA,1,,"Winston Salem, NC (USA)",31 JAN 2014,1117
54,4:00.99,Chartt MILLER,07 MAY 1995,AUS,2f3,,"Boston, MA (USA)",08 FEB 2014,1117
54,4:00.99,John MOORE,29 MAR 1988,USA,2f3,,"Boston, MA (USA)",08 FEB 2014,1117
56,4:01.04,Julian SAAD,10 SEP 1991,USA,6f2,,"Boston, MA (USA)",08 FEB 2014,1116
56,4:01.04,Martin CASSE,23 JUN 1990,FRA,4f3,,"Boston, MA (USA)",08 FEB 2014,1116
58,4:01.07,Kyle MERBER,19 NOV 1990,USA,1f1,,"New York, NY (USA)",01 FEB 2014,1116
59,4:01.09,Erik BERG,24 NOV 1990,USA,3f1,,"Boston, MA (USA)",25 JAN 2014,1116
60,4:01.10,Jesse GARN,04 JUN 1993,USA,8,,"New York, NY (USA)",15 FEB 2014,1115
61,4:01.11,Anthony ROTICH,20 OCT 1990,USA,3f1,,"Albuquerque, NM (USA)",25 JAN 2014,1115
61,4:01.11,Coby HOROWITZ,,USA,2f1,,"New York, NY (USA)",08 MAR 2014,1115
63,4:01.17,Donald CABRAL,12 DEC 1989,USA,6,,"New York, NY (USA)",24 JAN 2014,1115
64,4:01.27,Matt HILLENBRAND,08 MAY 1992,USA,2,,"Blacksburg, VA (USA)",07 FEB 2014,1113
65,4:01.31,Steven MANGAN,14 APR 1992,USA,4f1,,"Boston, MA (USA)",25 JAN 2014,1113
66,4:01.34,Donnie COWART,24 OCT 1985,USA,3,,"Blacksburg, VA (USA)",07 FEB 2014,1112
67,4:01.36,Owen DAWSON,19 SEP 1988,USA,3,,"State College, PA (USA)",01 FEB 2014,1112
68,4:01.41,Marco BERTOLOTTI,30 OCT 1992,FIN,4,,"State College, PA (USA)",01 FEB 2014,1111
69,4:01.44,John BLEDAY,06 NOV 1991,USA,5f1,,"Boston, MA (USA)",25 JAN 2014,1111
70,4:01.50,Matt ELLIOTT,08 SEP 1985,USA,2,,"Winston Salem, NC (USA)",31 JAN 2014,1110
71,4:01.64,Tim GORMAN,05 JUN 1992,USA,5f3,,"Boston, MA (USA)",08 FEB 2014,1108
72,4:01.65,John GREGOREK,07 DEC 1991,USA,2f1,,"New York, NY (USA)",01 FEB 2014,1108
73,4:01.69,Steven MANGAN,14 APR 1992,USA,1,,"Hanover, NH (USA)",02 MAR 2014,1108
74,4:01.72,Joe STILIN,05 DEC 1989,USA,3f2,,"Boston, MA (USA)",25 JAN 2014,1107
75,4:01.77,Riley MASTERS,05 APR 1990,USA,3,,"Winston Salem, NC (USA)",31 JAN 2014,1107
76,4:01.82,Kevin COOPER,31 DEC 1989,IRL,4f1,,"Boston, MA (USA)",02 MAR 2014,1106
77,4:01.85,Julian OAKLEY,23 JUN 1993,NZL,4f2,,"Boston, MA (USA)",25 JAN 2014,1106
78,4:01.87,Craig FORYS,13 JUL 1989,USA,4,,"Blacksburg, VA (USA)",07 FEB 2014,1106
79,4:01.89,Matthew GILLESPIE,04 NOV 1990,GBR,6f1,,"Boston, MA (USA)",25 JAN 2014,1105
80,4:01.91,Valentin SMIRNOV,13 FEB 1986,RUS,1,,St. Petersburg (RUS),08 FEB 2014,1105
81,4:02.00,John GREGOREK,07 DEC 1991,USA,2,,"Hanover, NH (USA)",02 MAR 2014,1104
82,4:02.07,Kevin BATT,28 FEB 1991,AUS,4f1,,"Albuquerque, NM (USA)",25 JAN 2014,1103
83,4:02.12,Coby HOROWITZ,,USA,6f3,,"Boston, MA (USA)",08 FEB 2014,1102
84,4:02.16,Daniel EVERETT,27 MAY 1993,USA,1f1,,"New York, NY (USA)",14 FEB 2014,1102
85,4:02.20,Niklas BÜHNER,1989,GER,1f1,,"Birmingham, AL (USA)",18 JAN 2014,1101
85,4:02.20,Vyacheslav SOKOLOV,15 DEC 1984,RUS,2,,St. Petersburg (RUS),08 FEB 2014,1101
87,4:02.24,Matt AIROLA,,USA,2f1,,"Birmingham, AL (USA)",18 JAN 2014,1101
87,4:02.24,Maksim KOROLEV,17 JAN 1992,KAZ,1f2,,"New Haven, CT (USA)",15 FEB 2014,1101
89,4:02.26,Michael WILLIAMS,08 JUN 1989,USA,3,,"Hanover, NH (USA)",02 MAR 2014,1101
90,4:02.28,Isaac PRESSON,07 FEB 1992,USA,4,,"Winston Salem, NC (USA)",31 JAN 2014,1100
91,4:02.31,Stephen SOLLOWIN,,USA,2f3,,"Boston, MA (USA)",01 MAR 2014,1100
92,4:02.36,Austin MUDD,13 MAY 1993,USA,1f3,,"Madison, WI (USA)",21 FEB 2014,1099
93,4:02.37,Liam MARKHAM,30 JAN 1992,IRL,4f1,,"Bloomington, IN (USA)",31 JAN 2014,1099
94,4:02.38,Sam STABLER,17 MAY 1992,GBR,1f1,,"Houston, TX (USA)",01 FEB 2014,1099
95,4:02.44,Kevin COOPER,31 DEC 1989,IRL,7f2,,"Boston, MA (USA)",08 FEB 2014,1098
96,4:02.49,Ryan HAGEN,24 JUL 1991,USA,5f1,,"Boston, MA (USA)",02 MAR 2014,1098
97,4:02.54,Kirubel ERASSA,17 JUN 1993,USA,9,,"New York, NY (USA)",15 FEB 2014,1097
97,4:02.54,Anthony ROTICH,20 OCT 1990,USA,1,,"Albuquerque, NM (USA)",15 MAR 2014,1097
99,4:02.57,Wesley GALLAGHER,06 MAY 1994,USA,3f3,,"Boston, MA (USA)",01 MAR 2014,1097
100,4:02.58,Robert ALLEN,,USA,5f2,,"Boston, MA (USA)",25 JAN 2014,1096
101,4:02.62,Jeremy RAE,19 MAY 1991,CAN,1f1,,"Albuquerque, NM (USA)",01 FEB 2014,1096
102,4:02.64,Daniel EVERETT,27 MAY 1993,USA,3f1,,"New York, NY (USA)",01 FEB 2014,1096
103,4:02.66,Tabor STEVENS,21 JUN 1991,USA,5f1,,"Albuquerque, NM (USA)",25 JAN 2014,1095
104,4:02.68,Daniel CLORLEY,01 OCT 1990,GBR,9f1,,"Boston, MA (USA)",08 FEB 2014,1095
105,4:02.72,Kevin GREENE,04 JUN 1992,USA,7f3,,"Boston, MA (USA)",08 FEB 2014,1095
106,4:02.81,Lawi LALANG,15 JUN 1991,KEN,2,,"Albuquerque, NM (USA)",15 MAR 2014,1094
107,4:02.82,Matt ELLIOTT,08 SEP 1985,USA,1f1,,"Winston Salem, NC (USA)",15 FEB 2014,1093
108,4:02.83,Will GEOGHEGAN,15 JUL 1992,USA,4,,"Hanover, NH (USA)",02 MAR 2014,1093
109,4:02.96,Mac FLEET,17 OCT 1990,USA,3,,"Albuquerque, NM (USA)",15 MAR 2014,1092
110,4:03.02,Jeremy GREENWALD,20 JUL 1993,USA,5,,"State College, PA (USA)",01 FEB 2014,1091
110,4:03.02,Matt DANIELS,28 APR 1988,USA,3f3,,"Lincoln, NE (USA)",21 FEB 2014,1091
112,4:03.08,Eoin EVERARD,23 APR 1986,IRL,1,,Athlone (IRL),26 FEB 2014,1090
113,4:03.10,Michael LEDERHOUSE,09 JAN 1994,USA,1f2,,"Boston, MA (USA)",02 MAR 2014,1090
114,4:03.13,Tim COUSINS,,USA,3f1,,"New York, NY (USA)",08 MAR 2014,1090
115,4:03.14,Sam STABLER,17 MAY 1992,GBR,1h1,,"Birmingham, AL (USA)",26 FEB 2014,1089
116,4:03.16,Alexander WALLACE,25 MAR 1990,NZL,8f3,,"Boston, MA (USA)",08 FEB 2014,1089
117,4:03.18,Mike MARSELLA,16 NOV 1994,USA,5,,"Blacksburg, VA (USA)",07 FEB 2014,1089
118,4:03.22,Tom CURR,06 SEP 1992,GBR,5f1,,"Bloomington, IN (USA)",31 JAN 2014,1088
119,4:03.24,Michael ATCHOO,16 AUG 1991,USA,6,,"State College, PA (USA)",01 FEB 2014,1088
120,4:03.26,Tom PURNELL,02 OCT 1993,GBR,9f3,,"Boston, MA (USA)",08 FEB 2014,1088
121,4:03.27,Tim GORMAN,05 JUN 1992,USA,2,,"Boston, MA (USA)",23 FEB 2014,1088
122,4:03.35,Robby NIERMAN,,USA,6f1,,"Bloomington, IN (USA)",31 JAN 2014,1087
123,4:03.39,Timofey PETROV,25 AUG 1988,RUS,3,,St. Petersburg (RUS),08 FEB 2014,1086
124,4:03.41,Josh GUARINO,24 MAY 1989,USA,6f2,,"Boston, MA (USA)",25 JAN 2014,1086
125,4:03.42,Ford PALMER,06 OCT 1990,USA,4f1,,"New York, NY (USA)",01 FEB 2014,1086
126,4:03.49,Richard PETERS,18 FEB 1990,GBR,4,,"Albuquerque, NM (USA)",15 MAR 2014,1085
127,4:03.54,Harvey DIXON,02 NOV 1993,GIB,2f2,,"Boston, MA (USA)",02 MAR 2014,1084
128,4:03.80,Matt HILLENBRAND,08 MAY 1992,USA,1,,"College Station, TX (USA)",01 MAR 2014,1081
129,4:03.96,Alexander DILLENBECK,19 JUL 1991,USA,7f2,,"Boston, MA (USA)",25 JAN 2014,1079
130,4:04.04,Joe WARNE,11 MAR 1987,IRL,2,,Athlone (IRL),26 FEB 2014,1078
131,4:04.05,Connor GIBSON,07 NOV 1991,USA,1,,"Lincoln, NE (USA)",08 FEB 2014,1078
132,4:04.09,Jason CRIST,16 OCT 1993,USA,7f1,,"Bloomington, IN (USA)",31 JAN 2014,1077
133,4:04.10,Harvey DIXON,02 NOV 1993,GIB,8f2,,"Boston, MA (USA)",08 FEB 2014,1077
134,4:04.13,Mac FLEET,17 OCT 1990,USA,1h1,,"Albuquerque, NM (USA)",14 MAR 2014,1077
135,4:04.16,Ryan HAGEN,24 JUL 1991,USA,10f3,,"Boston, MA (USA)",08 FEB 2014,1076
136,4:04.17,Will GEOGHEGAN,15 JUL 1992,USA,5,,"Albuquerque, NM (USA)",15 MAR 2014,1076
137,4:04.22,Elmar ENGHOLM,02 OCT 1992,SWE,1,,"Albuquerque, NM (USA)",15 FEB 2014,1076
138,4:04.27,Lawi LALANG,15 JUN 1991,KEN,2h1,,"Albuquerque, NM (USA)",14 MAR 2014,1075
139,4:04.36,John GREGOREK,07 DEC 1991,USA,3h1,,"Albuquerque, NM (USA)",14 MAR 2014,1074
140,4:04.37,Jeremy RAE,19 MAY 1991,CAN,4h1,,"Albuquerque, NM (USA)",14 MAR 2014,1074
141,4:04.38,Daniel CLORLEY,01 OCT 1990,GBR,8f2,,"Boston, MA (USA)",25 JAN 2014,1074
141,4:04.38,Joel HUBBARD,03 JUL 1994,USA,1f4,,"Boston, MA (USA)",08 FEB 2014,1074
143,4:04.39,Cosmas BOIT,,KEN,1f1,,"College Station, TX (USA)",08 FEB 2014,1074
144,4:04.40,Grant POLLOCK,,USA,2f1,,"Winston Salem, NC (USA)",15 FEB 2014,1073
144,4:04.40,Cameron BOYEK,09 OCT 1993,GBR,3,,Athlone (IRL),26 FEB 2014,1073
146,4:04.51,Wade ENDRESS,30 MAR 1993,USA,7,,"State College, PA (USA)",01 FEB 2014,1072
147,4:04.53,Bobby PEAVEY,13 MAR 1991,USA,8,,"State College, PA (USA)",01 FEB 2014,1072
148,4:04.54,Thomas AWAD,27 MAY 1994,USA,1f2,,"University Park, PA (USA)",08 FEB 2014,1072
149,4:04.60,Daniel STOCKBERGER,23 JUN 1988,USA,1,,"Bloomington, IN (USA)",15 FEB 2014,1071
150,4:04.61,Mitch GOOSE,16 MAR 1989,GBR,7f1,,"Boston, MA (USA)",25 JAN 2014,1071
151,4:04.62,Christian GONZALEZ,17 MAY 1989,USA,4f1,,"New York, NY (USA)",08 MAR 2014,1071
152,4:04.63,Kevin GREENE,04 JUN 1992,USA,3f2,,"Boston, MA (USA)",02 MAR 2014,1071
153,4:04.66,M.J. ERB,02 FEB 1994,USA,2f4,,"Boston, MA (USA)",08 FEB 2014,1070
153,4:04.66,Rob NAPOLITANO,03 NOV 1994,USA,5f1,,"New York, NY (USA)",08 MAR 2014,1070
155,4:04.67,Matt HILLENBRAND,08 MAY 1992,USA,5h1,,"Albuquerque, NM (USA)",14 MAR 2014,1070
156,4:04.68,Alexander WALLACE,25 MAR 1990,NZL,4f2,,"Boston, MA (USA)",02 MAR 2014,1070
156,4:04.68,John GREGOREK,07 DEC 1991,USA,6,,"Albuquerque, NM (USA)",15 MAR 2014,1070
158,4:04.70,John GREGOREK,07 DEC 1991,USA,10,,"New York, NY (USA)",15 FEB 2014,1070
159,4:04.74,Richard PETERS,18 FEB 1990,GBR,1f2,,"Lewisburg, PA (USA)",23 FEB 2014,1069
159,4:04.74,Andrey DMITRIYEV,05 JUN 1990,RUS,1,,"Boston, MA (USA)",09 MAR 2014,1069
161,4:04.77,Ty MCCORMACK,17 SEP 1992,USA,3f1,,"Birmingham, AL (USA)",18 JAN 2014,1069
161,4:04.77,Sam PENZENSTADLER,11 SEP 1992,USA,7,,"Albuquerque, NM (USA)",15 MAR 2014,1069
163,4:04.79,Brian GAGNON,08 MAY 1987,USA,8,,"New York, NY (USA)",24 JAN 2014,1069
163,4:04.79,Jordan WILLIAMSZ,21 AUG 1992,AUS,8,,"Albuquerque, NM (USA)",15 MAR 2014,1069
165,4:04.86,Sam PENZENSTADLER,11 SEP 1992,USA,6h1,,"Albuquerque, NM (USA)",14 MAR 2014,1068
166,4:04.92,Leonel MANZANO,12 SEP 1984,USA,7,,"Reggie Lewis Center, Boston, MA (USA)",08 FEB 2014,1067
167,4:04.93,Isaac PRESSON,07 FEB 1992,USA,7h1,,"Albuquerque, NM (USA)",14 MAR 2014,1067
168,4:04.99,Bobby PEAVEY,13 MAR 1991,USA,2,,"Boston, MA (USA)",09 MAR 2014,1066
169,4:05.02,David TIMLIN,10 JUN 1994,USA,2,,"Bloomington, IN (USA)",15 FEB 2014,1066
170,4:05.04,James SHIRVELL,18 JUN 1992,USA,10f1,,"Boston, MA (USA)",08 FEB 2014,1065
170,4:05.04,Elmar ENGHOLM,02 OCT 1992,SWE,8h1,,"Albuquerque, NM (USA)",14 MAR 2014,1065
172,4:05.07,Wesley GALLAGHER,06 MAY 1994,USA,3f4,,"Boston, MA (USA)",08 FEB 2014,1065
172,4:05.07,Jeremy RAE,19 MAY 1991,CAN,9,,"Albuquerque, NM (USA)",15 MAR 2014,1065
174,4:05.12,Alexander WALLACE,25 MAR 1990,NZL,3,,"Boston, MA (USA)",23 FEB 2014,1064
175,4:05.27,Michael LEDUC,,USA,1f5,,"Boston, MA (USA)",08 FEB 2014,1063
176,4:05.29,Jim SPISAK,18 NOV 1990,USA,9,,"State College, PA (USA)",01 FEB 2014,1062
176,4:05.29,Henry WYNNE,18 APR 1995,USA,6,,"Blacksburg, VA (USA)",07 FEB 2014,1062
178,4:05.31,Nick ROSS,11 NOV 1991,USA,1f1,,"New Haven, CT (USA)",08 FEB 2014,1062
179,4:05.38,Darren FAHY,14 MAY 1994,USA,5f2,,"Boston, MA (USA)",02 MAR 2014,1061
180,4:05.53,Dylan LAFOND,18 MAR 1993,USA,5,,"Winston Salem, NC (USA)",31 JAN 2014,1059
181,4:05.54,Brendon FISH,,USA,5f1,,"New York, NY (USA)",01 FEB 2014,1059
182,4:05.55,Chartt MILLER,07 MAY 1995,AUS,1f2,,"New York, NY (USA)",01 FEB 2014,1059
183,4:05.58,Maksim KOROLEV,17 JAN 1992,KAZ,4,,"Boston, MA (USA)",23 FEB 2014,1059
184,4:05.69,Alexander ROSE,10 APR 1991,AUS,7,,"Blacksburg, VA (USA)",07 FEB 2014,1057
185,4:05.75,Will GEOGHEGAN,15 JUL 1992,USA,1f1,,"Hanover, NH (USA)",12 JAN 2014,1057
186,4:05.78,Christian GONZALEZ,17 MAY 1989,USA,8f1,,"Boston, MA (USA)",25 JAN 2014,1056
187,4:05.80,Mauris Surel CASTILLO,19 OCT 1984,CUB,1,,Orenburg (RUS),08 FEB 2014,1056
188,4:05.83,Jake SHELLEY,16 MAR 1991,GBR,2,,"Albuquerque, NM (USA)",15 FEB 2014,1056
189,4:05.84,Ezekiel KISSORIO,25 AUG 1989,USA,1,,"Fayetteville, AR (USA)",14 FEB 2014,1055
190,4:05.87,Jake BYRNE,14 AUG 1992,IRL,1f3,,"Boston, MA (USA)",25 JAN 2014,1055
191,4:05.91,Lex WILLIAMS,21 MAR 1987,USA,1f2,,"Bloomington, IN (USA)",31 JAN 2014,1055
192,4:05.92,Sam CHESTER,01 JAN 1993,USA,2f1,,"Hanover, NH (USA)",12 JAN 2014,1054
193,4:06.05,Brian BIEKERT,,USA,2f3,,"Boston, MA (USA)",25 JAN 2014,1053
194,4:06.07,Rorey HUNTER,02 FEB 1993,AUS,8f1,,"Bloomington, IN (USA)",31 JAN 2014,1053
194,4:06.07,Trevor VIDLAK,10 JUN 1991,USA,2f1,,"Albuquerque, NM (USA)",01 FEB 2014,1053
194,4:06.07,Anthony ROTICH,20 OCT 1990,USA,1f2,,"Birmingham, AL (USA)",01 MAR 2014,1053
197,4:06.09,John DELALLO,,USA,3,,"Boston, MA (USA)",09 MAR 2014,1052
198,4:06.11,Christian GONZALEZ,17 MAY 1989,USA,2f1,,"New York, NY (USA)",14 FEB 2014,1052
198,4:06.11,Alan WEBB,13 JAN 1983,USA,11,,"New York, NY (USA)",15 FEB 2014,1052
200,4:06.13,Tom PURNELL,02 OCT 1993,GBR,5,,"Boston, MA (USA)",23 FEB 2014,1052
201,4:06.14,Seán TOBIN,20 JUL 1994,IRL,2,,"College Station, TX (USA)",01 MAR 2014,1052
202,4:06.20,James GOWANS,10 JAN 1995,USA,4,,"Boston, MA (USA)",09 MAR 2014,1051
203,4:06.22,Matt ELLIOTT,08 SEP 1985,USA,9,,"New York, NY (USA)",24 JAN 2014,1051
203,4:06.22,Salomon BARNGETUNY,11 NOV 1984,KEN,2,,Orenburg (RUS),08 FEB 2014,1051
205,4:06.38,Luke CALDWELL,02 AUG 1991,GBR,3f1,,"Albuquerque, NM (USA)",01 FEB 2014,1049
205,4:06.38,Jamie NORTON,,USA,2f5,,"Boston, MA (USA)",08 FEB 2014,1049
205,4:06.38,Oleg GRIGORYEV,18 APR 1988,RUS,3,,Orenburg (RUS),08 FEB 2014,1049
205,4:06.38,Abbabiya SIMBASSA,30 JUN 1993,USA,1f1,,"College Station, TX (USA)",15 FEB 2014,1049
209,4:06.39,Robert MOLKE,28 JAN 1991,USA,4f4,,"Boston, MA (USA)",08 FEB 2014,1049
209,4:06.39,Robert ALLEN,,USA,6f1,,"Boston, MA (USA)",02 MAR 2014,1049
211,4:06.41,Ryan WIDZGOWSKI,,USA,4f3,,"Boston, MA (USA)",01 MAR 2014,1048
212,4:06.42,Daniel THATER,,USA,2,,"Fayetteville, AR (USA)",14 FEB 2014,1048
213,4:06.43,Isaac PRESSON,07 FEB 1992,USA,1h2,,"Clemson, SC (USA)",28 FEB 2014,1048
214,4:06.48,Luke CARROLL,20 OCT 1993,GBR,2,,"Lincoln, NE (USA)",08 FEB 2014,1047
215,4:06.53,Jake BYRNE,14 AUG 1992,IRL,11f3,,"Boston, MA (USA)",08 FEB 2014,1047
216,4:06.62,Henry STERLING,19 JUL 1991,USA,5f4,,"Boston, MA (USA)",08 FEB 2014,1046
217,4:06.64,Cameron VILLAREAL,12 JUL 1995,USA,2f1,,"College Station, TX (USA)",15 FEB 2014,1045
218,4:06.66,Yves SIKUBWABO,17 APR 1993,CAN,3f5,,"Boston, MA (USA)",08 FEB 2014,1045
218,4:06.66,Matt AIROLA,,USA,3,,"College Station, TX (USA)",01 MAR 2014,1045
220,4:06.69,Sergey USOLTSEV,17 OCT 1986,RUS,4,,Orenburg (RUS),08 FEB 2014,1045
221,4:06.70,Seán TOBIN,20 JUL 1994,IRL,1h2,,"College Station, TX (USA)",28 FEB 2014,1045
222,4:06.73,Oleksandr BORYSYUK,09 DEC 1985,UKR,5,,Orenburg (RUS),08 FEB 2014,1044
222,4:06.73,Kieran REILLY,18 OCT 1993,GBR,3,,"Bloomington, IN (USA)",15 FEB 2014,1044
224,4:06.75,Daniel BULMER,02 JAN 1990,AUS,3,,"Albuquerque, NM (USA)",15 FEB 2014,1044
225,4:06.77,Baptiste MOREU,11 MAR 1992,FRA,4f5,,"Boston, MA (USA)",08 FEB 2014,1044
226,4:06.78,Jeremy GREENWALD,20 JUL 1993,USA,2h2,,"Clemson, SC (USA)",28 FEB 2014,1044
227,4:06.80,James LEAKOS,13 MAY 1992,USA,6,,"Boston, MA (USA)",23 FEB 2014,1043
228,4:06.82,Aleksey MITYUKOV,09 APR 1991,RUS,6,,Orenburg (RUS),08 FEB 2014,1043
229,4:06.83,Joel HUBBARD,03 JUL 1994,USA,10,,"State College, PA (USA)",01 FEB 2014,1043
230,4:06.86,Rob MULLETT,31 JUL 1987,GBR,9f1,,"Bloomington, IN (USA)",31 JAN 2014,1043
231,4:06.87,Daniel NESTOR,09 JUL 1993,USA,6f1,,"New York, NY (USA)",01 FEB 2014,1043
232,4:06.93,Alex DEIR,24 NOV 1991,USA,1,,"Fayetteville, AR (USA)",01 FEB 2014,1042
233,4:06.98,Allan SCHROEDER,14 JAN 1992,USA,1f1,,"Nampa, ID (USA)",25 JAN 2014,1041
234,4:07.09,Simon GREINER,17 APR 1994,USA,3,,"Fayetteville, AR (USA)",14 FEB 2014,1040
235,4:07.11,Patrick RONO,08 APR 1992,KEN,2h2,,"College Station, TX (USA)",28 FEB 2014,1040
236,4:07.12,Sean RYNNING,,USA,5,,"Boston, MA (USA)",09 MAR 2014,1039
237,4:07.14,Christopher DULHANTY,06 APR 1992,CAN,6f4,,"Boston, MA (USA)",08 FEB 2014,1039
237,4:07.14,Tim SCHOCH,,USA,4,,"Bloomington, IN (USA)",15 FEB 2014,1039
239,4:07.15,Jacob EDWARDS,,USA,1,,"Columbus, OH (USA)",10 JAN 2014,1039
240,4:07.18,Andrey LOGINOV,05 DEC 1987,RUS,7,,Orenburg (RUS),08 FEB 2014,1039
241,4:07.20,Robert DOMANIC,10 MAR 1995,USA,4f1,,"Birmingham, AL (USA)",18 JAN 2014,1038
242,4:07.21,Daniel THATER,,USA,2f2,,"Birmingham, AL (USA)",01 MAR 2014,1038
243,4:07.24,Dmitriy NIZELSKIY,06 NOV 1986,RUS,8,,Orenburg (RUS),08 FEB 2014,1038
244,4:07.28,Sam PENZENSTADLER,11 SEP 1992,USA,1,,"Bloomington, IN (USA)",24 JAN 2014,1037
244,4:07.28,Bobby PEAVEY,13 MAR 1991,USA,7f1,,"Boston, MA (USA)",02 MAR 2014,1037
246,4:07.29,Chris KIBLER,,USA,5f3,,"Boston, MA (USA)",01 MAR 2014,1037
247,4:07.31,Parker DEUEL,22 MAR 1994,USA,5f1,,"Birmingham, AL (USA)",18 JAN 2014,1037
247,4:07.31,John SIMONS,12 NOV 1990,USA,1f1,,"Minneapolis, MN (USA)",25 JAN 2014,1037
247,4:07.31,Nick HARTLE,14 JAN 1994,USA,4f1,,"Albuquerque, NM (USA)",01 FEB 2014,1037
250,4:07.34,Jacob OLSON,,USA,1f1,,"Fayetteville, AR (USA)",14 FEB 2014,1037
251,4:07.36,Elmar ENGHOLM,02 OCT 1992,SWE,5f1,,"Albuquerque, NM (USA)",01 FEB 2014,1037
252,4:07.37,Brian SCHOEPFER,,USA,1f1,,"Blacksburg, VA (USA)",21 FEB 2014,1036
253,4:07.40,Drew JORDAN,,USA,2f1,,"Nampa, ID (USA)",25 JAN 2014,1036
254,4:07.41,Mike ROBINSON,,USA,5f5,,"Boston, MA (USA)",08 FEB 2014,1036
255,4:07.42,Isaac SPENCER,21 APR 1992,USA,3h2,,"College Station, TX (USA)",28 FEB 2014,1036
256,4:07.44,Ford PALMER,06 OCT 1990,USA,9f2,,"Boston, MA (USA)",25 JAN 2014,1036
257,4:07.47,Jacob KIRK,27 JUL 1992,USA,1,,"Bozeman, MT (USA)",24 JAN 2014,1035
257,4:07.47,Ben GROLEAU,1993,USA,6f3,,"Boston, MA (USA)",01 MAR 2014,1035
257,4:07.47,Bobby PEAVEY,13 MAR 1991,USA,1h1,,"Boston, MA (USA)",08 MAR 2014,1035
260,4:07.52,Drew BUTLER,11 OCT 1990,USA,3f3,,"Boston, MA (USA)",25 JAN 2014,1035
260,4:07.52,Michael LEDUC,,USA,7f3,,"Boston, MA (USA)",01 MAR 2014,1035
262,4:07.54,Otis UBRIACO,13 JUN 1993,USA,4f3,,"Boston, MA (USA)",25 JAN 2014,1034
263,4:07.56,Lee GILMER,19 MAY 1990,USA,8,,"Blacksburg, VA (USA)",07 FEB 2014,1034
264,4:07.57,Kevin DOONEY,07 JUL 1993,IRL,2f1,,"New Haven, CT (USA)",08 FEB 2014,1034
265,4:07.58,Andrew BAYER,03 FEB 1990,USA,6f1,,"Albuquerque, NM (USA)",25 JAN 2014,1034
266,4:07.59,John TRAVERS,16 MAR 1991,IRL,4,,Athlone (IRL),26 FEB 2014,1034
267,4:07.60,Kane GRIMSTER,23 MAY 1992,AUS,4h2,,"College Station, TX (USA)",28 FEB 2014,1034
268,4:07.61,Andrew NELSON,04 JAN 1991,USA,2,,"Bloomington, IN (USA)",24 JAN 2014,1033
268,4:07.61,Nikita VYSOTSKIY,16 OCT 1993,RUS,9,,Orenburg (RUS),08 FEB 2014,1033
268,4:07.61,Damian ROSZKO,11 NOV 1991,POL,4,,"Fayetteville, AR (USA)",14 FEB 2014,1033
271,4:07.64,Drew BUTLER,11 OCT 1990,USA,6f5,,"Boston, MA (USA)",08 FEB 2014,1033
272,4:07.67,James SHIRVELL,18 JUN 1992,USA,2f2,,"New Haven, CT (USA)",15 FEB 2014,1033
273,4:07.70,Ben RAVETZ,,USA,7f5,,"Boston, MA (USA)",08 FEB 2014,1032
274,4:07.71,Colin SAVAGE,,USA,6,,"Boston, MA (USA)",09 MAR 2014,1032
275,4:07.73,John Paul MALETTE,27 MAR 1991,CAN,6f1,,"Albuquerque, NM (USA)",01 FEB 2014,1032
276,4:07.78,Patrick JOSEPH,07 SEP 1995,USA,2f1,,"Blacksburg, VA (USA)",21 FEB 2014,1031
277,4:07.79,Alexander ROSE,10 APR 1991,AUS,3h2,,"Clemson, SC (USA)",28 FEB 2014,1031
278,4:07.84,Jacob OLSON,,USA,3,,"Lincoln, NE (USA)",08 FEB 2014,1031
279,4:07.86,Erik BERG,24 NOV 1990,USA,6f1,,"New York, NY (USA)",08 MAR 2014,1030
280,4:07.88,Erik PETERSON,15 JUN 1994,USA,3,,"Bloomington, IN (USA)",24 JAN 2014,1030
280,4:07.88,Luis MARTINEZ,,USA,2,,"Fayetteville, AR (USA)",01 FEB 2014,1030
282,4:07.90,Curtis KING,,USA,7f4,,"Boston, MA (USA)",08 FEB 2014,1030
283,4:07.91,Eliud Kipngetich RUTTO,13 MAR 1994,KEN,3f2,,"Birmingham, AL (USA)",01 MAR 2014,1030
284,4:07.92,Otis UBRIACO,13 JUN 1993,USA,8f4,,"Boston, MA (USA)",08 FEB 2014,1030
285,4:08.00,Niklas BÜHNER,1989,GER,4,,"College Station, TX (USA)",01 MAR 2014,1029
286,4:08.01,Matt HILLENBRAND,08 MAY 1992,USA,10,,"Albuquerque, NM (USA)",15 MAR 2014,1028
287,4:08.04,Stephen SOLLOWIN,,USA,1f1,,"Boston, MA (USA)",15 FEB 2014,1028
288,4:08.05,Dylan FERRIS,15 MAR 1990,USA,11,,"State College, PA (USA)",01 FEB 2014,1028
288,4:08.05,Yonas TESFAI,10 FEB 1992,USA,5,,"Fayetteville, AR (USA)",14 FEB 2014,1028
288,4:08.05,Matt HILLENBRAND,08 MAY 1992,USA,1h1,,"College Station, TX (USA)",28 FEB 2014,1028
291,4:08.07,Alex RIBA,,USA,1,,"College Station, TX (USA)",25 JAN 2014,1028
291,4:08.07,Ryan WIDZGOWSKI,,USA,9f4,,"Boston, MA (USA)",08 FEB 2014,1028
293,4:08.10,Paul THISTLE,,USA,1f1,,"Fairfax, VA (USA)",01 FEB 2014,1027
294,4:08.11,Chris SCHULIST,28 SEP 1991,USA,6,,"Winston Salem, NC (USA)",31 JAN 2014,1027
294,4:08.11,Trevor VIDLAK,10 JUN 1991,USA,4,,"Lincoln, NE (USA)",08 FEB 2014,1027
294,4:08.11,Niklas BÜHNER,1989,GER,2h1,,"College Station, TX (USA)",28 FEB 2014,1027
297,4:08.12,Jake ALBINO,23 JUN 1992,USA,2h1,,"Boston, MA (USA)",08 MAR 2014,1027
298,4:08.15,Patrick ZACHARIAS,17 JUL 1990,USA,7f1,,"Albuquerque, NM (USA)",01 FEB 2014,1027
299,4:08.17,Kieran REILLY,18 OCT 1993,GBR,4,,"Bloomington, IN (USA)",24 JAN 2014,1027
300,4:08.19,Matt AIROLA,,USA,6,,"Fayetteville, AR (USA)",14 FEB 2014,1026
301,4:08.21,Clark SHURTLEFF,1994,USA,2f2,,"University Park, PA (USA)",08 FEB 2014,1026
301,4:08.21,Stanislav ANISHCHENKO,21 AUG 1982,RUS,10,,Orenburg (RUS),08 FEB 2014,1026
303,4:08.22,Sam DICKERSON,,USA,3h1,,"College Station, TX (USA)",28 FEB 2014,1026
303,4:08.22,Jonathan ANNELLI,,USA,6f2,,"Boston, MA (USA)",02 MAR 2014,1026
305,4:08.23,Matthew SCHWARTZER,13 NOV 1993,USA,2f2,,"Bloomington, IN (USA)",31 JAN 2014,1026
305,4:08.23,Jeff SATTLER,12 MAR 1993,USA,1,,"Ann Arbor, MI (USA)",22 FEB 2014,1026
305,4:08.23,Julian SAAD,10 SEP 1991,USA,8f1,,"Boston, MA (USA)",02 MAR 2014,1026
308,4:08.24,George ALEX,20 JAN 1990,USA,1f1,,"Birmingham, AL (USA)",11 JAN 2014,1026
309,4:08.27,Shaun WYLLIE,27 FEB 1995,GBR,5,,Athlone (IRL),26 FEB 2014,1025
310,4:08.29,Adam JONES,11 MAR 1994,USA,6f1,,"Birmingham, AL (USA)",18 JAN 2014,1025
311,4:08.31,Colin SAVAGE,,USA,3h1,,"Boston, MA (USA)",08 MAR 2014,1025
312,4:08.32,Tim COUSINS,,USA,2f2,,"New York, NY (USA)",01 FEB 2014,1025
313,4:08.34,Chris HEIBELL,,USA,10f4,,"Boston, MA (USA)",08 FEB 2014,1024
313,4:08.34,Cale WALLACE,,USA,5,,"College Station, TX (USA)",01 MAR 2014,1024
313,4:08.34,Andrey DMITRIYEV,05 JUN 1990,RUS,1f2,,"Blacksburg, VA (USA)",01 MAR 2014,1024
316,4:08.39,Matt AIROLA,,USA,4h1,,"College Station, TX (USA)",28 FEB 2014,1024
317,4:08.40,David CHORNEY,04 AUG 1987,USA,8f5,,"Boston, MA (USA)",08 FEB 2014,1024
317,4:08.40,Coby HOROWITZ,,USA,1,,"Lincoln, NE (USA)",15 MAR 2014,1024
319,4:08.43,Zach SULLIVAN,,USA,3f1,,"New Haven, CT (USA)",08 FEB 2014,1023
320,4:08.44,McKena RAMOS,,USA,1f1,,"Oshkosh, WI (USA)",07 FEB 2014,1023
320,4:08.44,Brian SCHOEPFER,,USA,4h2,,"Clemson, SC (USA)",28 FEB 2014,1023
322,4:08.46,Daniel NESTOR,09 JUL 1993,USA,3f1,,"New York, NY (USA)",14 FEB 2014,1023
323,4:08.49,Zach DAHLEEN,21 JUN 1991,USA,1,,"Carbondale, IL (USA)",11 JAN 2014,1023
324,4:08.50,Ryan URIE,11 AUG 1993,USA,12,,"State College, PA (USA)",01 FEB 2014,1022
324,4:08.50,William KELLAR,,USA,4h1,,"Boston, MA (USA)",08 MAR 2014,1022
326,4:08.51,Sean RYNNING,,USA,1h4,,"Boston, MA (USA)",08 MAR 2014,1022
327,4:08.56,Patrick RONO,08 APR 1992,KEN,6,,"College Station, TX (USA)",01 MAR 2014,1022
327,4:08.56,Isaac SPENCER,21 APR 1992,USA,7,,"College Station, TX (USA)",01 MAR 2014,1022
327,4:08.56,Simon GREINER,17 APR 1994,USA,4f2,,"Birmingham, AL (USA)",01 MAR 2014,1022
327,4:08.56,Michael O'DONNELL,,USA,2h4,,"Boston, MA (USA)",08 MAR 2014,1022
331,4:08.59,Jacob BURCHAM,13 FEB 1995,USA,3,,"Fayetteville, AR (USA)",01 FEB 2014,1021
332,4:08.62,Mike MOVERMAN,23 NOV 1990,USA,3f1,,"Blacksburg, VA (USA)",21 FEB 2014,1021
333,4:08.65,Trevor GILLEY,04 OCT 1994,USA,1f4,,"New York, NY (USA)",08 FEB 2014,1021
334,4:08.66,Daniel CLORLEY,01 OCT 1990,GBR,1f2,,"New York, NY (USA)",21 FEB 2014,1020
335,4:08.68,Harvey DIXON,02 NOV 1993,GIB,3h4,,"Boston, MA (USA)",08 MAR 2014,1020
336,4:08.72,Yonas TESFAI,10 FEB 1992,USA,2f1,,"College Station, TX (USA)",08 FEB 2014,1020
337,4:08.73,Brian CRIMMINS,,USA,3f2,,"University Park, PA (USA)",08 FEB 2014,1020
338,4:08.74,Vincent PEROZZE,,USA,4f1,,"New Haven, CT (USA)",08 FEB 2014,1020
338,4:08.74,Kane GRIMSTER,23 MAY 1992,AUS,8,,"College Station, TX (USA)",01 MAR 2014,1020
340,4:08.78,Sean RYNNING,,USA,1,,"Annapolis, MD (USA)",01 FEB 2014,1019
341,4:08.79,Benjamin DE HAAN,27 FEB 1993,NED,4h4,,"Boston, MA (USA)",08 MAR 2014,1019
342,4:08.80,Alex CORNWELL,14 SEP 1991,GBR,4,,"Albuquerque, NM (USA)",15 FEB 2014,1019
342,4:08.80,John DELALLO,,USA,1h2,,"Boston, MA (USA)",08 MAR 2014,1019
344,4:08.81,Eric SHELLHORN,,USA,5,,"Albuquerque, NM (USA)",15 FEB 2014,1019
345,4:08.82,Tom ANDERSON,12 JAN 1990,GBR,1f4,,"Champaign, IL (USA)",18 JAN 2014,1019
345,4:08.82,Colin SAVAGE,,USA,9f5,,"Boston, MA (USA)",08 FEB 2014,1019
345,4:08.82,Matt GILBERT,,USA,2f1,,"Fayetteville, AR (USA)",14 FEB 2014,1019
348,4:08.83,Josh SABO,28 MAY 1993,USA,1f1,,"Columbus, OH (USA)",21 FEB 2014,1018
349,4:08.86,Colin SAVAGE,,USA,5f3,,"Boston, MA (USA)",25 JAN 2014,1018
350,4:08.87,James SHIRVELL,18 JUN 1992,USA,5,,"Hanover, NH (USA)",02 MAR 2014,1018
351,4:08.90,Nick KARWOSKI,,USA,11f4,,"Boston, MA (USA)",08 FEB 2014,1018
351,4:08.90,Jordan WILLIAMSZ,21 AUG 1992,AUS,1,,"New York, NY (USA)",22 FEB 2014,1018
353,4:08.92,Christopher WEBB,,USA,3f1,,"Fayetteville, AR (USA)",14 FEB 2014,1017
353,4:08.92,Andrey DMITRIYEV,05 JUN 1990,RUS,2h2,,"Boston, MA (USA)",08 MAR 2014,1017
355,4:08.95,Grant POLLOCK,,USA,1h1,,"Clemson, SC (USA)",28 FEB 2014,1017
356,4:08.96,Luke GAVIGAN,,USA,1,,"New York, NY (USA)",15 FEB 2014,1017
357,4:08.97,Jake ALBINO,23 JUN 1992,USA,13,,"State College, PA (USA)",01 FEB 2014,1017
358,4:09.00,Michael LEDERHOUSE,09 JAN 1994,USA,3h2,,"Boston, MA (USA)",08 MAR 2014,1016
359,4:09.01,David GOODMAN,21 DEC 1988,USA,2f1,,"Boston, MA (USA)",15 FEB 2014,1016
359,4:09.01,James RANDON,16 JUN 1994,USA,1h3,,"Boston, MA (USA)",08 MAR 2014,1016
361,4:09.03,Rob NAPOLITANO,03 NOV 1994,USA,4f1,,"New York, NY (USA)",14 FEB 2014,1016
362,4:09.04,Ryan GIL,,USA,1f1,,"University Park, PA (USA)",18 JAN 2014,1016
362,4:09.04,James GOWANS,10 JAN 1995,USA,2h3,,"Boston, MA (USA)",08 MAR 2014,1016
364,4:09.05,Nick RIVERA,31 JUL 1994,USA,2,,"College Station, TX (USA)",25 JAN 2014,1016
364,4:09.05,Isaac SPENCER,21 APR 1992,USA,3,,"College Station, TX (USA)",25 JAN 2014,1016
364,4:09.05,Alfredo SANTANA,08 APR 1991,USA,3f2,,"New York, NY (USA)",01 FEB 2014,1016
364,4:09.05,John Paul MALETTE,27 MAR 1991,CAN,2h1,,"Clemson, SC (USA)",28 FEB 2014,1016
368,4:09.07,Jordan GORNALL,,USA,3f2,,"Bloomington, IN (USA)",31 JAN 2014,1015
368,4:09.07,Jacob SMITH,12 APR 1990,CAN,2f2,,"Blacksburg, VA (USA)",01 MAR 2014,1015
370,4:09.08,Owen SKEETE,1992,USA,5,,"Bloomington, IN (USA)",15 FEB 2014,1015
370,4:09.08,Marcus BRIDGER-WILKINSON,31 MAR 1992,GBR,1f2,,"Nashville, TN (USA)",01 MAR 2014,1015
372,4:09.12,Andrey RUKAVTSOV,25 MAY 1990,RUS,1,,Chelyabinsk (RUS),27 JAN 2014,1015
373,4:09.15,Amos KOSGEY,,USA,2f2,,"Nashville, TN (USA)",01 MAR 2014,1014
374,4:09.18,Robby CREESE,30 AUG 1993,USA,14,,"State College, PA (USA)",01 FEB 2014,1014
375,4:09.21,Ryan TILOTTA,,USA,5,,"Lincoln, NE (USA)",08 FEB 2014,1014
375,4:09.21,Paul ROSS,,USA,7f1,,"New York, NY (USA)",08 MAR 2014,1014
377,4:09.23,Brandon HAZOURI,21 OCT 1993,USA,7f1,,"Birmingham, AL (USA)",18 JAN 2014,1014
377,4:09.23,John MOORE,29 MAR 1988,USA,1f1,,"Ithaca, NY (USA)",01 FEB 2014,1014
379,4:09.25,Phillip PRIMEAUX,18 DEC 1991,USA,4f1,,"Fayetteville, AR (USA)",14 FEB 2014,1013
380,4:09.26,Nate MCCLAFFERTY,07 JAN 1993,USA,1f1,,"New York, NY (USA)",08 FEB 2014,1013
381,4:09.28,Chris SCHULIST,28 SEP 1991,USA,3f2,,"Blacksburg, VA (USA)",01 MAR 2014,1013
382,4:09.29,Stephen SCHROEDER,,USA,1,,"Annapolis, MD (USA)",25 JAN 2014,1013
382,4:09.29,Patrick MONAGHAN,25 OCT 1993,IRL,7,,"Fayetteville, AR (USA)",14 FEB 2014,1013
382,4:09.29,Julian OAKLEY,23 JUN 1993,NZL,3h3,,"Boston, MA (USA)",08 MAR 2014,1013
385,4:09.30,Grant POLLOCK,,USA,1,,"Clemson, SC (USA)",01 MAR 2014,1013
386,4:09.31,Jeffrey METTLER,24 OCT 1991,USA,2f1,,"Minneapolis, MN (USA)",25 JAN 2014,1013
386,4:09.31,Justin VILHAUER,03 FEB 1992,USA,4,,"Fayetteville, AR (USA)",01 FEB 2014,1013
386,4:09.31,Mark CHANDLER,,USA,6,,"Bloomington, IN (USA)",15 FEB 2014,1013
389,4:09.32,Tim GORMAN,05 JUN 1992,USA,6,,"Hanover, NH (USA)",02 MAR 2014,1012
390,4:09.33,Cale WALLACE,,USA,5,,"Fayetteville, AR (USA)",01 FEB 2014,1012
391,4:09.36,Craig ENGELS,01 MAY 1994,USA,3f1,,"Winston Salem, NC (USA)",15 FEB 2014,1012
392,4:09.39,Trevor VIDLAK,10 JUN 1991,USA,1f2,,"Lincoln, NE (USA)",17 JAN 2014,1012
393,4:09.42,Otniel TEIXEIRA,15 JAN 1994,USA,6,,"Fayetteville, AR (USA)",01 FEB 2014,1011
394,4:09.44,Andrew KIMPEL,01 APR 1991,USA,3f1,,"Nampa, ID (USA)",25 JAN 2014,1011
394,4:09.44,Cale WALLACE,,USA,5h1,,"College Station, TX (USA)",28 FEB 2014,1011
396,4:09.45,Nate MCCLAFFERTY,07 JAN 1993,USA,1f1,,"Blacksburg, VA (USA)",17 JAN 2014,1011
397,4:09.46,Grant FISHER,22 APR 1997,USA,1f3,,"New York, NY (USA)",16 MAR 2014,1011
398,4:09.47,Jesse GARN,04 JUN 1993,USA,15,,"State College, PA (USA)",01 FEB 2014,1011
398,4:09.47,John DAVIES,,USA,7,,"Boston, MA (USA)",23 FEB 2014,1011
400,4:09.48,Christopher BUCHANAN,13 APR 1993,USA,4f2,,"New York, NY (USA)",01 FEB 2014,1010
400,4:09.48,Jakub ŽIVEC,23 NOV 1990,CZE,3h1,,"Clemson, SC (USA)",28 FEB 2014,1010
402,4:09.51,James RANDON,16 JUN 1994,USA,7,,"Boston, MA (USA)",09 MAR 2014,1010
403,4:09.53,Phil CELONA,,USA,8f1,,"New York, NY (USA)",08 MAR 2014,1010
404,4:09.55,Thomas COYLE,23 MAY 1995,USA,16,,"State College, PA (USA)",01 FEB 2014,1010
404,4:09.55,Michael O'DONNELL,,USA,8,,"Boston, MA (USA)",09 MAR 2014,1010
406,4:09.58,John Paul MALETTE,27 MAR 1991,CAN,2,,"Clemson, SC (USA)",01 MAR 2014,1009
407,4:09.61,Owen SKEETE,1992,USA,5,,"Bloomington, IN (USA)",24 JAN 2014,1009
408,4:09.63,Jacob BURCHAM,13 FEB 1995,USA,2f1,,"New York, NY (USA)",08 FEB 2014,1009
409,4:09.65,Matt DANIELS,28 APR 1988,USA,7f1,,"Albuquerque, NM (USA)",25 JAN 2014,1008
409,4:09.65,Richard PETERS,18 FEB 1990,GBR,1h2,,"Albuquerque, NM (USA)",14 MAR 2014,1008
411,4:09.68,David STILIN,23 JUN 1991,USA,1,,"Whitewater, WI (USA)",31 JAN 2014,1008
411,4:09.68,Michael HAMMOND,07 NOV 1989,USA,7,,"Winston Salem, NC (USA)",31 JAN 2014,1008
413,4:09.7h,Stanislav ANISHCHENKO,21 AUG 1982,RUS,1,,Shchelkovo (RUS),28 DEC 2013,1008
413,4:09.70,Nathan FISHER,,USA,2,,"Annapolis, MD (USA)",01 FEB 2014,1008
415,4:09.73,Nate MCCLAFFERTY,07 JAN 1993,USA,1,,"Chapel Hill, NC (USA)",24 JAN 2014,1007
416,4:09.75,Tim SCHOCH,,USA,6,,"Bloomington, IN (USA)",24 JAN 2014,1007
416,4:09.75,Daniel BULMER,02 JAN 1990,AUS,5h2,,"College Station, TX (USA)",28 FEB 2014,1007
418,4:09.77,Kenneth CUSHING,10 OCT 1992,USA,5f1,,"Fayetteville, AR (USA)",14 FEB 2014,1007
419,4:09.79,John CRAIN,30 DEC 1985,USA,2,,"Whitewater, WI (USA)",31 JAN 2014,1007
420,4:09.80,Todd FORD,,USA,1f8,,"Boston, MA (USA)",08 FEB 2014,1007
421,4:09.81,Amon TERER,06 APR 1992,KEN,4f2,,"Blacksburg, VA (USA)",01 MAR 2014,1006
422,4:09.84,Travis BURKSTRAND,22 JUL 1989,USA,1f1,,"Minneapolis, MN (USA)",18 JAN 2014,1006
422,4:09.84,Stephen SCHROEDER,,USA,3,,"Annapolis, MD (USA)",01 FEB 2014,1006
422,4:09.84,Nick CRITS,,USA,7f1,,"New York, NY (USA)",01 FEB 2014,1006
425,4:09.85,Thomas COUGHIER,,CAN,7,,"Bloomington, IN (USA)",24 JAN 2014,1006
425,4:09.85,Ethan DAVENPORT,1990,CAN,2f4,,"New York, NY (USA)",08 FEB 2014,1006
427,4:09.90,Robert DOMANIC,10 MAR 1995,USA,6,,"Albuquerque, NM (USA)",15 FEB 2014,1005
428,4:09.91,Layton DORSETT,,USA,8f1,,"Birmingham, AL (USA)",18 JAN 2014,1005
428,4:09.91,Nikita VYSOTSKIY,16 OCT 1993,RUS,2,,Chelyabinsk (RUS),27 JAN 2014,1005
430,4:09.94,Julian OAKLEY,23 JUN 1993,NZL,2,,"New York, NY (USA)",22 FEB 2014,1005
430,4:09.94,Will GEOGHEGAN,15 JUL 1992,USA,2h2,,"Albuquerque, NM (USA)",14 MAR 2014,1005
432,4:10.00,Juan SANCHEZ,,USA,8,,"Fayetteville, AR (USA)",14 FEB 2014,1004
433,4:10.01,James YAU,10 JAN 1992,USA,2,,"Ann Arbor, MI (USA)",22 FEB 2014,1004
433,4:10.01,Michael WILLIAMS,08 JUN 1989,USA,1h2,,"Hanover, NH (USA)",01 MAR 2014,1004
435,4:10.03,Carlos JAMIESON,,USA,9f1,,"Boston, MA (USA)",25 JAN 2014,1004
435,4:10.03,Tommy WILLIAMS,,USA,3f1,,"College Station, TX (USA)",08 FEB 2014,1004
437,4:10.05,Simon HOLDEN,24 DEC 1994,USA,8,,"Winston Salem, NC (USA)",31 JAN 2014,1003
437,4:10.05,Martin MARTINEZ,06 MAY 1995,USA,5h4,,"Boston, MA (USA)",08 MAR 2014,1003
439,4:10.07,Xavier KING,24 JAN 1993,CAN,2f2,,"New York, NY (USA)",21 FEB 2014,1003
439,4:10.07,Nate MCCLAFFERTY,07 JAN 1993,USA,4h1,,"Clemson, SC (USA)",28 FEB 2014,1003
441,4:10.09,Anthony ROTICH,20 OCT 1990,USA,3h2,,"Albuquerque, NM (USA)",14 MAR 2014,1003
442,4:10.10,Connor GIBSON,07 NOV 1991,USA,1,,"Lincoln, NE (USA)",25 JAN 2014,1003
442,4:10.10,Kane GRIMSTER,23 MAY 1992,AUS,9,,"Winston Salem, NC (USA)",31 JAN 2014,1003
444,4:10.12,Miles BATTY,01 JUN 1987,USA,12,,"New York, NY (USA)",15 FEB 2014,1003
445,4:10.15,Josh SABO,28 MAY 1993,USA,1f1,,"Bloomington, IN (USA)",31 JAN 2014,1002
445,4:10.15,Mark TEDDER,,USA,4h3,,"Boston, MA (USA)",08 MAR 2014,1002
447,4:10.17,David MOKONE,,RSA,2f1,,"Birmingham, AL (USA)",11 JAN 2014,1002
448,4:10.18,Jordan WILLIAMSZ,21 AUG 1992,AUS,4h2,,"Albuquerque, NM (USA)",14 MAR 2014,1002
448,4:10.18,Ryan WIDZGOWSKI,,USA,2,,"Lincoln, NE (USA)",15 MAR 2014,1002
450,4:10.20,John WOLFE,19 JUL 1991,USA,5h1,,"Clemson, SC (USA)",28 FEB 2014,1002
450,4:10.20,John GREGOREK,07 DEC 1991,USA,2h2,,"Hanover, NH (USA)",01 MAR 2014,1002
452,4:10.22,Steven MANGAN,14 APR 1992,USA,5h2,,"Albuquerque, NM (USA)",14 MAR 2014,1001
453,4:10.23,Jake ALBINO,23 JUN 1992,USA,1f1,,"New York, NY (USA)",24 JAN 2014,1001
454,4:10.24,Wylie MANGELSDORF,,USA,1f1,,"Stevens Point, WI (USA)",08 MAR 2014,1001
455,4:10.27,Armando DEL VALLE,11 DEC 1988,PUR,1,,"Joplin, MO (USA)",01 FEB 2014,1001
456,4:10.28,Adam PALAMAR,12 MAR 1994,CAN,1,,"Fayetteville, AR (USA)",10 JAN 2014,1001
456,4:10.28,Tim MCGOWAN,,USA,2,,"New York, NY (USA)",15 FEB 2014,1001
456,4:10.28,Todd FORD,,USA,8f3,,"Boston, MA (USA)",01 MAR 2014,1001
456,4:10.28,Matthew HOWARD,,USA,4h2,,"Boston, MA (USA)",08 MAR 2014,1001
460,4:10.33,Wylie MANGELSDORF,,USA,3,,"Lincoln, NE (USA)",15 MAR 2014,1000
461,4:10.35,Nicholas STENUF,21 SEP 1986,USA,10f1,,"Boston, MA (USA)",25 JAN 2014,1000
462,4:10.36,Leoule DEGFAE,06 MAR 1990,USA,2f1,,"Blacksburg, VA (USA)",17 JAN 2014,1000
463,4:10.37,Carl HIRSH,,USA,1,,"Madison, WI (USA)",18 JAN 2014,1000
463,4:10.37,Otis UBRIACO,13 JUN 1993,USA,3f2,,"New York, NY (USA)",21 FEB 2014,1000
463,4:10.37,Vincent CIATTEI,21 JAN 1995,USA,4f1,,"Blacksburg, VA (USA)",21 FEB 2014,1000
466,4:10.38,Matt SCOTT,,USA,4,,"Lincoln, NE (USA)",15 MAR 2014,999
467,4:10.40,Jacob PETERSON,24 APR 1992,USA,5,,"Lincoln, NE (USA)",15 MAR 2014,999
467,4:10.40,Braydon BURLEIGH,11 AUG 1992,USA,1,,"Winston Salem, NC (USA)",15 MAR 2014,999
469,4:10.41,Thomas GRAHAM,04 JUN 1994,USA,7,,"Albuquerque, NM (USA)",15 FEB 2014,999
470,4:10.42,Troy TAYLOR,16 SEP 1993,USA,5f2,,"Birmingham, AL (USA)",01 MAR 2014,999
471,4:10.43,John PRIZZI,15 JUN 1993,USA,1f2,,"Boston, MA (USA)",01 MAR 2014,999
472,4:10.46,Isaac PRESSON,07 FEB 1992,USA,3,,"Clemson, SC (USA)",01 MAR 2014,999
472,4:10.46,Joel HUBBARD,03 JUL 1994,USA,5h1,,"Boston, MA (USA)",08 MAR 2014,999
474,4:10.47,Cooper ROACH,,USA,4f2,,"New York, NY (USA)",21 FEB 2014,998
474,4:10.47,Cole TOEPFER,,USA,1f1,,"Minneapolis, MN (USA)",21 FEB 2014,998
476,4:10.48,Taylor FARNSWORTH,,USA,3f4,,"New York, NY (USA)",08 FEB 2014,998
477,4:10.51,Michael WILLIAMS,08 JUN 1989,USA,1f1,,"New York, NY (USA)",10 JAN 2014,998
478,4:10.52,Matt GILBERT,,USA,2,,"Lincoln, NE (USA)",25 JAN 2014,998
478,4:10.52,John DELALLO,,USA,5f2,,"New York, NY (USA)",01 FEB 2014,998
480,4:10.53,Nick SCARPELLO,,USA,4f2,,"University Park, PA (USA)",08 FEB 2014,998
481,4:10.56,Caleb EDMONDS,,USA,5f2,,"Blacksburg, VA (USA)",01 MAR 2014,997
482,4:10.57,Caleb EDMONDS,,USA,5f2,,"University Park, PA (USA)",08 FEB 2014,997
482,4:10.57,Steven MANGAN,14 APR 1992,USA,3h2,,"Hanover, NH (USA)",01 MAR 2014,997
484,4:10.60,Jack DRIGGS,10 AUG 1993,USA,3f1,,"New York, NY (USA)",08 FEB 2014,997
484,4:10.60,Nate KARR,,USA,3,,"Ann Arbor, MI (USA)",22 FEB 2014,997
486,4:10.61,Alec KUNZWEILER,08 MAY 1995,USA,3f1,,"Blacksburg, VA (USA)",17 JAN 2014,997
486,4:10.61,Sam STABLER,17 MAY 1992,GBR,1,,"Birmingham, AL (USA)",27 FEB 2014,997
488,4:10.64,Dylan BLANKENBAKER,06 JAN 1994,USA,1,,"Fayetteville, AR (USA)",01 FEB 2014,996
488,4:10.64,Chris KIBLER,,USA,6,,"Lincoln, NE (USA)",15 MAR 2014,996
490,4:10.65,Colin BENNIE,03 JUN 1995,USA,1f6,,"Boston, MA (USA)",08 FEB 2014,996
491,4:10.67,Michael VIDAL,,USA,1f1,,"Gainesville, FL (USA)",17 JAN 2014,996
491,4:10.67,Will BREWSTER,,USA,6,,"Lincoln, NE (USA)",08 FEB 2014,996
493,4:10.69,Bobby PEAVEY,13 MAR 1991,USA,3,,"New York, NY (USA)",22 FEB 2014,996
493,4:10.69,Zach HASKINS,,USA,7,,"Lincoln, NE (USA)",15 MAR 2014,996
495,4:10.70,Stanislav MOKIN,29 APR 1992,RUS,3,,Chelyabinsk (RUS),27 JAN 2014,996
496,4:10.71,Benjamin DE HAAN,27 FEB 1993,NED,2f6,,"Boston, MA (USA)",08 FEB 2014,995
496,4:10.71,Noah GRABOYS,,USA,2f2,,"Boston, MA (USA)",01 MAR 2014,995
498,4:10.72,Anthony ROTICH,20 OCT 1990,USA,1,,"Albuquerque, NM (USA)",18 JAN 2014,995
498,4:10.72,Brandon Derek LORD,13 JUN 1992,CAN,9,,"Blacksburg, VA (USA)",07 FEB 2014,995
500,4:10.73,Brian BAUM,,USA,1h2,,"Winston Salem, NC (USA)",14 MAR 2014,995
501,4:10.74,Trevor VAN ACKEREN,01 AUG 1989,USA,10f2,,"Boston, MA (USA)",25 JAN 2014,995
501,4:10.74,Anthony ARMSTRONG,,USA,2,,"Fayetteville, AR (USA)",01 FEB 2014,995
501,4:10.74,Robert SANDLIN,,USA,2h2,,"Winston Salem, NC (USA)",14 MAR 2014,995
504,4:10.76,Tripp HURT,30 OCT 1992,USA,4f1,,"Winston Salem, NC (USA)",15 FEB 2014,995
505,4:10.77,David GOODMAN,21 DEC 1988,USA,6f3,,"Boston, MA (USA)",25 JAN 2014,995
505,4:10.77,Matthew HILLARD,,USA,7f2,,"Boston, MA (USA)",02 MAR 2014,995
507,4:10.78,Carl SMITH,,USA,4f2,,"Bloomington, IN (USA)",31 JAN 2014,995
507,4:10.78,Andrew GOODMAN,,USA,7,,"Lincoln, NE (USA)",08 FEB 2014,995
509,4:10.79,Sean FERGUSON,,USA,9f3,,"Boston, MA (USA)",01 MAR 2014,995
510,4:10.80,Robert ALLEN,,USA,1f2,,"New York, NY (USA)",24 FEB 2014,994
511,4:10.81,Steve FLINT,,USA,4f1,,"New York, NY (USA)",08 FEB 2014,994
512,4:10.85,Wade MEDDLES,18 AUG 1992,USA,3f2,,"Nashville, TN (USA)",01 MAR 2014,994
512,4:10.85,Nick HALL,,USA,3h2,,"Winston Salem, NC (USA)",14 MAR 2014,994
514,4:10.87,Clayton MURPHY,26 FEB 1995,USA,1,,"State College, PA (USA)",01 FEB 2014,994
515,4:10.88,Austin O'BRIEN,,USA,8,,"Lincoln, NE (USA)",15 MAR 2014,993
516,4:10.90,Henry FARLEY,15 OCT 1992,USA,5f1,,"Blacksburg, VA (USA)",21 FEB 2014,993
516,4:10.90,McKena RAMOS,,USA,1f2,,"Whitewater, WI (USA)",28 FEB 2014,993
516,4:10.90,Uģis JOCIS,13 SEP 1993,LAT,1,,"Cedar Falls, IA (USA)",02 MAR 2014,993
519,4:10.91,Cameron BEAN,17 DEC 1986,USA,3f1,,"Birmingham, AL (USA)",11 JAN 2014,993
519,4:10.91,Tahir CHAKISSO,,USA,1f2,,"New York, NY (USA)",08 MAR 2014,993
521,4:10.92,Wade ENDRESS,30 MAR 1993,USA,2f1,,"University Park, PA (USA)",18 JAN 2014,993
521,4:10.92,Harvey DIXON,02 NOV 1993,GIB,4,,"New York, NY (USA)",22 FEB 2014,993
523,4:10.95,Kyle GRAVES,,USA,5f1,,"Winston Salem, NC (USA)",15 FEB 2014,993
524,4:10.96,John MURRAY,09 JUL 1992,USA,17,,"State College, PA (USA)",01 FEB 2014,992
525,4:10.97,Charlie MARQUARDT,,USA,1,,"Medford, MA (USA)",01 FEB 2014,992
525,4:10.97,David GOODMAN,21 DEC 1988,USA,8,,"Boston, MA (USA)",23 FEB 2014,992
527,4:10.98,Ezekiel KISSORIO,25 AUG 1989,USA,12f3,,"Boston, MA (USA)",08 FEB 2014,992
527,4:10.98,Wilder SCHAAF,03 APR 1992,USA,3f2,,"Boston, MA (USA)",01 MAR 2014,992
529,4:10.99,Trevor GILLEY,04 OCT 1994,USA,6h1,,"College Station, TX (USA)",28 FEB 2014,992
529,4:10.99,Michael MEDRANO,24 MAY 1992,USA,1f1,,"Birmingham, AL (USA)",01 MAR 2014,992
529,4:10.99,Braydon BURLEIGH,11 AUG 1992,USA,4h2,,"Winston Salem, NC (USA)",14 MAR 2014,992
529,4:10.99,Wilder SCHAAF,03 APR 1992,USA,9,,"Lincoln, NE (USA)",15 MAR 2014,992
533,4:11.02,Otniel TEIXEIRA,15 JAN 1994,USA,9f1,,"Birmingham, AL (USA)",18 JAN 2014,992
534,4:11.03,David ELLIOTT,21 JUL 1993,USA,4f1,,"Nampa, ID (USA)",25 JAN 2014,992
534,4:11.03,Jeffrey METTLER,24 OCT 1991,USA,1f2,,"Fort Wayne, IN (USA)",01 MAR 2014,992
536,4:11.04,Matthew HOWARD,,USA,1,,"Bethesda, MD (USA)",24 JAN 2014,991
537,4:11.05,Jake POYNER,,USA,6f1,,"Winston Salem, NC (USA)",15 FEB 2014,991
537,4:11.05,Robert PETERSON,,USA,1f2,,"Nampa, ID (USA)",22 FEB 2014,991
537,4:11.05,Nathan WEITZ,14 FEB 1994,USA,1f2,,"Pocatello, ID (USA)",01 MAR 2014,991
540,4:11.07,Ryan MANAHAN,14 JUL 1994,USA,5,,"New York, NY (USA)",22 FEB 2014,991
540,4:11.07,Mike ROBINSON,,USA,2,,"Winston Salem, NC (USA)",15 MAR 2014,991
542,4:11.09,Bryan FOWLER,,USA,5f1,,"New York, NY (USA)",14 FEB 2014,991
542,4:11.09,Trevor RICKS,25 JUL 1990,USA,2f2,,"Pocatello, ID (USA)",01 MAR 2014,991
542,4:11.09,Brian SHRADER,22 JUL 1991,USA,2f2,,"Pocatello, ID (USA)",01 MAR 2014,991
545,4:11.10,Bob GASIOR,,USA,2,,"State College, PA (USA)",01 FEB 2014,991
545,4:11.10,Jake SHELLEY,16 MAR 1991,GBR,8f1,,"Albuquerque, NM (USA)",01 FEB 2014,991
547,4:11.11,Willy FINK,07 MAR 1994,USA,1,,"Ypsilanti, MI (USA)",01 FEB 2014,991
548,4:11.13,Aleksandr STOROZHEV,24 MAR 1991,RUS,4,,Chelyabinsk (RUS),27 JAN 2014,990
549,4:11.14,Joseph CHAPIN,,USA,1f7,,"Boston, MA (USA)",08 FEB 2014,990
550,4:11.15,James SHIRVELL,18 JUN 1992,USA,1f1,,"New Haven, CT (USA)",07 DEC 2013,990
550,4:11.15,Ryan KUHNS,,USA,5h2,,"Clemson, SC (USA)",28 FEB 2014,990
552,4:11.16,Jefferson ABBEY,,USA,1f2,,"Lincoln, NE (USA)",08 FEB 2014,990
553,4:11.17,Daniel MILECHMAN,,USA,7f3,,"Boston, MA (USA)",25 JAN 2014,990
554,4:11.18,Daniel NESTOR,09 JUL 1993,USA,7,,"Hanover, NH (USA)",02 MAR 2014,990
554,4:11.18,David TIMLIN,10 JUN 1994,USA,2,,"Cedar Falls, IA (USA)",02 MAR 2014,990
556,4:11.19,Kyle MERBER,19 NOV 1990,USA,10,,"New York, NY (USA)",24 JAN 2014,990
557,4:11.20,John DELALLO,,USA,2f2,,"New York, NY (USA)",24 FEB 2014,990
558,4:11.21,Tyler SCHICKEL,,USA,2f1,,"Bloomington, IN (USA)",31 JAN 2014,989
558,4:11.21,Jonathan NELSON,,USA,4f4,,"New York, NY (USA)",08 FEB 2014,989
560,4:11.24,James GOWANS,10 JAN 1995,USA,2f1,,"Ithaca, NY (USA)",01 FEB 2014,989
561,4:11.27,Robert ALLEN,,USA,3f1,,"Hanover, NH (USA)",12 JAN 2014,989
561,4:11.27,Stanley Kipkoech KEBENEI,06 NOV 1989,KEN,1,,"Fayetteville, AR (USA)",17 JAN 2014,989
563,4:11.28,Sean FERGUSON,,USA,1f2,,"Boston, MA (USA)",16 JAN 2014,989
564,4:11.30,Jacob KIRK,27 JUL 1992,USA,4f2,,"Pocatello, ID (USA)",01 MAR 2014,988
565,4:11.31,Sean KELLY,07 AUG 1996,USA,3,,"New York, NY (USA)",15 FEB 2014,988
566,4:11.32,Wylie MANGELSDORF,,USA,1,,"Jacksonville, FL (USA)",21 FEB 2014,988
567,4:11.35,David ECKHART,,USA,3f1,,"Bloomington, IN (USA)",31 JAN 2014,988
567,4:11.35,Daniel BULMER,02 JAN 1990,AUS,9,,"College Station, TX (USA)",01 MAR 2014,988
569,4:11.38,Ryan WIDZGOWSKI,,USA,1f2,,"Cambridge, MA (USA)",22 FEB 2014,987
570,4:11.39,Alejandro Arroyo YAMIN,26 SEP 1991,MEX,6f2,,"New York, NY (USA)",01 FEB 2014,987
571,4:11.40,James SHIRVELL,18 JUN 1992,USA,1h1,,"Hanover, NH (USA)",01 MAR 2014,987
572,4:11.41,Thomas GRUENEWALD,,USA,5f1,,"New York, NY (USA)",08 FEB 2014,987
572,4:11.41,Matt DANIELS,28 APR 1988,USA,3,,"Winston Salem, NC (USA)",15 MAR 2014,987
574,4:11.42,Ryan KUHNS,,USA,10,,"Blacksburg, VA (USA)",07 FEB 2014,987
574,4:11.42,Andre IVANKOVIC,,USA,5h3,,"Boston, MA (USA)",08 MAR 2014,987
574,4:11.42,Mike ROBINSON,,USA,5h2,,"Winston Salem, NC (USA)",14 MAR 2014,987
577,4:11.45,Spencer AGNEW,30 JUN 1991,USA,6,,"New York, NY (USA)",22 FEB 2014,987
578,4:11.50,Aaron LESKOW,20 DEC 1991,USA,1f1,,"New York, NY (USA)",18 JAN 2014,986
578,4:11.50,Timothy CAREY,,USA,6f1,,"Fayetteville, AR (USA)",14 FEB 2014,986
578,4:11.50,Aaron LESKOW,20 DEC 1991,USA,1f2,,"Providence, RI (USA)",23 FEB 2014,986
578,4:11.50,Tim GORMAN,05 JUN 1992,USA,2h1,,"Hanover, NH (USA)",01 MAR 2014,986
582,4:11.51,Liam MARKHAM,30 JAN 1992,IRL,2f4,,"Champaign, IL (USA)",18 JAN 2014,986
583,4:11.52,Sean VANDERMOSTEN,,USA,4f2,,"Nashville, TN (USA)",01 MAR 2014,986
584,4:11.53,Luke CARROLL,20 OCT 1993,GBR,3f4,,"Champaign, IL (USA)",18 JAN 2014,986
584,4:11.53,Phil CELONA,,USA,1f2,,"New York, NY (USA)",14 FEB 2014,986
584,4:11.53,Brian BAUM,,USA,1f2,,"Hillsdale, MI (USA)",02 MAR 2014,986
587,4:11.55,Cristian SORATOS,26 SEP 1992,USA,1f2,,"Bozeman, MT (USA)",21 FEB 2014,985
587,4:11.55,Tyler SCHICKEL,,USA,6h2,,"Winston Salem, NC (USA)",14 MAR 2014,985
589,4:11.56,Tony RUSSELL,,USA,1,,"Reggie Lewis Center, Boston, MA (USA)",08 FEB 2014,985
589,4:11.56,Brian BIEKERT,,USA,3f1,,"Boston, MA (USA)",15 FEB 2014,985
591,4:11.58,Chris HATLER,12 OCT 1994,USA,7f2,,"New York, NY (USA)",01 FEB 2014,985
591,4:11.58,Antoine GISORE,,USA,3f6,,"Boston, MA (USA)",08 FEB 2014,985
591,4:11.58,Tom CURR,06 SEP 1992,GBR,7,,"New York, NY (USA)",22 FEB 2014,985
594,4:11.64,Adam TREDWAY,,USA,2,,"Joplin, MO (USA)",01 FEB 2014,984
595,4:11.66,David SANCHEZ,01 FEB 1990,USA,8f1,,"Albuquerque, NM (USA)",25 JAN 2014,984
595,4:11.66,Patrick CORONA,17 MAR 1994,USA,9f1,,"Albuquerque, NM (USA)",01 FEB 2014,984
597,4:11.67,Sam PARSONS,18 JUN 1994,USA,11,,"Blacksburg, VA (USA)",07 FEB 2014,984
597,4:11.67,Luke GAVIGAN,,USA,2f3,,"New York, NY (USA)",16 MAR 2014,984
599,4:11.68,Jakub ŽIVEC,23 NOV 1990,CZE,4,,"Clemson, SC (USA)",01 MAR 2014,984
600,4:11.69,Ben GROLEAU,1993,USA,6h4,,"Boston, MA (USA)",08 MAR 2014,984
601,4:11.70,Trevor VAN ACKEREN,01 AUG 1989,USA,8f1,,"New York, NY (USA)",01 FEB 2014,984
601,4:11.70,Zach SWITAJ,,USA,8f2,,"Boston, MA (USA)",02 MAR 2014,984
603,4:11.71,Carl HIRSH,,USA,2f3,,"Madison, WI (USA)",21 FEB 2014,983
604,4:11.72,Connor ROSE,,USA,10f5,,"Boston, MA (USA)",08 FEB 2014,983
604,4:11.72,Joel HUBBARD,03 JUL 1994,USA,1h3,,"Clemson, SC (USA)",28 FEB 2014,983
606,4:11.73,Martin CASSE,23 JUN 1990,FRA,1f1,,"College Station, TX (USA)",17 JAN 2014,983
606,4:11.73,Wilkerson GIVEN,14 APR 1991,USA,12,,"Blacksburg, VA (USA)",07 FEB 2014,983
606,4:11.73,Silas KISORIO,08 JAN 1983,KEN,1f3,,"Norman, OK (USA)",08 FEB 2014,983
606,4:11.73,Chip JACKSON,,USA,2f2,,"Nampa, ID (USA)",22 FEB 2014,983
610,4:11.78,Ryan TILOTTA,,USA,3,,"Lincoln, NE (USA)",25 JAN 2014,983
611,4:11.79,Dillon HINEN,29 AUG 1993,USA,1f1,,"West Lafayette, IN (USA)",15 FEB 2014,982
612,4:11.84,Cameron VILLAREAL,12 JUL 1995,USA,3,,"Fayetteville, AR (USA)",01 FEB 2014,982
613,4:11.85,Mark SHAW,26 JAN 1994,GBR,10f1,,"Birmingham, AL (USA)",18 JAN 2014,982
613,4:11.85,Michael LEDERHOUSE,09 JAN 1994,USA,3f1,,"University Park, PA (USA)",18 JAN 2014,982
615,4:11.86,Alexander FREEMANTLE,16 MAY 1995,CAN,6f1,,"New York, NY (USA)",14 FEB 2014,982
616,4:11.87,Eric SHELLHORN,,USA,1f2,,"Albuquerque, NM (USA)",01 FEB 2014,981
617,4:11.88,Paul ROSS,,USA,1f3,,"New York, NY (USA)",01 FEB 2014,981
618,4:11.89,Braydon BURLEIGH,11 AUG 1992,USA,1f2,,"Lewisburg, PA (USA)",14 FEB 2014,981
619,4:11.91,Stephen SCHROEDER,,USA,1,,"Annapolis, MD (USA)",11 JAN 2014,981
619,4:11.91,Brian BIEKERT,,USA,1f3,,"New York, NY (USA)",17 JAN 2014,981
619,4:11.91,Brian SULLIVAN,,USA,6h2,,"College Station, TX (USA)",28 FEB 2014,981
622,4:11.92,Troy TAYLOR,16 SEP 1993,USA,2f1,,"Houston, TX (USA)",01 FEB 2014,981
623,4:11.93,Tim GORMAN,05 JUN 1992,USA,1,,"Hanover, NH (USA)",18 JAN 2014,981
623,4:11.93,Coby HOROWITZ,,USA,1f2,,"Brunswick, ME (USA)",18 JAN 2014,981
625,4:11.94,Grant WINTHEISER,,USA,1f3,,"Collegeville, MN (USA)",07 MAR 2014,981
626,4:11.96,Nick HALL,,USA,2f2,,"Hillsdale, MI (USA)",02 MAR 2014,980
627,4:11.97,Ethan HEYWOOD,08 DEC 1992,AUS,8f2,,"New York, NY (USA)",01 FEB 2014,980
627,4:11.97,Kevin HANDSHOE,08 MAR 1993,USA,2f1,,"West Lafayette, IN (USA)",15 FEB 2014,980
627,4:11.97,Sean RYNNING,,USA,2f2,,"Lewisburg, PA (USA)",23 FEB 2014,980
630,4:11.98,Lance ROLLER,24 MAY 1990,USA,5f2,,"Bloomington, IN (USA)",31 JAN 2014,980
630,4:11.98,Nick RYAN,,USA,2f8,,"Boston, MA (USA)",08 FEB 2014,980
630,4:11.98,Grant WINTHEISER,,USA,1f2,,"Northfield, MN (USA)",22 FEB 2014,980
633,4:12.00,Josh SABO,28 MAY 1993,USA,2,,"Columbus, OH (USA)",10 JAN 2014,980
633,4:12.00,Garrett LEE,21 MAR 1993,USA,4f4,,"Champaign, IL (USA)",18 JAN 2014,980
635,4:12.01,Charles COOPER,29 FEB 1996,CAN,2,,"Reggie Lewis Center, Boston, MA (USA)",08 FEB 2014,980
635,4:12.01,John KLECKER,,USA,4f3,,"Lincoln, NE (USA)",21 FEB 2014,980
635,4:12.01,Quinn DAVIS,,USA,6h1,,"Boston, MA (USA)",08 MAR 2014,980
638,4:12.03,Matt GILLETTE,31 MAY 1991,USA,2f2,,"Lewisburg, PA (USA)",14 FEB 2014,980
639,4:12.04,Phillip PRIMEAUX,18 DEC 1991,USA,7h2,,"College Station, TX (USA)",28 FEB 2014,979
640,4:12.05,Jeremy GREENWALD,20 JUL 1993,USA,5,,"Clemson, SC (USA)",01 MAR 2014,979
641,4:12.07,Henry STERLING,19 JUL 1991,USA,2,,"Hanover, NH (USA)",18 JAN 2014,979
641,4:12.07,Bakri ABUSHOUK,,USA,7f1,,"Winston Salem, NC (USA)",15 FEB 2014,979
643,4:12.08,Jason CRIST,16 OCT 1993,USA,1,,"West Lafayette, IN (USA)",18 JAN 2014,979
643,4:12.08,Garrett LEE,21 MAR 1993,USA,6f2,,"Bloomington, IN (USA)",31 JAN 2014,979
645,4:12.09,Max STRANEVA,02 MAY 1992,USA,1,,"Ithaca, NY (USA)",25 JAN 2014,979
645,4:12.09,Aaron RAMIREZ,18 FEB 1992,USA,6f1,,"Blacksburg, VA (USA)",21 FEB 2014,979
645,4:12.09,Zach SULLIVAN,,USA,2f2,,"Providence, RI (USA)",23 FEB 2014,979
648,4:12.10,Dylan SORENSEN,,USA,2,,"Bethesda, MD (USA)",24 JAN 2014,979
648,4:12.10,Ryan GIL,,USA,8,,"New York, NY (USA)",22 FEB 2014,979
650,4:12.14,Tony RUSSELL,,USA,4,,"New York, NY (USA)",15 FEB 2014,978
651,4:12.17,Gabe GONZALEZ,,USA,2,,"Fayetteville, AR (USA)",17 JAN 2014,978
651,4:12.17,Alexander WALLACE,25 MAR 1990,NZL,1,,"Cambridge, MA (USA)",19 JAN 2014,978
653,4:12.18,Harald KÅRBÖ,18 MAY 1992,NOR,1f2,,"Mankato, MN (USA)",08 FEB 2014,978
654,4:12.20,Nicholas FALK,21 JAN 1991,CAN,1,,"Findlay, OH (USA)",25 JAN 2014,977
654,4:12.20,Jake ALBINO,23 JUN 1992,USA,9,,"Boston, MA (USA)",09 MAR 2014,977
656,4:12.22,Eliud Kipngetich RUTTO,13 MAR 1994,KEN,1f2,,"Birmingham, AL (USA)",11 JAN 2014,977
656,4:12.22,Parker DEUEL,22 MAR 1994,USA,7h1,,"College Station, TX (USA)",28 FEB 2014,977
656,4:12.22,Will GEOGHEGAN,15 JUL 1992,USA,3h1,,"Hanover, NH (USA)",01 MAR 2014,977
656,4:12.22,Robert SANDLIN,,USA,4,,"Winston Salem, NC (USA)",15 MAR 2014,977
660,4:12.24,Michael ASAY,,USA,2,,"Bozeman, MT (USA)",24 JAN 2014,977
660,4:12.24,Joe KOTRAN,23 APR 1992,USA,4h2,,"Hanover, NH (USA)",01 MAR 2014,977
662,4:12.25,Andrew COLLEY,01 APR 1991,USA,1,,"Blacksburg, VA (USA)",24 JAN 2014,977
663,4:12.26,Kevin DOCHERTY,13 JUN 1995,USA,3f1,,"Minneapolis, MN (USA)",25 JAN 2014,977
664,4:12.27,Mike HESSLAU,,USA,5f4,,"Champaign, IL (USA)",18 JAN 2014,977
665,4:12.28,Colin BENNIE,03 JUN 1995,USA,3,,"State College, PA (USA)",01 FEB 2014,977
666,4:12.29,Matt GILBERT,,USA,8,,"Lincoln, NE (USA)",08 FEB 2014,976
667,4:12.32,Weston KENNEDY,,USA,2,,"Annapolis, MD (USA)",25 JAN 2014,976
668,4:12.34,Spencer PATTERSON,,USA,4f6,,"Boston, MA (USA)",08 FEB 2014,976
669,4:12.35,Matt CLEAVER,07 NOV 1989,USA,3f1,,"Houston, TX (USA)",01 FEB 2014,976
669,4:12.35,Matthew HILLARD,,USA,5f6,,"Boston, MA (USA)",08 FEB 2014,976
669,4:12.35,Mike HESSLAU,,USA,5f2,,"Nashville, TN (USA)",01 MAR 2014,976
672,4:12.36,Joseph CHAPIN,,USA,1f4,,"Boston, MA (USA)",25 JAN 2014,976
672,4:12.36,Andrew CAREY,,USA,3f8,,"Boston, MA (USA)",08 FEB 2014,976
674,4:12.38,Cole WILLIAMS,19 FEB 1993,USA,3,,"Bethesda, MD (USA)",24 JAN 2014,975
675,4:12.40,Ryan WITTERS,,USA,1f2,,"New York, NY (USA)",08 MAR 2014,975
676,4:12.42,Ben GROLEAU,1993,USA,5f1,,"New Haven, CT (USA)",08 FEB 2014,975
677,4:12.43,Zach HASKINS,,USA,1h1,,"Lincoln, NE (USA)",14 MAR 2014,975
677,4:12.43,Chandler REID,,USA,7h2,,"Winston Salem, NC (USA)",14 MAR 2014,975
679,4:12.44,Ryan WIDZGOWSKI,,USA,2f4,,"Boston, MA (USA)",25 JAN 2014,975
679,4:12.44,Mike ROBINSON,,USA,1f2,,"Lewisburg, PA (USA)",01 MAR 2014,975
681,4:12.45,Henry DWYER,,USA,13,,"Blacksburg, VA (USA)",07 FEB 2014,974
682,4:12.46,Austen DALQUIST,16 NOV 1995,USA,1,,"Fayetteville, AR (USA)",18 JAN 2014,974
683,4:12.49,Andrew SUKEFORTH,21 JAN 1992,USA,8f3,,"Boston, MA (USA)",25 JAN 2014,974
683,4:12.49,Kyle OVERWAY,1993,USA,7,,"Bloomington, IN (USA)",15 FEB 2014,974
685,4:12.50,Brigham HEDGES,28 JUL 1995,USA,7,,"Fayetteville, AR (USA)",01 FEB 2014,974
686,4:12.51,Aaron BARTNIK,,USA,2f1,,"Minneapolis, MN (USA)",18 JAN 2014,974
687,4:12.54,Robby NIERMAN,,USA,2,,"West Lafayette, IN (USA)",18 JAN 2014,973
687,4:12.54,Daniel JASKOWAK,21 APR 1994,USA,14,,"Blacksburg, VA (USA)",07 FEB 2014,973
687,4:12.54,Jeremy DICKIE,,USA,8h1,,"College Station, TX (USA)",28 FEB 2014,973
690,4:12.56,Sean RYNNING,,USA,3,,"Annapolis, MD (USA)",25 JAN 2014,973
690,4:12.56,Thomas AWAD,27 MAY 1994,USA,1,,"Haverford, PA (USA)",25 JAN 2014,973
692,4:12.57,Ed SCHROM,1993,USA,1,,"Clemson, SC (USA)",11 JAN 2014,973
692,4:12.57,James WILSON,1993,USA,1,,"Lawrence, KS (USA)",24 JAN 2014,973
692,4:12.57,Ryan ZILLMAN,,USA,3f4,,"Boston, MA (USA)",25 JAN 2014,973
695,4:12.58,Dylan BLANKENBAKER,06 JAN 1994,USA,3f1,,"College Station, TX (USA)",15 FEB 2014,973
696,4:12.59,Daniel THATER,,USA,2,,"Fayetteville, AR (USA)",10 JAN 2014,973
696,4:12.59,Omar Mohamed ABDI,01 JAN 1991,SOM,2f2,,"Boston, MA (USA)",16 JAN 2014,973
696,4:12.59,Casey ADAMS,,USA,2f2,,"New York, NY (USA)",08 MAR 2014,973
699,4:12.60,Austin WHITELAW,,USA,4f1,,"Birmingham, AL (USA)",11 JAN 2014,973
699,4:12.60,Anthony HILLIMAN,22 JAN 1991,USA,4,,"Lincoln, NE (USA)",25 JAN 2014,973
699,4:12.60,Jacob PETERSON,24 APR 1992,USA,3,,"Whitewater, WI (USA)",31 JAN 2014,973
699,4:12.60,Derrick WILLIAMS,,USA,1,,"Albuquerque, NM (USA)",08 FEB 2014,973
699,4:12.60,DJ THORNTON,,USA,6h1,,"Clemson, SC (USA)",28 FEB 2014,973
704,4:12.64,Michael HART,,USA,2f2,,"Lincoln, NE (USA)",08 FEB 2014,972
705,4:12.65,Mikael RÖJERÅS,1990,SWE,5f2,,"New York, NY (USA)",21 FEB 2014,972
705,4:12.65,Tony RUSSELL,,USA,1,,"University Park, PA (USA)",01 MAR 2014,972
707,4:12.66,Matt SCOTT,,USA,1,,"Stevens Point, WI (USA)",08 FEB 2014,972
708,4:12.67,Tristan WOODFINE,18 JUN 1993,CAN,6f6,,"Boston, MA (USA)",08 FEB 2014,972
708,4:12.67,Amon TERER,06 APR 1992,KEN,8f1,,"Winston Salem, NC (USA)",15 FEB 2014,972
710,4:12.68,Daniel DENIS,,USA,6f1,,"New Haven, CT (USA)",08 FEB 2014,972
710,4:12.68,Ethan HEYWOOD,08 DEC 1992,AUS,6f2,,"New York, NY (USA)",21 FEB 2014,972
712,4:12.69,John STANSEL,,USA,4f2,,"Boston, MA (USA)",01 MAR 2014,972
713,4:12.70,Jacob KIRK,27 JUL 1992,USA,1,,"Gillette, WY (USA)",31 JAN 2014,971
713,4:12.70,Coby HOROWITZ,,USA,2h1,,"Lincoln, NE (USA)",14 MAR 2014,971
715,4:12.71,Ian MILDER,05 JAN 1996,USA,9f1,,"Winston Salem, NC (USA)",15 FEB 2014,971
715,4:12.71,Wylie MANGELSDORF,,USA,3h1,,"Lincoln, NE (USA)",14 MAR 2014,971
715,4:12.71,Dylan LAFOND,18 MAR 1993,USA,5,,"Winston Salem, NC (USA)",15 MAR 2014,971
718,4:12.72,Alec KUNZWEILER,08 MAY 1995,USA,6f1,,"New York, NY (USA)",08 FEB 2014,971
718,4:12.72,James RANDON,16 JUN 1994,USA,3f2,,"New Haven, CT (USA)",15 FEB 2014,971
718,4:12.72,Will SHEERAN,26 JAN 1994,USA,4h1,,"Hanover, NH (USA)",01 MAR 2014,971
721,4:12.73,Jake EDWARDS,27 APR 1988,USA,1,,"Columbus, OH (USA)",07 DEC 2013,971
721,4:12.73,Robert DOMANIC,10 MAR 1995,USA,1f2,,"New York, NY (USA)",08 FEB 2014,971
723,4:12.74,Zack MAYHEW,27 NOV 1989,USA,10f1,,"Bloomington, IN (USA)",31 JAN 2014,971
723,4:12.74,Adam GOODWIN,,USA,1f3,,"Norman, OK (USA)",15 FEB 2014,971
725,4:12.75,Chris BODARY,07 MAR 1990,USA,15,,"Blacksburg, VA (USA)",07 FEB 2014,971
725,4:12.75,George GALASSO,,USA,5h2,,"Hanover, NH (USA)",01 MAR 2014,971
727,4:12.76,Alex BALSIGER,20 JAN 1991,USA,9,,"Lincoln, NE (USA)",08 FEB 2014,971
728,4:12.77,John CORDOVA,,USA,2,,"Albuquerque, NM (USA)",08 FEB 2014,971
729,4:12.78,Henry WYNNE,18 APR 1995,USA,2h3,,"Clemson, SC (USA)",28 FEB 2014,971
730,4:12.80,Clark SHURTLEFF,1994,USA,2,,"Haverford, PA (USA)",25 JAN 2014,970
730,4:12.80,Evan ESSELINK,28 FEB 1992,CAN,7f2,,"Bloomington, IN (USA)",31 JAN 2014,970
730,4:12.80,Jeremy RAE,19 MAY 1991,CAN,3h3,,"Clemson, SC (USA)",28 FEB 2014,970
730,4:12.80,Sam DICKERSON,,USA,10,,"College Station, TX (USA)",01 MAR 2014,970
730,4:12.80,Jamie NORTON,,USA,10,,"Lincoln, NE (USA)",15 MAR 2014,970
735,4:12.81,Andrew GARCIA-GARRISON,29 APR 1993,USA,4,,"State College, PA (USA)",01 FEB 2014,970
736,4:12.83,Evan ESSELINK,28 FEB 1992,CAN,3,,"West Lafayette, IN (USA)",18 JAN 2014,970
736,4:12.83,Quinn DAVIS,,USA,7f1,,"New Haven, CT (USA)",08 FEB 2014,970
738,4:12.84,Chris KIBLER,,USA,4h1,,"Lincoln, NE (USA)",14 MAR 2014,970
739,4:12.85,Cole O'BRIEN,,USA,2f1,,"Minneapolis, MN (USA)",21 FEB 2014,970
740,4:12.87,Chris KWIATKOWSKI,,USA,1f2,,"College Park, MD (USA)",18 JAN 2014,969
741,4:12.88,Alejandro VALENCIA,,USA,4f1,,"Houston, TX (USA)",01 FEB 2014,969
741,4:12.88,Corentin LOUIS,12 OCT 1993,BEL,2,,"Birmingham, AL (USA)",27 FEB 2014,969
743,4:12.89,Jacob PETERSON,24 APR 1992,USA,2f2,,"Whitewater, WI (USA)",28 FEB 2014,969
744,4:12.91,Nephat MARITIM,,KEN,4f4,,"Boston, MA (USA)",25 JAN 2014,969
744,4:12.91,Dustin WILSON,03 FEB 1994,USA,2f3,,"New York, NY (USA)",01 FEB 2014,969
744,4:12.91,Garrett O'TOOLE,22 MAR 1996,USA,9,,"Boston, MA (USA)",23 FEB 2014,969
744,4:12.91,Austin O'BRIEN,,USA,1h2,,"Lincoln, NE (USA)",14 MAR 2014,969
748,4:12.92,Jacob DUMFORD,,USA,2f2,,"Albuquerque, NM (USA)",01 FEB 2014,969
748,4:12.92,Antony TAYLOR,,USA,8f1,,"New Haven, CT (USA)",08 FEB 2014,969
748,4:12.92,Ben GROLEAU,1993,USA,3f2,,"Providence, RI (USA)",23 FEB 2014,969
751,4:12.94,Aubrey MYJER,,USA,3f3,,"New York, NY (USA)",01 FEB 2014,969
752,4:12.95,Joseph GILHULEY,25 JUL 1991,USA,9f3,,"Boston, MA (USA)",25 JAN 2014,969
752,4:12.95,Sam VINCENT,1992,CAN,4f1,,"Minneapolis, MN (USA)",25 JAN 2014,969
754,4:12.96,Chris KWIATKOWSKI,,USA,3f1,,"Fairfax, VA (USA)",01 FEB 2014,968
754,4:12.96,Brian TABB,,USA,6f2,,"Birmingham, AL (USA)",01 MAR 2014,968
756,4:12.97,Nolan FIFE,26 NOV 1991,USA,8,,"Bloomington, IN (USA)",24 JAN 2014,968
756,4:12.97,William BROCKMUELLER,,USA,3f2,,"Lincoln, NE (USA)",08 FEB 2014,968
758,4:12.99,Cole TOEPFER,,USA,5f1,,"Minneapolis, MN (USA)",25 JAN 2014,968
758,4:12.99,Chandler REID,,USA,6,,"Winston Salem, NC (USA)",15 MAR 2014,968
760,4:13.00,Ryan MANAHAN,14 JUL 1994,USA,1h2,,"New York, NY (USA)",21 FEB 2014,968
761,4:13.01,Alec KUNZWEILER,08 MAY 1995,USA,2,,"Chapel Hill, NC (USA)",24 JAN 2014,968
761,4:13.01,Nick ROSS,11 NOV 1991,USA,4,,"Bethesda, MD (USA)",24 JAN 2014,968
763,4:13.02,Ben RAVETZ,,USA,3f2,,"Lewisburg, PA (USA)",23 FEB 2014,968
764,4:13.03,Jonathan ANNELLI,,USA,1f9,,"Boston, MA (USA)",08 FEB 2014,968
765,4:13.04,Mark CHANDLER,,USA,8f2,,"Bloomington, IN (USA)",31 JAN 2014,967
765,4:13.04,Kenny HALLORAN,,USA,2f1,,"Oshkosh, WI (USA)",07 FEB 2014,967
767,4:13.05,Brian GOHLKE,18 MAY 1993,USA,1,,"Manhattan, KS (USA)",18 JAN 2014,967
767,4:13.05,David CHORNEY,04 AUG 1987,USA,10f3,,"Boston, MA (USA)",25 JAN 2014,967
769,4:13.06,Jacob HAYES,,USA,1f10,,"Boston, MA (USA)",08 FEB 2014,967
770,4:13.07,Cosmas BOIT,,KEN,2,,"Albuquerque, NM (USA)",18 JAN 2014,967
770,4:13.07,Michael WILLIAMS,08 JUN 1989,USA,6h2,,"Albuquerque, NM (USA)",14 MAR 2014,967
772,4:13.08,Rob NAPOLITANO,03 NOV 1994,USA,7f1,,"New York, NY (USA)",08 FEB 2014,967
773,4:13.11,Sam PONS,1992,USA,1,,"Annapolis, MD (USA)",05 JAN 2014,967
773,4:13.11,Jake POYNER,,USA,6h2,,"Clemson, SC (USA)",28 FEB 2014,967
775,4:13.12,Austin MUDD,13 MAY 1993,USA,9,,"Fayetteville, AR (USA)",14 FEB 2014,966
775,4:13.12,Michael O'DONNELL,,USA,1h1,,"New York, NY (USA)",28 FEB 2014,966
777,4:13.13,David BROWN,18 NOV 1990,USA,3f2,,"Boston, MA (USA)",16 JAN 2014,966
777,4:13.13,Kyle GRAVES,,USA,4h3,,"Clemson, SC (USA)",28 FEB 2014,966
777,4:13.13,Eli HORTON,,USA,1f2,,"Decorah, IA (USA)",01 MAR 2014,966
777,4:13.13,Samuel BAXTER,1994,CAN,5h2,,"Boston, MA (USA)",08 MAR 2014,966
781,4:13.14,Thomas MOORE,,USA,2,,"Annapolis, MD (USA)",11 JAN 2014,966
781,4:13.14,Reed CONNOR,25 SEP 1990,USA,2f2,,"New York, NY (USA)",08 FEB 2014,966
781,4:13.14,Martin MARTINEZ,06 MAY 1995,USA,2f7,,"Boston, MA (USA)",08 FEB 2014,966
784,4:13.15,Jamie NORTON,,USA,2f2,,"Cambridge, MA (USA)",22 FEB 2014,966
785,4:13.17,Andrew STEWART,,USA,2h1,,"New York, NY (USA)",28 FEB 2014,966
785,4:13.17,Izaic YORKS,17 APR 1994,USA,7h2,,"Albuquerque, NM (USA)",14 MAR 2014,966
787,4:13.18,Austin BUSSING,17 APR 1990,USA,5f1,,"Houston, TX (USA)",01 FEB 2014,966
788,4:13.19,Will BREWSTER,,USA,6f4,,"Champaign, IL (USA)",18 JAN 2014,966
789,4:13.20,Ryan WIDZGOWSKI,,USA,1f1,,"Hanover, NH (USA)",01 FEB 2014,966
789,4:13.20,Ethan HEYWOOD,08 DEC 1992,AUS,11f5,,"Boston, MA (USA)",08 FEB 2014,966
791,4:13.21,Jake ALBINO,23 JUN 1992,USA,3f2,,"New York, NY (USA)",24 FEB 2014,965
791,4:13.21,Michael O'DONNELL,,USA,1,,"New York, NY (USA)",01 MAR 2014,965
793,4:13.22,Matti GROLL,08 MAY 1995,FIN,12f5,,"Boston, MA (USA)",08 FEB 2014,965
793,4:13.22,Eric HOLT,12 MAY 1995,USA,4f2,,"New York, NY (USA)",24 FEB 2014,965
795,4:13.23,Eric RYAN,24 NOV 1986,USA,2f9,,"Boston, MA (USA)",08 FEB 2014,965
795,4:13.23,Futsum ZIENASELLASSIE,16 DEC 1992,ERI,8,,"Albuquerque, NM (USA)",15 FEB 2014,965
797,4:13.24,Chris KIBLER,,USA,5f4,,"Boston, MA (USA)",25 JAN 2014,965
797,4:13.24,Tyler UDLAND,18 MAR 1992,USA,9f2,,"New York, NY (USA)",01 FEB 2014,965
799,4:13.25,Collin MULCAHY,,USA,1f5,,"Boston, MA (USA)",25 JAN 2014,965
799,4:13.25,Brian BAUM,,USA,1f1,,"Findlay, OH (USA)",31 JAN 2014,965
801,4:13.26,Logan MOHN,,USA,2f2,,"New York, NY (USA)",14 FEB 2014,965
801,4:13.26,Josh DAVIS,,USA,1f2,,"College Station, TX (USA)",15 FEB 2014,965
801,4:13.26,Robert DENAULT,27 APR 1993,CAN,9,,"New York, NY (USA)",22 FEB 2014,965
804,4:13.27,Brigham HEDGES,28 JUL 1995,USA,2,,"Manhattan, KS (USA)",18 JAN 2014,965
804,4:13.27,William ROBERTS,,USA,2f2,,"College Station, TX (USA)",15 FEB 2014,965
804,4:13.27,Andre IVANKOVIC,,USA,4f2,,"New Haven, CT (USA)",15 FEB 2014,965
804,4:13.27,Ryan STEINBOCK,,USA,1,,"Carlisle, PA (USA)",15 FEB 2014,965
804,4:13.27,Zach HASKINS,,USA,3f1,,"Minneapolis, MN (USA)",21 FEB 2014,965
804,4:13.27,Bryan FOWLER,,USA,3h1,,"New York, NY (USA)",28 FEB 2014,965
810,4:13.29,Nick HALL,,USA,2f1,,"Findlay, OH (USA)",31 JAN 2014,964
810,4:13.29,Matt DANIELS,28 APR 1988,USA,1h1,,"Winston Salem, NC (USA)",14 MAR 2014,964
812,4:13.30,James DWYER,17 MAY 1993,USA,7h1,,"Clemson, SC (USA)",28 FEB 2014,964
812,4:13.30,Matt SCOTT,,USA,2h2,,"Lincoln, NE (USA)",14 MAR 2014,964
814,4:13.31,Luis ROMERO,26 MAY 1994,USA,2f3,,"Norman, OK (USA)",15 FEB 2014,964
814,4:13.31,Jordan WILLIAMSZ,21 AUG 1992,AUS,2h2,,"New York, NY (USA)",21 FEB 2014,964
814,4:13.31,Curtis KING,,USA,6h3,,"Boston, MA (USA)",08 MAR 2014,964
817,4:13.32,Josh SABO,28 MAY 1993,USA,4f1,,"University Park, PA (USA)",18 JAN 2014,964
818,4:13.34,Joseph MCCONAUGHY,,USA,4f1,,"Boston, MA (USA)",15 FEB 2014,964
818,4:13.34,Mattias WOLTER,27 MAR 1991,CAN,2,,"New York, NY (USA)",01 MAR 2014,964
820,4:13.35,Jack BOYLE,,USA,10f2,,"New York, NY (USA)",01 FEB 2014,964
820,4:13.35,Ryan WIDZGOWSKI,,USA,3h2,,"Lincoln, NE (USA)",14 MAR 2014,964
822,4:13.36,Derek STORKEL,13 FEB 1991,USA,4f1,,"Minneapolis, MN (USA)",21 FEB 2014,964
822,4:13.36,Jacob AUTIO,,USA,3,,"Cedar Falls, IA (USA)",02 MAR 2014,964
822,4:13.36,Wilder SCHAAF,03 APR 1992,USA,4h2,,"Lincoln, NE (USA)",14 MAR 2014,964
825,4:13.37,Paul ZEMAN,,USA,7f4,,"Champaign, IL (USA)",18 JAN 2014,963
825,4:13.37,Robert DENAULT,27 APR 1993,CAN,1h1,,"New York, NY (USA)",21 FEB 2014,963
825,4:13.37,Oscar MEDINA,,USA,4,,"Cedar Falls, IA (USA)",02 MAR 2014,963
828,4:13.39,Corentin LOUIS,12 OCT 1993,BEL,1f1,,"Birmingham, AL (USA)",08 FEB 2014,963
829,4:13.40,Brady TURNBULL,,USA,3,,"Fayetteville, AR (USA)",17 JAN 2014,963
829,4:13.40,Wylie MANGELSDORF,,USA,1f1,,"Jacksonville, FL (USA)",08 FEB 2014,963
829,4:13.40,Wylie MANGELSDORF,,USA,1,,"Jacksonville, FL (USA)",08 FEB 2014,963
829,4:13.40,Ryan GIL,,USA,2h1,,"New York, NY (USA)",21 FEB 2014,963
833,4:13.41,Eric HOLT,12 MAY 1995,USA,5,,"State College, PA (USA)",01 FEB 2014,963
834,4:13.42,Jake POYNER,,USA,16,,"Blacksburg, VA (USA)",07 FEB 2014,963
834,4:13.42,Robbie SCHAROLD,05 MAY 1992,USA,8h2,,"College Station, TX (USA)",28 FEB 2014,963
836,4:13.46,Sam PECKHAM,07 FEB 1994,USA,4,,"Annapolis, MD (USA)",25 JAN 2014,962
836,4:13.46,Austin O'BRIEN,,USA,2f2,,"Decorah, IA (USA)",01 MAR 2014,962
838,4:13.48,Nick THORP,,USA,4,,"Fayetteville, AR (USA)",01 FEB 2014,962
838,4:13.48,Austin O'NEIL,07 NOV 1993,USA,1f2,,"College Station, TX (USA)",08 FEB 2014,962
840,4:13.49,James DWYER,17 MAY 1993,USA,4f1,,"College Station, TX (USA)",15 FEB 2014,962
840,4:13.49,Tyler SCHICKEL,,USA,1f3,,"Indianapolis, IN (USA)",01 MAR 2014,962
842,4:13.52,Avery MARTIN,,USA,7h1,,"Boston, MA (USA)",08 MAR 2014,962
843,4:13.54,Austin WHITELAW,,USA,4f1,,"College Station, TX (USA)",08 FEB 2014,961
843,4:13.54,Julian OAKLEY,23 JUN 1993,NZL,3h2,,"New York, NY (USA)",21 FEB 2014,961
845,4:13.55,Daniel STOCKBERGER,23 JUN 1988,USA,11f1,,"Bloomington, IN (USA)",31 JAN 2014,961
845,4:13.55,Brian SCHOEPFER,,USA,6,,"Clemson, SC (USA)",01 MAR 2014,961
847,4:13.56,Spencer AGNEW,30 JUN 1991,USA,3h1,,"New York, NY (USA)",21 FEB 2014,961
848,4:13.57,Josh DAVIS,,USA,3f1,,"Findlay, OH (USA)",31 JAN 2014,961
848,4:13.57,Dorian MCCRADIC,,USA,3f3,,"Norman, OK (USA)",15 FEB 2014,961
848,4:13.57,Tom CURR,06 SEP 1992,GBR,4h1,,"New York, NY (USA)",21 FEB 2014,961
851,4:13.59,Ricky PEREZ,,USA,3f2,,"Hillsdale, MI (USA)",02 MAR 2014,961
852,4:13.60,Nicholas BERTOLINE,,USA,3,,"New York, NY (USA)",01 MAR 2014,961
852,4:13.60,Garrett O'TOOLE,22 MAR 1996,USA,3f3,,"New York, NY (USA)",16 MAR 2014,961
854,4:13.61,Zach SULLIVAN,,USA,5,,"Bethesda, MD (USA)",24 JAN 2014,961
855,4:13.62,Bryan FOWLER,,USA,4,,"New York, NY (USA)",01 MAR 2014,961
855,4:13.62,Andrew STEWART,,USA,5,,"New York, NY (USA)",01 MAR 2014,961
857,4:13.63,Matt DORSEY,,USA,10f1,,"Albuquerque, NM (USA)",01 FEB 2014,960
857,4:13.63,Jamie NORTON,,USA,5h2,,"Lincoln, NE (USA)",14 MAR 2014,960
859,4:13.65,Daniel PORTER,10 DEC 1991,USA,4,,"West Lafayette, IN (USA)",18 JAN 2014,960
859,4:13.65,Michael ASAY,,USA,1,,"Bozeman, MT (USA)",14 FEB 2014,960
861,4:13.66,Adam VISOKAY,11 MAR 1994,USA,17,,"Blacksburg, VA (USA)",07 FEB 2014,960
862,4:13.67,Chris DEFABIO,,USA,6,,"New York, NY (USA)",01 MAR 2014,960
863,4:13.69,Daniel TOBIN,,USA,7f1,,"Fayetteville, AR (USA)",14 FEB 2014,960
863,4:13.69,Matthew GILLESPIE,04 NOV 1990,GBR,8h2,,"Albuquerque, NM (USA)",14 MAR 2014,960
865,4:13.71,Chris KIBLER,,USA,3f2,,"Cambridge, MA (USA)",22 FEB 2014,959
865,4:13.71,Jacob PETERSON,24 APR 1992,USA,6h2,,"Lincoln, NE (USA)",14 MAR 2014,959
867,4:13.72,Drew PAISLEY,08 JUN 1992,USA,18,,"Blacksburg, VA (USA)",07 FEB 2014,959
867,4:13.72,Chris LOWREY,17 MAR 1994,USA,4f3,,"Norman, OK (USA)",15 FEB 2014,959
869,4:13.73,Justin EILERMAN,,USA,3f9,,"Boston, MA (USA)",08 FEB 2014,959
869,4:13.73,Shaun THOMPSON,14 JUN 1993,USA,7f1,,"Blacksburg, VA (USA)",21 FEB 2014,959
871,4:13.74,Ezekiel KISSORIO,25 AUG 1989,USA,4,,"College Station, TX (USA)",25 JAN 2014,959
872,4:13.77,Ryan WALLING,10 DEC 1992,USA,3,,"Chapel Hill, NC (USA)",24 JAN 2014,959
872,4:13.77,John KLECKER,,USA,2f2,,"Mankato, MN (USA)",08 FEB 2014,959
872,4:13.77,Robert MURPHY,,USA,2f2,,"New York, NY (USA)",08 MAR 2014,959
875,4:13.78,Tre'tez KINNAIRD,13 JAN 1995,USA,9f2,,"Bloomington, IN (USA)",31 JAN 2014,959
875,4:13.78,Dawson MILLER,,USA,4,,"Whitewater, WI (USA)",31 JAN 2014,959
877,4:13.79,Uģis JOCIS,13 SEP 1993,LAT,1,,"Wichita, KS (USA)",01 FEB 2014,958
877,4:13.79,Valentinas RUDYS,14 FEB 1992,LTU,3,,"Birmingham, AL (USA)",27 FEB 2014,958
877,4:13.79,Christopher WEBB,,USA,3f2,,"New York, NY (USA)",08 MAR 2014,958
880,4:13.83,Antony TAYLOR,,USA,5f2,,"Boston, MA (USA)",01 MAR 2014,958
881,4:13.84,Michael O'DONNELL,,USA,3f2,,"New York, NY (USA)",14 FEB 2014,958
882,4:13.85,Matt SCOTT,,USA,3f2,,"Whitewater, WI (USA)",28 FEB 2014,958
883,4:13.86,Nathan COLLIER,,USA,1,,"College Station, TX (USA)",18 JAN 2014,958
883,4:13.86,Drew BUTLER,11 OCT 1990,USA,2,,"Cambridge, MA (USA)",19 JAN 2014,958
883,4:13.86,Graham HUGGINS-FILOZOF,,USA,2f5,,"Boston, MA (USA)",25 JAN 2014,958
883,4:13.86,James BURKE,,USA,5,,"New York, NY (USA)",15 FEB 2014,958
883,4:13.86,Christian ALVARADO,01 FEB 1996,USA,3f2,,"New York, NY (USA)",08 MAR 2014,958
888,4:13.87,Kevin COLON,,USA,3,,"Manhattan, KS (USA)",18 JAN 2014,958
888,4:13.87,Kevyn HOYOS,,USA,2,,"Ithaca, NY (USA)",25 JAN 2014,958
890,4:13.89,John PRIZZI,15 JUN 1993,USA,1f1,,"Boston, MA (USA)",24 JAN 2014,957
890,4:13.89,Chandler DYE,,USA,1f2,,"Fayetteville, AR (USA)",14 FEB 2014,957
890,4:13.89,Braydon BURLEIGH,11 AUG 1992,USA,2f2,,"Lewisburg, PA (USA)",01 MAR 2014,957
893,4:13.90,Micah CHELIMO,,KEN,3f2,,"Nampa, ID (USA)",22 FEB 2014,957
894,4:13.91,Austin O'BRIEN,,USA,2f1,,"Stevens Point, WI (USA)",08 MAR 2014,957
895,4:13.92,DJ THORNTON,,USA,3f2,,"Albuquerque, NM (USA)",01 FEB 2014,957
895,4:13.92,Bobby PEAVEY,13 MAR 1991,USA,5h1,,"New York, NY (USA)",21 FEB 2014,957
895,4:13.92,Tommy O'KANE,15 JUL 1991,USA,7h4,,"Boston, MA (USA)",08 MAR 2014,957
898,4:13.93,Wesley PECTOL,18 APR 1996,USA,4f3,,"New York, NY (USA)",16 MAR 2014,957
899,4:13.94,Robbie MARTINEZ-GARCIA,,USA,5,,"Lincoln, NE (USA)",25 JAN 2014,957
900,4:13.95,Alec ESPELAND,04 FEB 1991,USA,2f2,,"Fort Wayne, IN (USA)",01 MAR 2014,957
901,4:13.96,Paul THISTLE,,USA,2f2,,"College Park, MD (USA)",18 JAN 2014,956
901,4:13.96,Jacob SUSSMAN,,USA,4f1,,"Findlay, OH (USA)",31 JAN 2014,956
901,4:13.96,Brett KUBIAK,,USA,1f1,,"Fairfax, VA (USA)",02 MAR 2014,956
904,4:13.98,Josh ROCHE,03 NOV 1992,USA,9,,"Bloomington, IN (USA)",24 JAN 2014,956
904,4:13.98,Craig ENGELS,01 MAY 1994,USA,8h1,,"Clemson, SC (USA)",28 FEB 2014,956
904,4:13.98,Nate MCCLAFFERTY,07 JAN 1993,USA,7,,"Clemson, SC (USA)",01 MAR 2014,956
907,4:13.99,Brian COOK,07 MAY 1996,USA,6,,"New York, NY (USA)",15 FEB 2014,956
908,4:14.00,Tom ANDERSON,12 JAN 1990,GBR,1,,"Fort Wayne, IN (USA)",07 DEC 2013,956
908,4:14.00,Josh LUND,27 APR 1989,USA,3f3,,"Madison, WI (USA)",21 FEB 2014,956
910,4:14.01,Jeremy DICKIE,,USA,2f2,,"Fayetteville, AR (USA)",14 FEB 2014,956
911,4:14.02,Byron JONES,27 MAY 1992,USA,7f1,,"New York, NY (USA)",14 FEB 2014,956
912,4:14.03,Daniel NESTOR,09 JUL 1993,USA,6h2,,"Hanover, NH (USA)",01 MAR 2014,956
912,4:14.03,Charlie MARQUARDT,,USA,1f3,,"Haverford, PA (USA)",02 MAR 2014,956
914,4:14.04,Deon CLIFFORD,,USA,1f1,,"Clemson, SC (USA)",01 FEB 2014,956
914,4:14.04,Kyle DUVALL,10 OCT 1994,USA,8,,"Bloomington, IN (USA)",15 FEB 2014,956
916,4:14.05,Blaise BINNS,,USA,2f1,,"Birmingham, AL (USA)",08 FEB 2014,955
916,4:14.05,Daniel TOBIN,,USA,5f1,,"College Station, TX (USA)",08 FEB 2014,955
916,4:14.05,Louis SERAFINI,20 SEP 1991,USA,7f6,,"Boston, MA (USA)",08 FEB 2014,955
916,4:14.05,Liam PURDY,,USA,7,,"New York, NY (USA)",15 FEB 2014,955
920,4:14.06,Alex DEIR,24 NOV 1991,USA,3f2,,"New York, NY (USA)",08 FEB 2014,955
920,4:14.06,Scott BOIKO,,USA,4f9,,"Boston, MA (USA)",08 FEB 2014,955
922,4:14.07,Angus BALDWIN,22 OCT 1992,AUS,3f1,,"Birmingham, AL (USA)",08 FEB 2014,955
922,4:14.07,William MCREYNOLDS,,USA,3f7,,"Boston, MA (USA)",08 FEB 2014,955
922,4:14.07,David TIMLIN,10 JUN 1994,USA,1h1,,"Cedar Falls, IA (USA)",01 MAR 2014,955
925,4:14.08,Max DARRAH,14 JAN 1992,USA,6,,"State College, PA (USA)",01 FEB 2014,955
925,4:14.08,Austin CARTER,1993,USA,4h1,,"New York, NY (USA)",28 FEB 2014,955
927,4:14.09,Oliver BOOK,11 SEP 1990,USA,5h1,,"New York, NY (USA)",28 FEB 2014,955
928,4:14.11,Raymond JOSEPH,,USA,5,,"Fayetteville, AR (USA)",01 FEB 2014,955
929,4:14.12,Andre IVANKOVIC,,USA,7h2,,"Hanover, NH (USA)",01 MAR 2014,955
930,4:14.13,Gabe MONTAGUE,,USA,3,,"Reggie Lewis Center, Boston, MA (USA)",08 FEB 2014,954
930,4:14.13,Matti GROLL,08 MAY 1995,FIN,6f2,,"Boston, MA (USA)",01 MAR 2014,954
932,4:14.14,Julien WOLF,1991,GER,6h1,,"New York, NY (USA)",28 FEB 2014,954
933,4:14.15,Tahir CHAKISSO,,USA,1f2,,"Minneapolis, MN (USA)",25 JAN 2014,954
933,4:14.15,Oscar MEDINA,,USA,1,,"Carbondale, IL (USA)",08 FEB 2014,954
933,4:14.15,William MULLOY,,USA,1f2,,"New York, NY (USA)",15 MAR 2014,954
936,4:14.17,Michael CASTEL,,USA,2,,"Carbondale, IL (USA)",08 FEB 2014,954
937,4:14.18,Eric DELVO,,USA,10f2,,"Bloomington, IN (USA)",31 JAN 2014,954
937,4:14.18,Henry WYNNE,18 APR 1995,USA,8,,"Clemson, SC (USA)",01 MAR 2014,954
937,4:14.18,Will SHEERAN,26 JAN 1994,USA,8,,"Hanover, NH (USA)",02 MAR 2014,954
940,4:14.19,Brandon DOUGHTY,14 MAY 1993,USA,4f2,,"New York, NY (USA)",08 FEB 2014,954
940,4:14.19,Dylan LAFOND,18 MAR 1993,USA,2h1,,"Winston Salem, NC (USA)",14 MAR 2014,954
942,4:14.20,Nathan FISHER,,USA,1,,"West Point, NY (USA)",07 DEC 2013,954
943,4:14.21,Chris DEFABIO,,USA,1h2,,"New York, NY (USA)",28 FEB 2014,953
943,4:14.21,Dawson MILLER,,USA,4f2,,"Whitewater, WI (USA)",28 FEB 2014,953
945,4:14.23,Anthony BELLITTI,,USA,5f1,,"Boston, MA (USA)",15 FEB 2014,953
946,4:14.24,Alexander ROSE,10 APR 1991,AUS,9,,"Clemson, SC (USA)",01 MAR 2014,953
947,4:14.25,Kyle WALTER,1992,USA,2f2,,"College Station, TX (USA)",08 FEB 2014,953
948,4:14.27,Parker DEUEL,22 MAR 1994,USA,10,,"Fayetteville, AR (USA)",14 FEB 2014,953
948,4:14.27,Michael KERSHAW,03 NOV 1990,GBR,4,,"Birmingham, AL (USA)",27 FEB 2014,953
950,4:14.29,Brian SULLIVAN,,USA,19,,"Blacksburg, VA (USA)",07 FEB 2014,953
950,4:14.29,James WEIDER,11 SEP 1989,USA,5f9,,"Boston, MA (USA)",08 FEB 2014,953
950,4:14.29,James BURKE,,USA,5f3,,"New York, NY (USA)",16 MAR 2014,953
953,4:14.30,Kelvin BUSIENEI,,USA,2,,"Wichita, KS (USA)",01 FEB 2014,952
954,4:14.31,Jack DRIGGS,10 AUG 1993,USA,7h2,,"Clemson, SC (USA)",28 FEB 2014,952
955,4:14.32,Jake MCDONNELL,26 MAR 1993,IRL,3,,"Fayetteville, AR (USA)",10 JAN 2014,952
955,4:14.32,Trevor POLSON,21 JUN 1992,USA,1,,"Bozeman, MT (USA)",17 JAN 2014,952
955,4:14.32,Michael O'DONNELL,,USA,2f3,,"New York, NY (USA)",17 JAN 2014,952
958,4:14.33,Patrick JOSEPH,07 SEP 1995,USA,1f2,,"Blacksburg, VA (USA)",17 JAN 2014,952
958,4:14.33,Nicholas BERTOLINE,,USA,2h2,,"New York, NY (USA)",28 FEB 2014,952
960,4:14.34,Blake DELONG,,USA,4f1,,"Bloomington, IN (USA)",31 JAN 2014,952
960,4:14.34,Josh CLARK,,USA,1f2,,"Waltham, MA (USA)",28 FEB 2014,952
962,4:14.35,Stephen SCHROEDER,,USA,4f2,,"Lewisburg, PA (USA)",23 FEB 2014,952
962,4:14.35,Nick CARLEO,1997,USA,6f3,,"New York, NY (USA)",16 MAR 2014,952
964,4:14.36,Nathan COLLIER,,USA,1,,"College Station, TX (USA)",07 DEC 2013,952
964,4:14.36,Paul ESCHER,,USA,2f3,,"Collegeville, MN (USA)",07 MAR 2014,952
966,4:14.37,Kirk HARVEY,,USA,3,,"Albuquerque, NM (USA)",08 FEB 2014,952
967,4:14.39,Ruben SANCA,13 DEC 1986,CPV,1f1,,"Boston, MA (USA)",07 DEC 2013,951
967,4:14.39,Isaac SPENCER,21 APR 1992,USA,2,,"College Station, TX (USA)",18 JAN 2014,951
969,4:14.40,Caleb WILFONG,,USA,4f2,,"Lincoln, NE (USA)",08 FEB 2014,951
970,4:14.42,Sam PONS,1992,USA,5f2,,"New Haven, CT (USA)",15 FEB 2014,951
970,4:14.42,Seth PIERSON,,USA,4f2,,"Nampa, ID (USA)",22 FEB 2014,951
972,4:14.45,Jeff HOWARD,02 JUN 1991,USA,5f1,,"Nampa, ID (USA)",25 JAN 2014,951
973,4:14.47,McKena RAMOS,,USA,1,,"Oshkosh, WI (USA)",18 JAN 2014,950
974,4:14.48,Alejandro Arroyo YAMIN,26 SEP 1991,MEX,2,,"Annapolis, MD (USA)",05 JAN 2014,950
974,4:14.48,Bobby MINTZ,,USA,20,,"Blacksburg, VA (USA)",07 FEB 2014,950
974,4:14.48,Graham HUGGINS-FILOZOF,,USA,7f2,,"New York, NY (USA)",21 FEB 2014,950
977,4:14.49,Vincent PEROZZE,,USA,6,,"Bethesda, MD (USA)",24 JAN 2014,950
977,4:14.49,Martin MARTINEZ,06 MAY 1995,USA,5h1,,"Hanover, NH (USA)",01 MAR 2014,950
979,4:14.50,Omar Mohamed ABDI,01 JAN 1991,SOM,5f2,,"New York, NY (USA)",24 FEB 2014,950
980,4:14.51,Doug BRADY,20 JUL 1991,USA,5f2,,"Lincoln, NE (USA)",08 FEB 2014,950
980,4:14.51,Cameron VILLAREAL,12 JUL 1995,USA,9h2,,"College Station, TX (USA)",28 FEB 2014,950
980,4:14.51,Yonas TESFAI,10 FEB 1992,USA,7,,"New York, NY (USA)",01 MAR 2014,950
983,4:14.52,Chris KIBLER,,USA,1f1,,"Roxbury, MA (USA)",14 DEC 2013,950
983,4:14.52,Brett DENURE,,USA,3f1,,"Oshkosh, WI (USA)",07 FEB 2014,950
983,4:14.52,Michael PRESSLER,,USA,9f1,,"New York, NY (USA)",08 MAR 2014,950
983,4:14.52,Tyler SCHICKEL,,USA,7,,"Winston Salem, NC (USA)",15 MAR 2014,950
987,4:14.53,Thomas MOORE,,USA,5,,"Annapolis, MD (USA)",25 JAN 2014,950
988,4:14.55,Andy BENNISON,,USA,7,,"State College, PA (USA)",01 FEB 2014,949
989,4:14.57,Aaron RAMIREZ,18 FEB 1992,USA,11f1,,"Birmingham, AL (USA)",18 JAN 2014,949
989,4:14.57,Ivan TENYAKOV,23 DEC 1990,RUS,5,,Chelyabinsk (RUS),27 JAN 2014,949
989,4:14.57,Mike SCHLICHTING,,USA,4,,"Reggie Lewis Center, Boston, MA (USA)",08 FEB 2014,949
989,4:14.57,John BLEDAY,06 NOV 1991,USA,10,,"Boston, MA (USA)",23 FEB 2014,949
989,4:14.57,William KELLAR,,USA,3h2,,"New York, NY (USA)",28 FEB 2014,949
994,4:14.58,Jacob AUTIO,,USA,1f2,,"Bloomington, IN (USA)",31 JAN 2014,949
995,4:14.60,Dan ROE,,USA,2,,"Madison, WI (USA)",18 JAN 2014,949
995,4:14.60,Robert MOLKE,28 JAN 1991,USA,3,,"Ithaca, NY (USA)",25 JAN 2014,949
995,4:14.60,Phillip PRIMEAUX,18 DEC 1991,USA,6f1,,"College Station, TX (USA)",08 FEB 2014,949
998,4:14.61,Andrés ARROYO,07 JUN 1995,PUR,5f1,,"Birmingham, AL (USA)",11 JAN 2014,949
999,4:14.62,Bobby NICHOLS,,USA,6f1,,"Minneapolis, MN (USA)",25 JAN 2014,949
1000,4:14.63,Thomas PORTER,,USA,21,,"Blacksburg, VA (USA)",07 FEB 2014,949
