Rank,Mark,Competitor,DOB,Nat,Pos,,Venue,Date,ResultScore
1,4:13.31,Genzebe DIBABA,08 FEB 1991,ETH,1,,"Globe Arena, Stockholm (SWE)",17 FEB 2016,1273
2,4:24.39,Shannon ROWBURY,19 SEP 1984,USA,1,,"New York, NY (USA)",20 FEB 2016,1189
3,4:24.98,Gudaf TSEGAY,23 JUN 1997,ETH,2,,"Globe Arena, Stockholm (SWE)",17 FEB 2016,1185
4,4:26.01,Shannon ROWBURY,19 SEP 1984,USA,1,,"Winston Salem, NC (USA)",30 JAN 2016,1177
5,4:26.18,Kerri GALLAGHER,31 MAY 1989,USA,2,,"New York, NY (USA)",20 FEB 2016,1176
6,4:26.63,Amanda ECCLESTON,18 JUN 1990,USA,3,,"New York, NY (USA)",20 FEB 2016,1173
7,4:26.88,Amanda ECCLESTON,18 JUN 1990,USA,1f1,,"Boston, MA (USA)",12 FEB 2016,1171
8,4:27.26,Heather KAMPF,19 JAN 1987,USA,4,,"New York, NY (USA)",20 FEB 2016,1168
9,4:27.57,Sheila REID,02 AUG 1989,CAN,1f1,,"Boston, MA (USA)",28 FEB 2016,1166
10,4:27.75,Axumawit EMBAYE,18 OCT 1994,ETH,3,,"Globe Arena, Stockholm (SWE)",17 FEB 2016,1165
11,4:27.88,Kim CONLEY,14 MAR 1986,USA,1,,"New York, NY (USA)",24 JAN 2016,1164
12,4:27.93,Nicole SIFUENTES,30 JUN 1986,CAN,2f1,,"Boston, MA (USA)",12 FEB 2016,1163
13,4:27.99,Morgan UCENY,10 MAR 1985,USA,5,,"New York, NY (USA)",20 FEB 2016,1163
14,4:28.30,Kate GRACE,24 OCT 1988,USA,2,,"New York, NY (USA)",24 JAN 2016,1161
15,4:28.40,Ciara MAGEEAN,12 MAR 1992,IRL,6,,"New York, NY (USA)",20 FEB 2016,1160
16,4:28.47,Stephanie GARCIA,03 MAY 1988,USA,2,,"Winston Salem, NC (USA)",30 JAN 2016,1159
17,4:28.50,Rachel SCHNEIDER,18 JUL 1991,USA,2f1,,"Boston, MA (USA)",28 FEB 2016,1159
18,4:28.84,Katie MACKEY,12 NOV 1987,USA,7,,"New York, NY (USA)",20 FEB 2016,1157
19,4:28.91,Alexa EFRAIMSON,20 FEB 1997,USA,8,,"New York, NY (USA)",20 FEB 2016,1156
20,4:28.97,Stephanie GARCIA,03 MAY 1988,USA,3,,"New York, NY (USA)",24 JAN 2016,1156
21,4:29.07,Gabriela STAFFORD,13 SEP 1995,CAN,1,,"New York, NY (USA)",06 FEB 2016,1155
21,4:29.07,Erin DONOHUE,08 MAY 1983,USA,3f1,,"Boston, MA (USA)",12 FEB 2016,1155
23,4:29.08,Morgan UCENY,10 MAR 1985,USA,3f1,,"Boston, MA (USA)",28 FEB 2016,1155
24,4:29.67,Erin DONOHUE,08 MAY 1983,USA,2,,"New York, NY (USA)",06 FEB 2016,1151
25,4:29.71,Ellinor PURRIER,20 FEB 1995,USA,4f1,,"Boston, MA (USA)",12 FEB 2016,1150
26,4:29.87,Violah CHEPTOO,01 MAR 1989,KEN,3,,"New York, NY (USA)",06 FEB 2016,1149
27,4:30.10,Rababe ARAFI,12 JAN 1991,MAR,4,,"Globe Arena, Stockholm (SWE)",17 FEB 2016,1147
28,4:30.11,Violah CHEPTOO,01 MAR 1989,KEN,4f1,,"Boston, MA (USA)",28 FEB 2016,1147
29,4:30.16,Ashley HIGGINSON,17 MAR 1989,USA,4,,"New York, NY (USA)",06 FEB 2016,1147
30,4:30.42,Sarah LAHTI,18 FEB 1995,SWE,5,,"Globe Arena, Stockholm (SWE)",17 FEB 2016,1145
31,4:30.43,Sofia ENNAOUI,30 AUG 1995,POL,6,,"Globe Arena, Stockholm (SWE)",17 FEB 2016,1145
32,4:30.65,Heather WILSON,13 JUN 1990,USA,5f1,,"Boston, MA (USA)",12 FEB 2016,1143
33,4:30.72,Rachel SCHNEIDER,18 JUL 1991,USA,6f1,,"Boston, MA (USA)",12 FEB 2016,1143
34,4:30.80,Heather WILSON,13 JUN 1990,USA,9,,"New York, NY (USA)",20 FEB 2016,1142
35,4:30.91,Sandra ERIKSSON,04 JUN 1989,FIN,7,,"Globe Arena, Stockholm (SWE)",17 FEB 2016,1142
36,4:30.93,Cory Ann MCGEE,29 MAY 1992,USA,4,,"New York, NY (USA)",24 JAN 2016,1141
37,4:31.50,Abbey COOPER,25 MAY 1992,USA,1f1,,"Boston, MA (USA)",29 JAN 2016,1137
38,4:31.53,Hannah ENGLAND,06 MAR 1987,GBR,8,,"Globe Arena, Stockholm (SWE)",17 FEB 2016,1137
39,4:31.57,Dominique SCOTT,24 JUN 1992,RSA,10,,"New York, NY (USA)",20 FEB 2016,1137
40,4:31.68,Emily LIPARI,19 NOV 1992,USA,7f1,,"Boston, MA (USA)",12 FEB 2016,1136
41,4:31.83,Leah O'CONNOR,30 AUG 1992,USA,11,,"New York, NY (USA)",20 FEB 2016,1135
42,4:32.05,Brenda MARTINEZ,08 SEP 1987,USA,1f1,,"Portland, OR (USA)",29 JAN 2016,1133
43,4:32.14,Kaela EDWARDS,08 DEC 1993,USA,1,,"Fayetteville, AR (USA)",30 JAN 2016,1133
44,4:33.07,Linn NILSSON,15 OCT 1990,SWE,9,,"Globe Arena, Stockholm (SWE)",17 FEB 2016,1126
45,4:33.24,Andrea KEKLAK,01 OCT 1993,USA,8f1,,"Boston, MA (USA)",12 FEB 2016,1125
46,4:33.30,Heidi SEE,09 AUG 1989,AUS,3,,"Winston Salem, NC (USA)",30 JAN 2016,1124
47,4:33.85,Rachel SCHNEIDER,18 JUL 1991,USA,5,,"New York, NY (USA)",24 JAN 2016,1120
48,4:34.58,Erin TESCHUK,25 OCT 1994,CAN,12,,"New York, NY (USA)",20 FEB 2016,1115
49,4:34.92,Rebecca TRACY,20 FEB 1991,USA,9f1,,"Boston, MA (USA)",12 FEB 2016,1113
50,4:35.62,Kaela EDWARDS,08 DEC 1993,USA,1,,"Birmingham, AL (USA)",12 MAR 2016,1108
51,4:35.74,Shannon MORTON,10 JUL 1993,USA,5f1,,"Boston, MA (USA)",28 FEB 2016,1107
52,4:35.76,Emily LIPARI,19 NOV 1992,USA,6f1,,"Boston, MA (USA)",28 FEB 2016,1107
53,4:36.00,Angel PICCIRILLO,08 JAN 1994,USA,1f1,,NY (USA),06 FEB 2016,1105
54,4:36.08,Heather KAMPF,19 JAN 1987,USA,4,,"Winston Salem, NC (USA)",30 JAN 2016,1104
55,4:36.11,Iona LAKE,15 JAN 1993,GBR,1,,"Boston, MA (USA)",27 FEB 2016,1104
56,4:36.15,Ellinor PURRIER,20 FEB 1995,USA,1h2,,"Birmingham, AL (USA)",11 MAR 2016,1104
57,4:36.25,Angel PICCIRILLO,08 JAN 1994,USA,2h2,,"Birmingham, AL (USA)",11 MAR 2016,1103
58,4:36.26,Angel PICCIRILLO,08 JAN 1994,USA,2,,"Birmingham, AL (USA)",12 MAR 2016,1103
59,4:36.55,Heather MACLEAN,31 AUG 1995,USA,3h2,,"Birmingham, AL (USA)",11 MAR 2016,1101
60,4:36.58,Melissa SALERNO,22 NOV 1986,USA,6,,"New York, NY (USA)",24 JAN 2016,1101
61,4:36.61,Annie LEBLANC,29 APR 1992,CAN,2,,"Fayetteville, AR (USA)",30 JAN 2016,1101
61,4:36.61,Katie RAINSBERGER,18 AUG 1998,USA,1f3,,"New York, NY (USA)",13 MAR 2016,1101
63,4:36.71,Erin TESCHUK,25 OCT 1994,CAN,1,,"Minneapolis, MN (USA)",30 JAN 2016,1100
64,4:37.29,Katrina COOGAN,15 NOV 1993,USA,1f1,,"University Park, PA (USA)",20 FEB 2016,1096
65,4:37.32,Grace BARNETT,29 JUN 1995,USA,1f1,,"College Station, TX (USA)",06 FEB 2016,1096
66,4:37.40,Megan MANSY,27 MAR 1994,USA,4h2,,"Birmingham, AL (USA)",11 MAR 2016,1095
67,4:37.44,Megan MANSY,27 MAR 1994,USA,2,,"Boston, MA (USA)",27 FEB 2016,1095
68,4:37.47,Erin TESCHUK,25 OCT 1994,CAN,5h2,,"Birmingham, AL (USA)",11 MAR 2016,1094
69,4:37.49,Erin TESCHUK,25 OCT 1994,CAN,1f1,,"Fargo, ND (USA)",16 JAN 2016,1094
70,4:37.54,Ellinor PURRIER,20 FEB 1995,USA,2f1,,"Boston, MA (USA)",29 JAN 2016,1094
71,4:37.67,Sophie CONNOR,21 MAY 1993,GBR,1h1,,"Birmingham, AL (USA)",11 MAR 2016,1093
72,4:37.68,Lianne FARBER,12 JUN 1992,USA,7,,"New York, NY (USA)",24 JAN 2016,1093
73,4:37.72,Grace BARNETT,29 JUN 1995,USA,2h1,,"Birmingham, AL (USA)",11 MAR 2016,1093
74,4:37.77,Frances SCHMIEDE,04 JUN 1993,AUS,1f2,,"Boston, MA (USA)",12 FEB 2016,1092
75,4:37.79,Kaela EDWARDS,08 DEC 1993,USA,3h1,,"Birmingham, AL (USA)",11 MAR 2016,1092
76,4:37.80,Heather MACLEAN,31 AUG 1995,USA,2f2,,"Boston, MA (USA)",12 FEB 2016,1092
77,4:37.83,Victoria GERLACH,02 JUN 1994,USA,1f2,,"University Park, PA (USA)",30 JAN 2016,1092
78,4:37.87,Andrea KEKLAK,01 OCT 1993,USA,4h1,,"Birmingham, AL (USA)",11 MAR 2016,1092
79,4:38.18,Fiona BENSON,25 MAY 1992,CAN,5,,"Winston Salem, NC (USA)",30 JAN 2016,1089
80,4:38.21,Marta PEN FREITAS,31 JUL 1993,POR,1,,"Fayetteville, AR (USA)",27 FEB 2016,1089
81,4:38.35,Kerri GALLAGHER,31 MAY 1989,USA,1f1,,"Fairfax, VA (USA)",09 JAN 2016,1088
82,4:38.37,Eleanor FULTON,17 MAY 1993,USA,6h2,,"Birmingham, AL (USA)",11 MAR 2016,1088
83,4:38.38,Lauren JOHNSON,04 MAY 1987,USA,6,,"Winston Salem, NC (USA)",30 JAN 2016,1088
84,4:38.41,Katie HOEVET,31 DEC 1993,USA,5h1,,"Birmingham, AL (USA)",11 MAR 2016,1088
85,4:38.42,Ellinor PURRIER,20 FEB 1995,USA,3,,"Birmingham, AL (USA)",12 MAR 2016,1088
86,4:38.44,Andrea KEKLAK,01 OCT 1993,USA,4,,"Birmingham, AL (USA)",12 MAR 2016,1088
87,4:38.60,Shannon MORTON,10 JUL 1993,USA,6h1,,"Birmingham, AL (USA)",11 MAR 2016,1086
88,4:38.75,Stephanie SCHAPPERT,25 APR 1993,USA,1f1,,NY (USA),27 FEB 2016,1085
89,4:38.83,Sophie CONNOR,21 MAY 1993,GBR,5,,"Birmingham, AL (USA)",12 MAR 2016,1085
90,4:38.87,Frances SCHMIEDE,04 JUN 1993,AUS,1f2,,NY (USA),29 JAN 2016,1085
91,4:38.94,Erin TESCHUK,25 OCT 1994,CAN,6,,"Birmingham, AL (USA)",12 MAR 2016,1084
92,4:38.99,Megan MANSY,27 MAR 1994,USA,7,,"Birmingham, AL (USA)",12 MAR 2016,1084
93,4:39.14,Sydney LEIHER,23 FEB 1995,USA,3f2,,"Boston, MA (USA)",12 FEB 2016,1083
94,4:39.24,Megan KRUMPOCH,31 AUG 1992,USA,8,,"New York, NY (USA)",24 JAN 2016,1082
95,4:39.25,Danielle ARAGON,01 JUL 1994,USA,3,,"Boston, MA (USA)",27 FEB 2016,1082
96,4:39.27,Besu SADO,12 JAN 1996,ETH,10,,"Globe Arena, Stockholm (SWE)",17 FEB 2016,1082
97,4:39.30,Geneviève LALONDE,05 SEP 1991,CAN,9,,"New York, NY (USA)",24 JAN 2016,1081
98,4:39.32,Elizabeth BIRD,04 OCT 1994,GBR,2f2,,NY (USA),29 JAN 2016,1081
99,4:39.47,Kate MURPHY,15 AUG 1999,USA,2f3,,"New York, NY (USA)",13 MAR 2016,1080
100,4:39.53,Liz COSTELLO,23 FEB 1988,USA,3f1,,"Boston, MA (USA)",29 JAN 2016,1080
101,4:39.70,Jessica KAMILOS,03 AUG 1993,USA,3,,"Fayetteville, AR (USA)",30 JAN 2016,1079
102,4:39.75,Anastasiya ALEKSANDROVA,16 FEB 1994,RUS,1,,St. Petersburg (RUS),07 FEB 2016,1078
103,4:39.85,Amy CASHIN,28 JUL 1994,AUS,2f1,,"University Park, PA (USA)",20 FEB 2016,1078
104,4:39.92,Treniere MOSER,27 OCT 1981,USA,2f1,,"Portland, OR (USA)",29 JAN 2016,1077
105,4:39.93,Bridget BLAKE,09 MAY 1995,USA,4f2,,"Boston, MA (USA)",12 FEB 2016,1077
106,4:39.96,Therese HAISS,05 SEP 1995,USA,2,,"Fayetteville, AR (USA)",27 FEB 2016,1077
107,4:40.04,Carmen GRAVES,27 JAN 1991,USA,5f2,,"Boston, MA (USA)",12 FEB 2016,1076
108,4:40.07,Morgan SCHUETZ LAYNE,08 JAN 1994,USA,4,,"Fayetteville, AR (USA)",30 JAN 2016,1076
109,4:40.15,Eleanor FULTON,17 MAY 1993,USA,8,,"Birmingham, AL (USA)",12 MAR 2016,1075
110,4:40.57,Heather MACLEAN,31 AUG 1995,USA,4f1,,"Boston, MA (USA)",29 JAN 2016,1073
111,4:40.71,Frances SCHMIEDE,04 JUN 1993,AUS,7h1,,"Birmingham, AL (USA)",11 MAR 2016,1072
112,4:40.83,Sydney LEIHER,23 FEB 1995,USA,4,,"Boston, MA (USA)",27 FEB 2016,1071
113,4:40.87,Carise THOMPSON,07 MAR 1992,CAN,10,,"New York, NY (USA)",24 JAN 2016,1070
114,4:40.90,Jessica KAMILOS,03 AUG 1993,USA,3,,"Fayetteville, AR (USA)",27 FEB 2016,1070
115,4:41.17,Stephanie SCHAPPERT,25 APR 1993,USA,10f1,,"Boston, MA (USA)",12 FEB 2016,1068
115,4:41.17,Grace BARNETT,29 JUN 1995,USA,5,,"Boston, MA (USA)",27 FEB 2016,1068
117,4:41.21,Elaina BALOURIS,17 DEC 1991,USA,6f2,,"Boston, MA (USA)",12 FEB 2016,1068
118,4:41.26,Ashley MONTGOMERY,,USA,1f1,,NY (USA),12 FEB 2016,1068
119,4:41.43,Taylor TUBBS,1995,USA,4,,"Fayetteville, AR (USA)",27 FEB 2016,1066
120,4:41.50,Laura THWEATT,17 DEC 1988,USA,1,,"Lincoln, NE (USA)",06 FEB 2016,1066
121,4:41.63,Morgan MOSBY,20 AUG 1991,USA,7f2,,"Boston, MA (USA)",12 FEB 2016,1065
122,4:41.69,Liv WESTPHAL,22 DEC 1993,FRA,1f2,,"Boston, MA (USA)",21 JAN 2016,1065
123,4:41.74,Sara BARRON,20 NOV 1994,USA,5,,"Fayetteville, AR (USA)",27 FEB 2016,1064
124,4:41.78,Erin TESCHUK,25 OCT 1994,CAN,1f2,,"Fort Wayne, IN (USA)",27 FEB 2016,1064
125,4:41.84,Kate MURPHY,15 AUG 1999,USA,1,,"New York, NY (USA)",20 FEB 2016,1064
126,4:41.88,Stephanie CHARNIGO,25 JUL 1988,USA,11f1,,"Boston, MA (USA)",12 FEB 2016,1063
127,4:41.94,Dina ALEKSANDROVA,09 AUG 1992,RUS,2,,St. Petersburg (RUS),07 FEB 2016,1063
128,4:41.98,Greta FELDMAN,30 MAR 1991,USA,2f1,,NY (USA),27 FEB 2016,1063
129,4:41.99,Bridget FRANEK,08 NOV 1987,USA,3f1,,"Portland, OR (USA)",29 JAN 2016,1063
130,4:42.10,Shannon OSIKA,15 JUN 1993,USA,1f2,,"Hillsdale, MI (USA)",09 JAN 2016,1062
131,4:42.26,Emily LIPARI,19 NOV 1992,USA,5,,"New York, NY (USA)",06 FEB 2016,1061
132,4:42.29,Bridget BLAKE,09 MAY 1995,USA,6,,"Boston, MA (USA)",27 FEB 2016,1060
133,4:42.53,Sophie CONNOR,21 MAY 1993,GBR,1f1,,"Albuquerque, NM (USA)",13 FEB 2016,1059
134,4:42.58,Danielle ARAGON,01 JUL 1994,USA,1h2,,"Boston, MA (USA)",26 FEB 2016,1058
135,4:42.59,Shannon OSIKA,15 JUN 1993,USA,7h2,,"Birmingham, AL (USA)",11 MAR 2016,1058
136,4:42.61,Chelsea COX,18 AUG 1992,USA,11f1,,NY (USA),06 FEB 2016,1058
137,4:42.64,Iona LAKE,15 JAN 1993,GBR,2f1,,NY (USA),12 FEB 2016,1058
138,4:42.68,Morgan MOSBY,20 AUG 1991,USA,5f1,,"Boston, MA (USA)",29 JAN 2016,1058
139,4:42.72,Rebeka STOWE,09 MAR 1990,USA,3f1,,NY (USA),27 FEB 2016,1057
140,4:42.74,Nikki HILTZ,23 OCT 1994,USA,1h2,,"Fayetteville, AR (USA)",26 FEB 2016,1057
141,4:42.90,Julie KOCJANCIC,04 JUL 1995,USA,3f1,,NY (USA),12 FEB 2016,1056
142,4:42.91,Iona LAKE,15 JAN 1993,GBR,2h2,,"Boston, MA (USA)",26 FEB 2016,1056
143,4:42.93,Nikki HILTZ,23 OCT 1994,USA,6,,"Fayetteville, AR (USA)",27 FEB 2016,1056
144,4:43.02,Emily RITTER,28 DEC 1992,USA,4f1,,NY (USA),27 FEB 2016,1055
145,4:43.08,Megan MANSY,27 MAR 1994,USA,7,,"Winston Salem, NC (USA)",30 JAN 2016,1055
146,4:43.13,Audrey BELF,28 DEC 1996,USA,3f1,,"University Park, PA (USA)",20 FEB 2016,1055
147,4:43.17,Meropi PANAGIOTOU,01 DEC 1994,CYP,2h2,,"Fayetteville, AR (USA)",26 FEB 2016,1054
148,4:43.18,Morgan MOSBY,20 AUG 1991,USA,6,,"New York, NY (USA)",06 FEB 2016,1054
149,4:43.22,Ffion PRICE,11 AUG 1994,GBR,3h2,,"Fayetteville, AR (USA)",26 FEB 2016,1054
150,4:43.23,Elisabeth Angell BERGH,21 MAR 1996,NOR,4h2,,"Fayetteville, AR (USA)",26 FEB 2016,1054
151,4:43.27,Megan MANSY,27 MAR 1994,USA,3h2,,"Boston, MA (USA)",26 FEB 2016,1054
152,4:43.29,Heather MACLEAN,31 AUG 1995,USA,9,,"Birmingham, AL (USA)",12 MAR 2016,1053
153,4:43.45,Olivia SADLER,01 MAY 1994,GBR,4f1,,NY (USA),12 FEB 2016,1052
154,4:43.47,Raquel LAMBDIN,23 JUL 1993,USA,4f1,,"Portland, OR (USA)",29 JAN 2016,1052
155,4:43.49,Nevada MARENO,08 JUL 1999,USA,1f1,,"Winston Salem, NC (USA)",21 NOV 2015,1052
156,4:43.58,Olivia SADLER,01 MAY 1994,GBR,2f1,,NY (USA),06 FEB 2016,1051
157,4:43.61,Marielle HALL,28 JAN 1992,USA,1f1,,"New York, NY (USA)",22 JAN 2016,1051
158,4:43.68,Rebecca TRACY,20 FEB 1991,USA,1f1,,"Bloomington, IN (USA)",30 JAN 2016,1051
159,4:43.70,Nozomi Musembi TAKAMATSU,31 AUG 1997,JPN,5f1,,"Portland, OR (USA)",29 JAN 2016,1051
160,4:43.73,Kathryn LAZARCHICK,27 OCT 1994,USA,4h2,,"Boston, MA (USA)",26 FEB 2016,1050
161,4:43.81,Mara OLSON,08 MAR 1993,USA,6f1,,"Portland, OR (USA)",29 JAN 2016,1050
162,4:43.87,Kate MURPHY,15 AUG 1999,USA,8,,"Winston Salem, NC (USA)",30 JAN 2016,1049
163,4:43.98,Libby KOKES,05 FEB 1997,USA,3f1,,NY (USA),06 FEB 2016,1049
164,4:43.99,Kathryn LAZARCHICK,27 OCT 1994,USA,7,,"Boston, MA (USA)",27 FEB 2016,1049
165,4:44.01,Samantha NADEL,05 JUN 1994,USA,4f1,,NY (USA),06 FEB 2016,1048
166,4:44.02,Millie PALADINO,18 OCT 1995,USA,1,,"Winston Salem, NC (USA)",11 FEB 2016,1048
167,4:44.03,Jessica KAMILOS,03 AUG 1993,USA,5h2,,"Fayetteville, AR (USA)",26 FEB 2016,1048
168,4:44.11,Maggie MONTOYA,02 MAY 1995,USA,2f1,,"College Station, TX (USA)",06 FEB 2016,1048
168,4:44.11,Meredith RIZZO,07 FEB 1995,USA,1,,"Boston, MA (USA)",06 MAR 2016,1048
170,4:44.21,Kaley CILUFFO,11 SEP 1996,USA,8,,"Boston, MA (USA)",27 FEB 2016,1047
170,4:44.21,Laura WILLIAMSON,19 OCT 1993,USA,2,,"Boston, MA (USA)",06 MAR 2016,1047
172,4:44.26,Taylor TUBBS,1995,USA,5,,"Fayetteville, AR (USA)",30 JAN 2016,1047
173,4:44.28,Iona LAKE,15 JAN 1993,GBR,6f1,,"Boston, MA (USA)",29 JAN 2016,1047
174,4:44.31,Shannon MORTON,10 JUL 1993,USA,1h3,,"Boston, MA (USA)",26 FEB 2016,1046
175,4:44.33,Alsu LENNEMAN,12 MAY 1994,RUS,1,,"Ypsilanti, MI (USA)",23 JAN 2016,1046
176,4:44.34,Brook HANDLER,24 JAN 1993,USA,2f2,,"Hillsdale, MI (USA)",09 JAN 2016,1046
177,4:44.36,Kennedy WEISNER,01 DEC 1995,USA,5f1,,NY (USA),06 FEB 2016,1046
178,4:44.37,Emilee TROST,19 SEP 1995,USA,1,,"Mankato, MN (USA)",27 FEB 2016,1046
179,4:44.38,Marta PEN FREITAS,31 JUL 1993,POR,1h1,,"Fayetteville, AR (USA)",26 FEB 2016,1046
180,4:44.53,Therese HAISS,05 SEP 1995,USA,2h1,,"Fayetteville, AR (USA)",26 FEB 2016,1045
181,4:44.62,Taylor TUBBS,1995,USA,3h1,,"Fayetteville, AR (USA)",26 FEB 2016,1044
182,4:44.63,Sydney LEIHER,23 FEB 1995,USA,2h3,,"Boston, MA (USA)",26 FEB 2016,1044
183,4:44.67,Sara BARRON,20 NOV 1994,USA,4h1,,"Fayetteville, AR (USA)",26 FEB 2016,1044
184,4:44.68,Nicole HUTCHINSON,17 JUN 1997,CAN,5f1,,NY (USA),12 FEB 2016,1044
185,4:44.71,Lilian KOECH,,KEN,3f1,,"College Station, TX (USA)",06 FEB 2016,1044
186,4:44.90,Grace BARNETT,29 JUN 1995,USA,1h1,,"Boston, MA (USA)",26 FEB 2016,1042
187,4:44.94,Stephanie JENKS,17 AUG 1997,USA,3f3,,"New York, NY (USA)",13 MAR 2016,1042
188,4:44.97,Elisabeth Angell BERGH,21 MAR 1996,NOR,6,,"Fayetteville, AR (USA)",30 JAN 2016,1042
189,4:45.13,Emily OREN,20 SEP 1993,USA,1f2,,"Hillsdale, MI (USA)",05 FEB 2016,1041
190,4:45.15,Marielle HALL,28 JAN 1992,USA,1f1,,NY (USA),16 JAN 2016,1041
191,4:45.21,Ulyana AVVAKUMENKOVA,21 JUN 1994,RUS,3,,St. Petersburg (RUS),07 FEB 2016,1040
192,4:45.27,Danielle WINSLOW,02 SEP 1993,USA,2f2,,"Boston, MA (USA)",21 JAN 2016,1040
193,4:45.29,Kaley CILUFFO,11 SEP 1996,USA,2h1,,"Boston, MA (USA)",26 FEB 2016,1040
194,4:45.34,Alexis PANISSE,21 JUN 1993,DOM,1f4,,"New York, NY (USA)",06 FEB 2016,1039
195,4:45.35,Kristina GALAT,05 APR 1994,USA,2f2,,"Hillsdale, MI (USA)",05 FEB 2016,1039
196,4:45.36,Alexandra LUCKI,30 JUL 1996,CAN,2f4,,"New York, NY (USA)",06 FEB 2016,1039
197,4:45.43,Meropi PANAGIOTOU,01 DEC 1994,CYP,7,,"Fayetteville, AR (USA)",27 FEB 2016,1039
198,4:45.46,Piper DONAGHU,26 MAR 1996,USA,2f2,,"University Park, PA (USA)",30 JAN 2016,1038
199,4:45.47,Rachel DADAMIO,11 OCT 1996,USA,5h2,,"Boston, MA (USA)",26 FEB 2016,1038
200,4:45.52,Sydney LEIHER,23 FEB 1995,USA,7f1,,"Boston, MA (USA)",29 JAN 2016,1038
201,4:45.53,Nicol TRAYNOR,06 MAY 1989,USA,7,,"New York, NY (USA)",06 FEB 2016,1038
202,4:45.54,Calli THACKERY,09 JAN 1993,GBR,1f1,,"Albuquerque, NM (USA)",30 JAN 2016,1038
203,4:45.59,Elizabeth CHIKOTAS,05 APR 1996,USA,1f1,,"University Park, PA (USA)",16 JAN 2016,1037
204,4:45.71,Natoya GOULE,30 MAR 1991,JAM,1f1,,"Clemson, SC (USA)",29 JAN 2016,1037
205,4:45.75,Kaley CILUFFO,11 SEP 1996,USA,4f1,,"College Station, TX (USA)",06 FEB 2016,1036
206,4:45.76,Sophie CONNOR,21 MAY 1993,GBR,1,,"Albuquerque, NM (USA)",27 FEB 2016,1036
207,4:45.79,Calli THACKERY,09 JAN 1993,GBR,2,,"Albuquerque, NM (USA)",27 FEB 2016,1036
208,4:45.89,Bridget BLAKE,09 MAY 1995,USA,3h1,,"Boston, MA (USA)",26 FEB 2016,1035
209,4:45.90,Devin CLARK,10 JUN 1997,USA,5f1,,"College Station, TX (USA)",06 FEB 2016,1035
210,4:45.93,Verity OCKENDEN,31 AUG 1991,GBR,1,,"Birmingham, AL (USA)",16 FEB 2016,1035
211,4:45.98,Laura WILLIAMSON,19 OCT 1993,USA,3f4,,"New York, NY (USA)",06 FEB 2016,1035
212,4:46.18,Shona MCCULLOCH,08 MAY 1999,CAN,4f3,,"New York, NY (USA)",13 MAR 2016,1033
213,4:46.26,Audrey BELF,28 DEC 1996,USA,2f1,,"University Park, PA (USA)",16 JAN 2016,1033
214,4:46.29,Katie HOEVET,31 DEC 1993,USA,1,,"West Lafayette, IN (USA)",16 JAN 2016,1033
214,4:46.29,Piper DONAGHU,26 MAR 1996,USA,4f1,,"University Park, PA (USA)",20 FEB 2016,1033
216,4:46.36,Laura WILLIAMSON,19 OCT 1993,USA,1f3,,"Boston, MA (USA)",12 FEB 2016,1032
217,4:46.54,Alexandria HACKETT,28 APR 1995,USA,6f1,,"College Station, TX (USA)",06 FEB 2016,1031
218,4:46.57,Jessica DROP,07 OCT 1998,USA,5f3,,"New York, NY (USA)",13 MAR 2016,1031
219,4:46.58,Rachel DADAMIO,11 OCT 1996,USA,9,,"Boston, MA (USA)",27 FEB 2016,1031
220,4:46.74,Sara BARRON,20 NOV 1994,USA,4f4,,"New York, NY (USA)",06 FEB 2016,1030
220,4:46.74,Sara TSAI,,USA,5h1,,"Fayetteville, AR (USA)",26 FEB 2016,1030
222,4:46.85,Katherine DELANEY,03 APR 1993,USA,5f4,,"New York, NY (USA)",06 FEB 2016,1029
223,4:46.93,Olesya MURATOVA,25 OCT 1992,RUS,4,,St. Petersburg (RUS),07 FEB 2016,1028
223,4:46.93,Olivia ANDERSON,13 JAN 1994,USA,4h1,,"Boston, MA (USA)",26 FEB 2016,1028
225,4:46.95,Caroline BARLOW,,USA,6h1,,"Fayetteville, AR (USA)",26 FEB 2016,1028
226,4:47.12,Autumn EASTMAN,,USA,6f1,,NY (USA),06 FEB 2016,1027
227,4:47.13,Annemarie SCHWANZ,26 APR 1993,GER,1f1,,"Birmingham, AL (USA)",12 FEB 2016,1027
228,4:47.26,Annika SISSON,,USA,7f1,,"College Station, TX (USA)",06 FEB 2016,1026
229,4:47.36,Amy CASHIN,28 JUL 1994,AUS,2,,"Winston Salem, NC (USA)",11 FEB 2016,1025
230,4:47.38,Rosie DONEGAN,01 JUL 1993,AUS,2f3,,"Boston, MA (USA)",12 FEB 2016,1025
231,4:47.39,Katelyn AYERS,09 FEB 1995,CAN,11,,"New York, NY (USA)",24 JAN 2016,1025
231,4:47.39,Madie BOREMAN,10 JUL 1998,USA,1f1,,"New York, NY (USA)",13 MAR 2016,1025
233,4:47.40,Chelsea ORR,,USA,8f1,,"College Station, TX (USA)",06 FEB 2016,1025
234,4:47.48,Stephanie JENKS,17 AUG 1997,USA,1,,"Reggie Lewis Center, Boston, MA (USA)",14 FEB 2016,1024
235,4:47.49,Samantha WATSON,10 NOV 1999,USA,2,,"Reggie Lewis Center, Boston, MA (USA)",14 FEB 2016,1024
236,4:47.51,Katarzyna BRONIATOWSKA,22 FEB 1990,POL,11,,"Globe Arena, Stockholm (SWE)",17 FEB 2016,1024
237,4:47.56,Belle WALLACE,,USA,1f1,,"Fayetteville, AR (USA)",30 JAN 2016,1024
238,4:47.59,Sophie WATTS,1994,CAN,12,,"New York, NY (USA)",24 JAN 2016,1024
238,4:47.59,Sofie GALLEIN,07 AUG 1992,BEL,3f2,,"University Park, PA (USA)",30 JAN 2016,1024
240,4:47.66,Nikki HILTZ,23 OCT 1994,USA,7,,"Fayetteville, AR (USA)",30 JAN 2016,1023
241,4:47.67,Millie PALADINO,18 OCT 1995,USA,4f2,,"University Park, PA (USA)",30 JAN 2016,1023
242,4:47.73,Jordann MCDERMITT,23 APR 1996,USA,5f2,,"University Park, PA (USA)",30 JAN 2016,1023
243,4:47.75,Sage HURTA,23 JUN 1998,USA,2f1,,"New York, NY (USA)",13 MAR 2016,1023
244,4:47.82,Elisabeth Angell BERGH,21 MAR 1996,NOR,8,,"Fayetteville, AR (USA)",27 FEB 2016,1022
245,4:47.88,Kaleigh ROBERTS,,USA,1f3,,"New York, NY (USA)",21 FEB 2016,1022
246,4:47.96,Micaela DEGENERO,12 APR 1998,USA,1f2,,"New York, NY (USA)",13 MAR 2016,1021
247,4:47.97,Rachel MCARTHUR,04 AUG 1999,USA,2f2,,"New York, NY (USA)",13 MAR 2016,1021
248,4:48.11,Iona LAKE,15 JAN 1993,GBR,8h2,,"Birmingham, AL (USA)",11 MAR 2016,1020
249,4:48.14,Kennedy WEISNER,01 DEC 1995,USA,1,,NY (USA),27 FEB 2016,1020
250,4:48.18,Claire DEVOE,,USA,8f1,,"Boston, MA (USA)",29 JAN 2016,1020
251,4:48.23,Therese HAISS,05 SEP 1995,USA,9f1,,"College Station, TX (USA)",06 FEB 2016,1019
252,4:48.32,Rebekah GREENE,26 DEC 1993,NZL,8,,"Fayetteville, AR (USA)",30 JAN 2016,1019
253,4:48.43,Lexy HALLADAY,23 JUL 2001,USA,6f3,,"New York, NY (USA)",13 MAR 2016,1018
254,4:48.52,Helen SCHLACHTENHAUFEN,14 MAR 1995,USA,9f1,,"Boston, MA (USA)",29 JAN 2016,1017
254,4:48.52,Sabrina SOUTHERLAND,18 DEC 1995,USA,5f1,,"University Park, PA (USA)",20 FEB 2016,1017
256,4:48.54,Camille DAVRE,24 DEC 1998,USA,3f2,,"New York, NY (USA)",13 MAR 2016,1017
257,4:48.55,Grace BARNETT,29 JUN 1995,USA,10,,"Birmingham, AL (USA)",12 MAR 2016,1017
258,4:48.57,Georgia PEEL,26 MAY 1994,GBR,8f2,,"Boston, MA (USA)",12 FEB 2016,1017
259,4:48.63,Lindsey BELLARAN,06 AUG 1994,USA,2f3,,"New York, NY (USA)",21 FEB 2016,1017
260,4:48.64,Emily OREN,20 SEP 1993,USA,1f2,,"Tiffin, OH (USA)",28 FEB 2016,1016
261,4:48.72,Tess BARRETT,09 FEB 1996,USA,3f1,,"University Park, PA (USA)",16 JAN 2016,1016
262,4:48.76,Julie KOCJANCIC,04 JUL 1995,USA,6f2,,"University Park, PA (USA)",30 JAN 2016,1016
263,4:48.78,Kennedy WEISNER,01 DEC 1995,USA,7f2,,"University Park, PA (USA)",30 JAN 2016,1016
264,4:49.08,Karisa NELSON,12 JUN 1996,USA,2f1,,"Birmingham, AL (USA)",12 FEB 2016,1013
265,4:49.10,Melanie VLASIC,,USA,5h1,,"Boston, MA (USA)",26 FEB 2016,1013
266,4:49.11,Carol STROCK,,USA,3,,"Boston, MA (USA)",06 MAR 2016,1013
267,4:49.16,Claire DEVOE,,USA,6f1,,NY (USA),12 FEB 2016,1013
268,4:49.21,Rebekah GREENE,26 DEC 1993,NZL,7h1,,"Fayetteville, AR (USA)",26 FEB 2016,1013
269,4:49.23,Olivia ANDERSON,13 JAN 1994,USA,1f3,,"New York, NY (USA)",06 FEB 2016,1012
270,4:49.27,Heather MARTIN,,USA,4f1,,"University Park, PA (USA)",16 JAN 2016,1012
271,4:49.34,Alexis ZEIS,,USA,2f1,,"Fargo, ND (USA)",16 JAN 2016,1012
272,4:49.35,Katherine DELANEY,03 APR 1993,USA,1f1,,"Birmingham, AL (USA)",23 JAN 2016,1012
272,4:49.35,Annemarie SCHWANZ,26 APR 1993,GER,3,,"Albuquerque, NM (USA)",27 FEB 2016,1012
274,4:49.37,Hannah WITTMAN,,USA,1f2,,"Nashville, TN (USA)",27 FEB 2016,1011
275,4:49.40,Alexis PANISSE,21 JUN 1993,DOM,3f3,,"Boston, MA (USA)",12 FEB 2016,1011
276,4:49.42,Meredith RIZZO,07 FEB 1995,USA,4f3,,"Boston, MA (USA)",12 FEB 2016,1011
277,4:49.44,Jessica HULL,22 OCT 1996,AUS,2f1,,"Fayetteville, AR (USA)",30 JAN 2016,1011
278,4:49.49,Heather MARTIN,,USA,7f1,,NY (USA),06 FEB 2016,1011
279,4:49.50,Anne-Marie BLANEY,09 SEP 1993,USA,1f1,,"Cambridge, MA (USA)",05 FEB 2016,1011
280,4:49.52,Wesley FRAZIER,03 SEP 1995,USA,2f1,,"Winston Salem, NC (USA)",21 NOV 2015,1010
281,4:49.54,Emilee TROST,19 SEP 1995,USA,2,,"Minneapolis, MN (USA)",30 JAN 2016,1010
282,4:49.55,Abby HONG,,USA,7f1,,NY (USA),12 FEB 2016,1010
282,4:49.55,Gina PATTERSON,07 JUN 1997,USA,2f2,,"Tiffin, OH (USA)",28 FEB 2016,1010
284,4:49.56,Brighie LEACH,,USA,8f1,,NY (USA),12 FEB 2016,1010
285,4:49.58,Dana KLEIN,,USA,9f2,,"Boston, MA (USA)",12 FEB 2016,1010
286,4:49.85,Brianna ILARDA,19 FEB 1996,AUS,2,,NY (USA),27 FEB 2016,1008
287,4:49.87,Georgia PEEL,26 MAY 1994,GBR,2f1,,"Birmingham, AL (USA)",23 JAN 2016,1008
288,4:49.88,Jordan HASAY,21 SEP 1991,USA,1,,"Portland, OR (USA)",15 JAN 2016,1008
289,4:50.02,Nicole HUTCHINSON,17 JUN 1997,CAN,3,,NY (USA),27 FEB 2016,1007
290,4:50.04,Sara TSAI,,USA,9,,"Fayetteville, AR (USA)",27 FEB 2016,1007
291,4:50.06,Maggie MONTOYA,02 MAY 1995,USA,1f1,,"College Station, TX (USA)",16 JAN 2016,1007
291,4:50.06,Kaleigh ROBERTS,,USA,5f3,,"Boston, MA (USA)",12 FEB 2016,1007
291,4:50.06,Jessica DROP,07 OCT 1998,USA,2,,"New York, NY (USA)",20 FEB 2016,1007
291,4:50.06,Lindsey BELLARAN,06 AUG 1994,USA,1h2,,"Boston, MA (USA)",05 MAR 2016,1007
295,4:50.07,Maegan DOODY,23 MAR 1998,USA,7f3,,"New York, NY (USA)",13 MAR 2016,1007
296,4:50.15,Margie CULLEN,17 MAR 1998,USA,3,,"Reggie Lewis Center, Boston, MA (USA)",14 FEB 2016,1006
297,4:50.22,Ajee WILSON,08 MAY 1994,USA,2f1,,"New York, NY (USA)",22 JAN 2016,1006
297,4:50.22,Rylee BOWEN,25 JUL 1999,USA,8f3,,"New York, NY (USA)",13 MAR 2016,1006
299,4:50.25,Emily DURGIN,15 MAY 1994,USA,5f1,,"University Park, PA (USA)",16 JAN 2016,1005
300,4:50.26,Lilli BURDON,26 JAN 1998,NZL,3f1,,"Fayetteville, AR (USA)",30 JAN 2016,1005
301,4:50.31,Nicole BOROFSKI,05 APR 1995,USA,1,,"Roxbury, MA (USA)",20 FEB 2016,1005
302,4:50.34,Maria MCDANIEL,15 OCT 1995,USA,1f3,,"Champaign, IL (USA)",16 JAN 2016,1005
303,4:50.41,Lauren BERMAN,08 OCT 1996,USA,6h1,,"Boston, MA (USA)",26 FEB 2016,1004
304,4:50.45,Natalie SCHUDROWITZ,14 SEP 1995,USA,1f1,,"Cambridge, MA (USA)",16 JAN 2016,1004
304,4:50.45,Hannah BONAGUIDI,,USA,4f2,,"New York, NY (USA)",13 MAR 2016,1004
306,4:50.49,Susan Lokayo EJORE,09 NOV 1995,KEN,6f3,,"Boston, MA (USA)",12 FEB 2016,1004
307,4:50.52,Jessica KAMILOS,03 AUG 1993,USA,1f1,,"Bloomington, IN (USA)",22 JAN 2016,1004
307,4:50.52,Katie WETZSTEIN,,USA,2f2,,"Fort Wayne, IN (USA)",27 FEB 2016,1004
309,4:50.53,Yolanda NGARAMBE,14 SEP 1991,SWE,1f1,,"Birmingham, AL (USA)",04 DEC 2015,1004
310,4:50.56,Lindsey BELLARAN,06 AUG 1994,USA,1f1,,"University Park, PA (USA)",30 JAN 2016,1003
311,4:50.60,Caroline CLARK,1995,USA,1f3,,"Boston, MA (USA)",29 JAN 2016,1003
312,4:50.66,Sydney BROWN,,USA,10f1,,"College Station, TX (USA)",06 FEB 2016,1003
313,4:50.68,Brenna CALDER,21 MAR 1996,USA,2f1,,"Bloomington, IN (USA)",30 JAN 2016,1003
314,4:50.70,Emma HUSTON,,USA,2,,"Lincoln, NE (USA)",06 FEB 2016,1002
315,4:50.73,Stephanie VAN PELT,04 MAY 1994,USA,1f1,,NY (USA),05 FEB 2016,1002
316,4:50.74,Meropi PANAGIOTOU,01 DEC 1994,CYP,3f1,,"Bloomington, IN (USA)",30 JAN 2016,1002
317,4:50.76,Gabi ANZALONE,1993,USA,1,,"Minneapolis, MN (USA)",23 JAN 2016,1002
317,4:50.76,Alexandria HACKETT,28 APR 1995,USA,2,,"Birmingham, AL (USA)",16 FEB 2016,1002
319,4:50.78,Olivia PRATT,21 JAN 1994,USA,2f1,,"Bloomington, IN (USA)",22 JAN 2016,1002
320,4:50.80,Christy CAZZOLA,18 JUN 1985,USA,1,,"Birmingham, AL (USA)",15 JAN 2016,1002
321,4:50.82,Ednah KURGAT,15 JUN 1991,USA,1,,"Blacksburg, VA (USA)",27 FEB 2016,1002
322,4:50.86,Corinne COMINATOR,05 JUN 1994,USA,3f1,,"Bloomington, IN (USA)",22 JAN 2016,1001
323,4:50.88,Emily HOSKER-THORNHILL,27 OCT 1992,GBR,2f1,,"Albuquerque, NM (USA)",13 FEB 2016,1001
324,4:50.89,Ashley MONTGOMERY,,USA,1,,"Annapolis, MD (USA)",30 JAN 2016,1001
325,4:50.95,Chelsea COX,18 AUG 1992,USA,3f1,,"Fairfax, VA (USA)",09 JAN 2016,1001
326,4:50.96,Bridget BLAKE,09 MAY 1995,USA,9,,"Fayetteville, AR (USA)",30 JAN 2016,1001
327,4:51.00,Claire GREEN,12 MAY 1996,USA,3f1,,"Birmingham, AL (USA)",23 JAN 2016,1000
328,4:51.09,Brittany NEELEY,28 JUL 1994,USA,1f2,,"Bloomington, IN (USA)",12 FEB 2016,1000
329,4:51.12,Valerie REINA,,USA,4f1,,"Bloomington, IN (USA)",22 JAN 2016,1000
330,4:51.13,Sarah EDWARDS,07 JUL 1998,USA,4,,"Reggie Lewis Center, Boston, MA (USA)",14 FEB 2016,999
331,4:51.15,Megan PATRIGNELLI,22 JUN 1992,USA,7f1,,"Portland, OR (USA)",29 JAN 2016,999
332,4:51.17,Taylor CLEVINGER,02 JUN 1993,USA,6f4,,"New York, NY (USA)",06 FEB 2016,999
333,4:51.19,Katherine RECEVEUR,19 JAN 1996,USA,5f1,,"Bloomington, IN (USA)",22 JAN 2016,999
334,4:51.21,Regan HIME,13 MAY 1994,USA,1f2,,"Fayetteville, AR (USA)",15 JAN 2016,999
334,4:51.21,Amber PEIRSOL,,USA,1f1,,"Boston, MA (USA)",06 FEB 2016,999
336,4:51.26,Kennedy WEISNER,01 DEC 1995,USA,6f1,,"University Park, PA (USA)",20 FEB 2016,999
337,4:51.27,Kelly MCSHEA,19 SEP 1992,USA,1,,"Lincoln, NE (USA)",23 JAN 2016,999
337,4:51.27,Aisha MCADAMS,22 AUG 1995,USA,2,,"Roxbury, MA (USA)",20 FEB 2016,999
339,4:51.30,Sarah ARMSTRONG,31 JUL 1998,USA,9f3,,"New York, NY (USA)",13 MAR 2016,998
340,4:51.31,Lindsey BELLARAN,06 AUG 1994,USA,4,,"Boston, MA (USA)",06 MAR 2016,998
341,4:51.32,Amy REGAN,,USA,5f1,,NY (USA),27 FEB 2016,998
342,4:51.35,Katie KENNEDY,19 SEP 1996,USA,3h3,,"Boston, MA (USA)",26 FEB 2016,998
343,4:51.36,Jennifer OWEN,03 APR 1993,USA,1,,"College Station, TX (USA)",23 JAN 2016,998
343,4:51.36,Elizabeth WHELAN,05 OCT 1993,CAN,1f1,,"Blacksburg, VA (USA)",05 FEB 2016,998
345,4:51.40,Brianna JOHNSON,23 JUN 1992,USA,4f1,,"Bloomington, IN (USA)",30 JAN 2016,998
346,4:51.41,Sarah ARMSTRONG,31 JUL 1998,USA,5,,"Reggie Lewis Center, Boston, MA (USA)",14 FEB 2016,998
346,4:51.41,Kimberly WOOD,,USA,1f2,,"Lincoln, NE (USA)",20 FEB 2016,998
348,4:51.43,Kiara MCINTOSH,,USA,2,,"West Lafayette, IN (USA)",16 JAN 2016,997
349,4:51.47,Sara BARRON,20 NOV 1994,USA,4f1,,"Birmingham, AL (USA)",23 JAN 2016,997
350,4:51.49,Morgan WEDEKIND,15 MAY 1995,USA,3,,"Lincoln, NE (USA)",06 FEB 2016,997
351,4:51.53,Emily OREN,20 SEP 1993,USA,6f1,,"Bloomington, IN (USA)",22 JAN 2016,997
352,4:51.55,Samantha NADEL,05 JUN 1994,USA,7f1,,"University Park, PA (USA)",20 FEB 2016,997
353,4:51.59,Kathryn LAZARCHICK,27 OCT 1994,USA,2f1,,"Blacksburg, VA (USA)",05 FEB 2016,996
354,4:51.61,Kimberly WOOD,,USA,4,,"Lincoln, NE (USA)",06 FEB 2016,996
355,4:51.62,Katherine TURNER,01 NOV 1993,GBR,2f3,,"Champaign, IL (USA)",16 JAN 2016,996
356,4:51.63,Karoline SKATTEBOE,28 JUL 1993,NOR,1f1,,"Houston, TX (USA)",30 JAN 2016,996
356,4:51.63,Ce'Aira BROWN,04 NOV 1993,USA,1f2,,"Landover, MD (USA)",13 FEB 2016,996
356,4:51.63,Alexis ZEIS,,USA,1,,"Fargo, ND (USA)",13 FEB 2016,996
359,4:51.65,Jenna CUPP,,USA,7f4,,"New York, NY (USA)",06 FEB 2016,996
360,4:51.66,Sabrina SOUTHERLAND,18 DEC 1995,USA,1f2,,"Annapolis, MD (USA)",01 DEC 2015,996
360,4:51.66,Melanie VLASIC,,USA,3f1,,"Blacksburg, VA (USA)",05 FEB 2016,996
362,4:51.72,Audrey BELF,28 DEC 1996,USA,2f1,,"Fairfax, VA (USA)",09 JAN 2016,995
362,4:51.72,Brenna CALDER,21 MAR 1996,USA,3,,"West Lafayette, IN (USA)",16 JAN 2016,995
364,4:51.75,Abby HONG,,USA,2,,"Annapolis, MD (USA)",30 JAN 2016,995
365,4:51.81,Mia ROSS,21 MAY 1995,AUS,4h3,,"Boston, MA (USA)",26 FEB 2016,995
366,4:51.82,Anna FARELLO,,USA,1f2,,"Portland, OR (USA)",04 FEB 2016,995
367,4:51.83,Caitlin DEVITT PAYNE,,USA,4,,"Albuquerque, NM (USA)",27 FEB 2016,995
368,4:51.84,Allie BUCHALSKI,12 JAN 1995,USA,1,,"Birmingham, AL (USA)",27 FEB 2016,995
369,4:51.86,Taylor AUSTIN,,USA,2f2,,"Bloomington, IN (USA)",12 FEB 2016,995
370,4:51.88,Veronica EDER,06 FEB 1995,USA,5,,"Lincoln, NE (USA)",06 FEB 2016,994
371,4:51.89,Katy KUNC,18 OCT 1995,USA,4f1,,"Blacksburg, VA (USA)",05 FEB 2016,994
372,4:51.92,Jamie STOKES,01 APR 1994,USA,8h1,,"Birmingham, AL (USA)",11 MAR 2016,994
373,4:51.93,Kidan KIDANE,12 JUN 1994,ETH,1,,"Winston Salem, NC (USA)",27 FEB 2016,994
374,4:51.95,Aynslee VAN GRAAN,15 DEC 1995,RSA,3f1,,"Birmingham, AL (USA)",12 FEB 2016,994
374,4:51.95,Jamie STOKES,01 APR 1994,USA,1f2,,"Bozeman, MT (USA)",27 FEB 2016,994
376,4:52.11,Bridget BLAKE,09 MAY 1995,USA,5f1,,"Birmingham, AL (USA)",23 JAN 2016,993
376,4:52.11,Amy DARLINGTON,21 AUG 1994,USA,1f2,,NY (USA),12 FEB 2016,993
378,4:52.24,Dana KLEIN,,USA,1,,"Hanover, NH (USA)",23 JAN 2016,992
378,4:52.24,Alexis PANISSE,21 JUN 1993,DOM,1h1,,"Birmingham, AL (USA)",28 FEB 2016,992
380,4:52.25,Jenna CUPP,,USA,5,,"Boston, MA (USA)",06 MAR 2016,992
381,4:52.27,Suzi BOAST,29 MAR 1990,GBR,3f1,,"Albuquerque, NM (USA)",13 FEB 2016,992
382,4:52.28,Emily GAPINSKI,,USA,1,,"Grinnell, IA (USA)",12 MAR 2016,992
383,4:52.30,Maegan DOODY,23 MAR 1998,USA,6,,"Reggie Lewis Center, Boston, MA (USA)",14 FEB 2016,992
384,4:52.33,Mirelle MARTENS,05 FEB 1996,CAN,1f2,,"Pullman, WA (USA)",06 FEB 2016,991
385,4:52.36,Tricia TERRY,,USA,2f1,,"Houston, TX (USA)",30 JAN 2016,991
386,4:52.37,Clarissa WHITING,,USA,9f1,,NY (USA),12 FEB 2016,991
387,4:52.38,Corinne COMINATOR,05 JUN 1994,USA,1,,"Bloomington, IN (USA)",09 JAN 2016,991
388,4:52.41,Sophie CONNOR,21 MAY 1993,GBR,2f1,,"Albuquerque, NM (USA)",30 JAN 2016,991
388,4:52.41,Annie HEFFERNAN,05 JUL 1996,USA,5f1,,"Bloomington, IN (USA)",30 JAN 2016,991
390,4:52.42,Amy DARLINGTON,21 AUG 1994,USA,3,,"Annapolis, MD (USA)",30 JAN 2016,991
391,4:52.47,Josette NORRIS,15 DEC 1995,USA,5f1,,"Blacksburg, VA (USA)",05 FEB 2016,990
391,4:52.47,Grace BRITTAN,,USA,2h2,,"Boston, MA (USA)",05 MAR 2016,990
393,4:52.50,Henna RUSTAMI,,USA,2,,"Hanover, NH (USA)",23 JAN 2016,990
393,4:52.50,Kaitlin HANSS,,USA,2f2,,NY (USA),12 FEB 2016,990
393,4:52.50,Meredith RIZZO,07 FEB 1995,USA,1h3,,"Boston, MA (USA)",05 MAR 2016,990
396,4:52.57,Maryann GONG,07 JAN 1996,USA,1f1,,"Boston, MA (USA)",06 FEB 2016,990
397,4:52.61,Katherine MACNEAL,16 DEC 1995,USA,8h1,,"Fayetteville, AR (USA)",26 FEB 2016,989
398,4:52.66,Helen SCHLACHTENHAUFEN,14 MAR 1995,USA,10f2,,"Boston, MA (USA)",12 FEB 2016,989
399,4:52.67,Samantha JONES,31 JAN 1994,USA,6f1,,"Blacksburg, VA (USA)",05 FEB 2016,989
400,4:52.68,Kristen NIEDRACH,1994,USA,1f2,,"University Park, PA (USA)",06 FEB 2016,989
401,4:52.75,Laura YARROW,1993,USA,5,,"Albuquerque, NM (USA)",27 FEB 2016,989
402,4:52.76,Emilee TROST,19 SEP 1995,USA,1f2,,"Mankato, MN (USA)",23 JAN 2016,988
403,4:52.77,Diana VIZZA,19 APR 1998,USA,3,,"New York, NY (USA)",20 FEB 2016,988
404,4:52.79,Hannah BONAGUIDI,,USA,4,,"New York, NY (USA)",20 FEB 2016,988
404,4:52.79,Anne TWOMBLY,,USA,1f2,,NY (USA),20 FEB 2016,988
406,4:52.82,Greta LINDSLEY,17 MAY 1996,USA,2f2,,"University Park, PA (USA)",06 FEB 2016,988
406,4:52.82,Skylair HILTON,,USA,6f1,,NY (USA),27 FEB 2016,988
408,4:52.83,Jessica PARKER,,USA,4,,NY (USA),27 FEB 2016,988
409,4:52.86,Jacqueline KATZMAN,1995,USA,2f3,,"Boston, MA (USA)",29 JAN 2016,988
410,4:52.88,Anna BOYERT,04 OCT 1993,USA,2f1,,"College Station, TX (USA)",16 JAN 2016,988
411,4:52.89,Helen SCHLACHTENHAUFEN,14 MAR 1995,USA,1h2,,"Ithaca, NY (USA)",27 FEB 2016,988
411,4:52.89,Kelly MCSHEA,19 SEP 1992,USA,1,,"Cedar Falls, IA (USA)",28 FEB 2016,988
413,4:52.92,Noora WALLENIUS,05 JAN 1996,FIN,1f1,,"Birmingham, AL (USA)",07 FEB 2016,987
414,4:52.98,Haley HARRIS,,USA,3f2,,"Bloomington, IN (USA)",12 FEB 2016,987
415,4:53.01,Micah HUCKABEE,,USA,1,,"Fayetteville, AR (USA)",12 FEB 2016,987
416,4:53.02,Alexandra MARKOVICH,,USA,3f2,,NY (USA),29 JAN 2016,987
417,4:53.03,Gabrielle WILKINSON,10 JUN 1999,USA,5,,"New York, NY (USA)",20 FEB 2016,987
418,4:53.11,Miranda SALVO,,USA,7h1,,"Boston, MA (USA)",26 FEB 2016,986
419,4:53.12,Haley PIERCE,21 JAN 1994,USA,6f1,,"University Park, PA (USA)",16 JAN 2016,986
420,4:53.14,Marissa DEWISPELARE,,USA,2f2,,"Lincoln, NE (USA)",20 FEB 2016,986
421,4:53.16,Autumn EASTMAN,,USA,7f1,,"University Park, PA (USA)",16 JAN 2016,986
422,4:53.22,Karisa NELSON,12 JUN 1996,USA,2,,"Birmingham, AL (USA)",27 FEB 2016,985
423,4:53.26,Nozomi Musembi TAKAMATSU,31 AUG 1997,JPN,2,,"Portland, OR (USA)",15 JAN 2016,985
423,4:53.26,Elsa RACASAN,09 JAN 1997,FRA,3f1,,"Houston, TX (USA)",30 JAN 2016,985
423,4:53.26,Brooke KOBLITZ,1993,USA,6h2,,"Fayetteville, AR (USA)",26 FEB 2016,985
426,4:53.28,Brenna CALDER,21 MAR 1996,USA,2,,"Bloomington, IN (USA)",09 JAN 2016,985
427,4:53.33,Corinne COMINATOR,05 JUN 1994,USA,1,,"Bloomington, IN (USA)",11 DEC 2015,985
428,4:53.37,Martina RODRIGUEZ,17 FEB 1995,ESP,2h1,,"Birmingham, AL (USA)",28 FEB 2016,984
429,4:53.40,Dana GIORDANO,30 DEC 1993,USA,1f2,,"Boston, MA (USA)",29 JAN 2016,984
430,4:53.41,Brianna JOHNSON,23 JUN 1992,USA,3,,"Bloomington, IN (USA)",09 JAN 2016,984
430,4:53.41,Tracy CAMPBELL,,USA,3f3,,"New York, NY (USA)",21 FEB 2016,984
432,4:53.43,Stephanie VAN PELT,04 MAY 1994,USA,10f1,,"Boston, MA (USA)",29 JAN 2016,984
432,4:53.43,Lilian KOECH,,KEN,1f3,,"Birmingham, AL (USA)",25 FEB 2016,984
434,4:53.44,Savanna PLOMBON,,USA,2f1,,"University Park, PA (USA)",30 JAN 2016,984
434,4:53.44,Helen SCHLACHTENHAUFEN,14 MAR 1995,USA,1,,"Ithaca, NY (USA)",28 FEB 2016,984
436,4:53.46,Emily GAPINSKI,,USA,1f1,,"Minneapolis, MN (USA)",20 FEB 2016,984
436,4:53.46,Hannah OLSON,,USA,2,,"Mankato, MN (USA)",27 FEB 2016,984
436,4:53.46,Anne-Marie BLANEY,09 SEP 1993,USA,3h1,,"Birmingham, AL (USA)",28 FEB 2016,984
439,4:53.52,Laura LABUSCHAGNE,22 MAR 1996,RSA,2f1,,"Birmingham, AL (USA)",07 FEB 2016,983
440,4:53.53,Chelsea JARVIS,23 JAN 1996,GBR,2,,"Birmingham, AL (USA)",15 JAN 2016,983
441,4:53.57,Arin RICE,15 SEP 1994,USA,9h1,,"Fayetteville, AR (USA)",26 FEB 2016,983
442,4:53.58,Ashley MONTGOMERY,,USA,2,,"Ithaca, NY (USA)",28 FEB 2016,983
443,4:53.59,Christine BENDZINSKI,,USA,3f1,,"University Park, PA (USA)",30 JAN 2016,983
443,4:53.59,Rachel SCHILKOWSKY,15 APR 1992,USA,2f1,,"Boston, MA (USA)",06 FEB 2016,983
445,4:53.61,Alanna MCDONOUGH,,USA,7f3,,"Boston, MA (USA)",12 FEB 2016,983
446,4:53.63,Lauren HAMILTON,,USA,6,,"Albuquerque, NM (USA)",27 FEB 2016,983
447,4:53.65,Katie BURFORD,,USA,3f1,,"College Station, TX (USA)",16 JAN 2016,982
448,4:53.66,Paige KOUBA,,USA,3,,"Ithaca, NY (USA)",28 FEB 2016,982
449,4:53.68,Abbe GOLDSTEIN,18 JUN 1999,USA,6,,"New York, NY (USA)",20 FEB 2016,982
450,4:53.69,Jenna CUPP,,USA,4f1,,"University Park, PA (USA)",30 JAN 2016,982
451,4:53.70,Frances SCHMIEDE,04 JUN 1993,AUS,4,,"Ithaca, NY (USA)",28 FEB 2016,982
452,4:53.71,Lily FLYNN,20 FEB 2001,USA,7,,"Reggie Lewis Center, Boston, MA (USA)",14 FEB 2016,982
453,4:53.72,Grace GRIM,,USA,8f1,,NY (USA),06 FEB 2016,982
453,4:53.72,Rachael SHINE,,USA,8f3,,"Boston, MA (USA)",12 FEB 2016,982
453,4:53.72,Taylor CARCELLA,,USA,2f3,,"Birmingham, AL (USA)",25 FEB 2016,982
456,4:53.73,Emma GALBRAITH,1994,CAN,1,,"Lawrence, KS (USA)",29 JAN 2016,982
457,4:53.75,Grace BARNETT,29 JUN 1995,USA,1f1,,"Clemson, SC (USA)",09 JAN 2016,982
458,4:53.83,Melissa AGNEW,,USA,2f1,,"Minneapolis, MN (USA)",20 FEB 2016,981
459,4:53.84,Heather MACLEAN,31 AUG 1995,USA,1f2,,"Kingston, RI (USA)",21 FEB 2016,981
460,4:53.85,Stella RADFORD,25 JUN 1995,AUS,7f1,,"Blacksburg, VA (USA)",05 FEB 2016,981
461,4:53.87,Olivia PRATT,21 JAN 1994,USA,1,,"Charleston, IL (USA)",11 DEC 2015,981
462,4:53.89,Emily HARRIS,,USA,1f3,,"Lincoln, NE (USA)",19 FEB 2016,981
462,4:53.89,Amanda CORBOSIERO,,USA,2f2,,"Kingston, RI (USA)",21 FEB 2016,981
464,4:53.90,Tereza NOVOTNÁ,20 MAY 1992,CZE,1f2,,"University Park, PA (USA)",20 FEB 2016,981
465,4:53.91,Madison STENGER,,USA,4,,"Bloomington, IN (USA)",09 JAN 2016,981
465,4:53.91,Abbey WHEELER,29 OCT 1998,USA,5f2,,"New York, NY (USA)",13 MAR 2016,981
467,4:53.92,Joanna MCCOY,1994,USA,3f1,,"Birmingham, AL (USA)",07 FEB 2016,981
468,4:53.93,Sarah ASTIN,22 OCT 1993,GBR,5h3,,"Boston, MA (USA)",26 FEB 2016,981
469,4:53.95,Libby KOKES,05 FEB 1997,USA,3,,"Hanover, NH (USA)",23 JAN 2016,980
470,4:53.96,Jenna CUPP,,USA,3h2,,"Boston, MA (USA)",05 MAR 2016,980
471,4:53.97,Ansley BOS,,USA,3,,"Birmingham, AL (USA)",27 FEB 2016,980
472,4:54.00,Elsa RACASAN,09 JAN 1997,FRA,3f3,,"Birmingham, AL (USA)",25 FEB 2016,980
473,4:54.01,Olivia ANDERSON,13 JAN 1994,USA,1,,"Chapel Hill, NC (USA)",15 JAN 2016,980
474,4:54.02,Frances SCHMIEDE,04 JUN 1993,AUS,1h1,,"Ithaca, NY (USA)",27 FEB 2016,980
475,4:54.03,Sarah PEASE,09 NOV 1987,USA,6f1,,"Bloomington, IN (USA)",30 JAN 2016,980
476,4:54.10,Kassidy AYRES,,USA,2f3,,"New York, NY (USA)",06 FEB 2016,979
476,4:54.10,Kelsey HARRIS,,USA,4f2,,"Bloomington, IN (USA)",12 FEB 2016,979
478,4:54.11,Nicole BOROFSKI,05 APR 1995,USA,2f2,,"Boston, MA (USA)",29 JAN 2016,979
479,4:54.12,Hollie PARKER,20 DEC 1996,USA,7h2,,"Fayetteville, AR (USA)",26 FEB 2016,979
480,4:54.16,Ashley WEST,,USA,2f2,,"University Park, PA (USA)",20 FEB 2016,979
481,4:54.17,Ciara ROCHE,,USA,7,,"New York, NY (USA)",20 FEB 2016,979
482,4:54.18,Caitlin DEVITT PAYNE,,USA,1f1,,"Nampa, ID (USA)",16 JAN 2016,979
483,4:54.20,Kendall HACKER,,USA,1f2,,"Birmingham, AL (USA)",23 JAN 2016,979
483,4:54.20,Alexandra MARKOVICH,,USA,3f2,,NY (USA),12 FEB 2016,979
483,4:54.20,Olivia SADLER,01 MAY 1994,GBR,2h1,,"Ithaca, NY (USA)",27 FEB 2016,979
486,4:54.21,Britt UMMELS,24 AUG 1993,NED,6f1,,"Birmingham, AL (USA)",23 JAN 2016,979
487,4:54.26,Lucy CROOKES,04 MAY 1993,GBR,2f1,,"Birmingham, AL (USA)",04 DEC 2015,978
487,4:54.26,Elsa RACASAN,09 JAN 1997,FRA,11f1,,"College Station, TX (USA)",06 FEB 2016,978
489,4:54.28,Sarah COTTON,13 JUN 1994,USA,8f1,,"University Park, PA (USA)",16 JAN 2016,978
489,4:54.28,Caroline KELLNER,15 JAN 1994,USA,3f2,,"University Park, PA (USA)",06 FEB 2016,978
489,4:54.28,Grace THOMPSON,1997,CAN,1f4,,"Boston, MA (USA)",12 FEB 2016,978
492,4:54.31,Laura CUMMINGS,17 SEP 1987,USA,11f2,,"Boston, MA (USA)",12 FEB 2016,978
493,4:54.32,Hannah CHAPPELL-DICK,,USA,2,,"Grinnell, IA (USA)",12 MAR 2016,978
494,4:54.34,Diana VIZZA,19 APR 1998,USA,1,,"New York, NY (USA)",13 JAN 2016,978
495,4:54.35,Kristina BOYKOVA,15 NOV 1995,RUS,5,,St. Petersburg (RUS),07 FEB 2016,978
496,4:54.36,Abbe GOLDSTEIN,18 JUN 1999,USA,2,,"New York, NY (USA)",13 JAN 2016,978
496,4:54.36,Helen SCHLACHTENHAUFEN,14 MAR 1995,USA,4,,"Hanover, NH (USA)",23 JAN 2016,978
498,4:54.45,Carol STROCK,,USA,1f1,,"Blacksburg, VA (USA)",19 FEB 2016,977
498,4:54.45,Margie CULLEN,17 MAR 1998,USA,1f2,,"Boston, MA (USA)",20 FEB 2016,977
498,4:54.45,Paige KOUBA,,USA,3h1,,"Ithaca, NY (USA)",27 FEB 2016,977
498,4:54.45,Laura WILLIAMSON,19 OCT 1993,USA,1h1,,"Boston, MA (USA)",05 MAR 2016,977
502,4:54.47,Ashley MONTGOMERY,,USA,2h2,,"Ithaca, NY (USA)",27 FEB 2016,977
503,4:54.52,Emily MARTIN,21 NOV 1996,USA,2f3,,"Lincoln, NE (USA)",19 FEB 2016,977
504,4:54.54,Amy DARLINGTON,21 AUG 1994,USA,4h1,,"Ithaca, NY (USA)",27 FEB 2016,976
505,4:54.57,Jaclyn SOLIMINE,,USA,2h3,,"Boston, MA (USA)",05 MAR 2016,976
506,4:54.59,Amy KELLY,,USA,1f2,,"Blacksburg, VA (USA)",05 FEB 2016,976
507,4:54.60,Kidan KIDANE,12 JUN 1994,ETH,4f1,,"Birmingham, AL (USA)",07 FEB 2016,976
508,4:54.61,Sarah HOLL,,USA,1f3,,NY (USA),12 FEB 2016,976
509,4:54.63,Maggie DRAZBA,17 SEP 1995,USA,3,,"Winston Salem, NC (USA)",11 FEB 2016,976
510,4:54.64,Rachel SOWINSKI,,USA,1f3,,"Boston, MA (USA)",27 FEB 2016,976
511,4:54.65,Benadate CHERUIYOT,,KEN,7f1,,"Bloomington, IN (USA)",30 JAN 2016,976
512,4:54.67,Maryann GONG,07 JAN 1996,USA,3,,"Grinnell, IA (USA)",12 MAR 2016,976
513,4:54.69,Melinda RENUART,,USA,4f2,,NY (USA),29 JAN 2016,975
513,4:54.69,Brooke KOBLITZ,1993,USA,4f1,,"Birmingham, AL (USA)",12 FEB 2016,975
515,4:54.71,Jessica LAWSON,25 JAN 1999,USA,1,,"New York, NY (USA)",06 FEB 2016,975
515,4:54.71,Isabella FRANZ,,USA,2f3,,"Boston, MA (USA)",27 FEB 2016,975
517,4:54.73,Laura BESS,,USA,7f1,,"Bloomington, IN (USA)",22 JAN 2016,975
517,4:54.73,Emma HUSTON,,USA,1,,"Cedar Falls, IA (USA)",30 JAN 2016,975
517,4:54.73,Lexy HALLADAY,23 JUL 2001,USA,1f3,,"Nampa, ID (USA)",06 FEB 2016,975
520,4:54.74,Jane RICARDI,,USA,1,,"Pocatello, ID (USA)",16 JAN 2016,975
521,4:54.78,Chelsey ALBERTSON,,USA,2,,"College Station, TX (USA)",23 JAN 2016,975
522,4:54.79,Eliza REGO,,USA,8,,"Reggie Lewis Center, Boston, MA (USA)",14 FEB 2016,975
523,4:54.80,Maria MCDANIEL,15 OCT 1995,USA,1f1,,"Bowling Green, OH (USA)",09 JAN 2016,975
524,4:54.81,Nashia BAKER,,USA,2,,"Lawrence, KS (USA)",29 JAN 2016,975
525,4:54.83,Rosie DONEGAN,01 JUL 1993,AUS,2f2,,NY (USA),20 FEB 2016,975
526,4:54.85,Shelby BROWN,09 DEC 1995,USA,2f2,,"Birmingham, AL (USA)",23 JAN 2016,974
527,4:54.87,Aurora SELSTAD DYBEDOKKEN,08 OCT 1995,NOR,4f1,,"Fayetteville, AR (USA)",30 JAN 2016,974
528,4:54.88,Kelsey MCKEE,,USA,5f1,,"Fayetteville, AR (USA)",30 JAN 2016,974
529,4:54.89,Olivia HIPPENSTEEL,05 AUG 1994,USA,1f2,,"Bloomington, IN (USA)",22 JAN 2016,974
530,4:54.99,Sarah DALY,,USA,3f2,,NY (USA),20 FEB 2016,973
531,4:55.00,Kathryn LOUGHNANE,,USA,1f2,,"Boston, MA (USA)",27 FEB 2016,973
532,4:55.03,Darby GILFILLAN,,USA,2,,"Lincoln, NE (USA)",23 JAN 2016,973
533,4:55.05,Courtney MUNLEY,1995,USA,3f2,,"Hillsdale, MI (USA)",09 JAN 2016,973
534,4:55.09,Malika BAKER,,USA,3,,"Lawrence, KS (USA)",29 JAN 2016,973
535,4:55.11,Briana GESS,06 AUG 1998,USA,3,,"New York, NY (USA)",13 JAN 2016,973
535,4:55.11,Kelly MCSHEA,19 SEP 1992,USA,1,,"Terre Haute, IN (USA)",15 JAN 2016,973
535,4:55.11,Kaleigh HUGHES,,USA,1f2,,NY (USA),06 FEB 2016,973
538,4:55.12,Katie WATSON,28 AUG 1992,USA,2,,"Fayetteville, AR (USA)",12 FEB 2016,973
539,4:55.15,Grace BRITTAN,,USA,6,,"Boston, MA (USA)",06 MAR 2016,972
540,4:55.17,Delaney MILLER,,USA,2f3,,NY (USA),12 FEB 2016,972
540,4:55.17,Aleta LOOKER,,USA,3f2,,"University Park, PA (USA)",20 FEB 2016,972
540,4:55.17,Olivia SADLER,01 MAY 1994,GBR,5,,"Ithaca, NY (USA)",28 FEB 2016,972
543,4:55.19,Stacie TAYLOR,12 OCT 1995,GBR,4,,"Lawrence, KS (USA)",29 JAN 2016,972
543,4:55.19,Teylar ADELSEBERGER,,USA,1f2,,"Lincoln, NE (USA)",06 FEB 2016,972
543,4:55.19,Libby KOKES,05 FEB 1997,USA,6,,"Ithaca, NY (USA)",28 FEB 2016,972
543,4:55.19,Rebekah TOPHAM,30 JUN 1996,USA,2,,"Cedar Falls, IA (USA)",28 FEB 2016,972
547,4:55.20,Delaney MILLER,,USA,5f2,,NY (USA),29 JAN 2016,972
548,4:55.22,Tricia SERRES,,USA,4,,"Grinnell, IA (USA)",12 MAR 2016,972
549,4:55.23,Amy YEOMAN,,USA,2f2,,"Nashville, TN (USA)",27 FEB 2016,972
550,4:55.24,Karina ERNST,28 JUN 1994,USA,11f1,,"Boston, MA (USA)",29 JAN 2016,972
551,4:55.31,Jenna WYNS,16 AUG 1993,BEL,5f1,,"University Park, PA (USA)",30 JAN 2016,971
552,4:55.33,Lauren HAMILTON,,USA,1h1,,"Albuquerque, NM (USA)",26 FEB 2016,971
553,4:55.36,Brenna PELOQUIN,,USA,2f1,,"Nampa, ID (USA)",16 JAN 2016,971
554,4:55.37,Carina GILLESPIE,22 JAN 1995,USA,2h1,,"Albuquerque, NM (USA)",26 FEB 2016,971
555,4:55.38,Kinsey MIDDLETON,22 NOV 1992,CAN,2f2,,"Bozeman, MT (USA)",27 FEB 2016,971
555,4:55.38,Jaclyn SOLIMINE,,USA,3f3,,"Boston, MA (USA)",27 FEB 2016,971
557,4:55.39,Laura YARROW,1993,USA,3h1,,"Albuquerque, NM (USA)",26 FEB 2016,971
558,4:55.40,Corinne COMINATOR,05 JUN 1994,USA,5f2,,"Bloomington, IN (USA)",12 FEB 2016,971
559,4:55.41,Christine BENDZINSKI,,USA,1f2,,"Boston, MA (USA)",21 FEB 2016,971
560,4:55.45,Jaclyn SOLIMINE,,USA,3f2,,"Boston, MA (USA)",21 JAN 2016,970
561,4:55.46,Libby KOKES,05 FEB 1997,USA,3h2,,"Ithaca, NY (USA)",27 FEB 2016,970
562,4:55.47,Sophie CONNOR,21 MAY 1993,GBR,4h1,,"Albuquerque, NM (USA)",26 FEB 2016,970
563,4:55.48,Grace THOMPSON,1997,CAN,3f2,,"Boston, MA (USA)",29 JAN 2016,970
564,4:55.50,Brittany NEELEY,28 JUL 1994,USA,3,,"Cedar Falls, IA (USA)",28 FEB 2016,970
565,4:55.51,Courtney COPPINGER,,USA,2f2,,"Lincoln, NE (USA)",06 FEB 2016,970
566,4:55.56,Cleo WHITING,,USA,4,,"Annapolis, MD (USA)",30 JAN 2016,970
567,4:55.57,Tia TARDY,,USA,1f2,,"New York, NY (USA)",11 MAR 2016,970
568,4:55.59,Karina ERNST,28 JUN 1994,USA,3h3,,"Boston, MA (USA)",05 MAR 2016,969
569,4:55.61,Haley JOHNSON,01 DEC 1993,USA,2,,"Minneapolis, MN (USA)",23 JAN 2016,969
570,4:55.63,Jessica DROP,07 OCT 1998,USA,1,,"New York, NY (USA)",19 DEC 2015,969
571,4:55.65,Elizabeth BIRD,04 OCT 1994,GBR,7,,"Ithaca, NY (USA)",28 FEB 2016,969
572,4:55.67,Sarah CHANDLER,,USA,2f2,,"Boston, MA (USA)",21 FEB 2016,969
573,4:55.68,Olivia ARIZIN,16 MAR 1999,USA,8,,"New York, NY (USA)",20 FEB 2016,969
573,4:55.68,Kate POUDER,,USA,4f2,,NY (USA),20 FEB 2016,969
575,4:55.69,Emma HUSTON,,USA,1f2,,"Lincoln, NE (USA)",15 JAN 2016,969
575,4:55.69,Sarah RAPP,09 MAR 1993,USA,4f1,,"Houston, TX (USA)",30 JAN 2016,969
577,4:55.70,Nikki LONG,10 NOV 1990,USA,1f2,,"Boston, MA (USA)",28 FEB 2016,969
578,4:55.72,Kendra FOLEY,,USA,3f2,,"Tiffin, OH (USA)",28 FEB 2016,969
579,4:55.73,Melanie VLASIC,,USA,9f1,,"University Park, PA (USA)",16 JAN 2016,968
579,4:55.73,Aleta LOOKER,,USA,2f2,,NY (USA),06 FEB 2016,968
581,4:55.74,Suzi BOAST,29 MAR 1990,GBR,1f1,,"Albuquerque, NM (USA)",06 FEB 2016,968
581,4:55.74,Colleen WEATHERFORD,,USA,5,,NY (USA),27 FEB 2016,968
583,4:55.77,Michelle MCKINNEY,,USA,1,,"Fayetteville, AR (USA)",12 FEB 2016,968
584,4:55.78,Caroline BARLOW,,USA,1f2,,"Birmingham, AL (USA)",12 FEB 2016,968
585,4:55.83,Sydney ENGELBERGER,,USA,4f2,,"Boston, MA (USA)",29 JAN 2016,968
585,4:55.83,Carol STROCK,,USA,2h1,,"Boston, MA (USA)",05 MAR 2016,968
587,4:55.84,Tracy CAMPBELL,,USA,3h1,,"Boston, MA (USA)",05 MAR 2016,968
588,4:55.85,Haley ANDERSON,19 JAN 1996,USA,8h1,,"Boston, MA (USA)",26 FEB 2016,968
589,4:55.86,Moriah PALMER,,USA,1,,"Kenosha, WI (USA)",30 JAN 2016,968
590,4:55.88,Meropi PANAGIOTOU,01 DEC 1994,CYP,7f1,,"Birmingham, AL (USA)",23 JAN 2016,967
590,4:55.88,Jessica LAWSON,25 JAN 1999,USA,9,,"New York, NY (USA)",20 FEB 2016,967
592,4:55.90,Haley HARRIS,,USA,8f1,,"Bloomington, IN (USA)",30 JAN 2016,967
592,4:55.90,Lexa BARROTT,,USA,3f1,,"New York, NY (USA)",13 MAR 2016,967
594,4:55.92,Karina ERNST,28 JUN 1994,USA,9f3,,"Boston, MA (USA)",12 FEB 2016,967
595,4:55.94,Holly ARCHER,07 NOV 1993,GBR,5f1,,"Houston, TX (USA)",30 JAN 2016,967
596,4:55.96,Mady CLAHANE,,USA,4,,"New York, NY (USA)",13 JAN 2016,967
596,4:55.96,Maryn LOWRY,,USA,1f2,,"Fayetteville, AR (USA)",30 JAN 2016,967
598,4:55.98,Hannah BONAGUIDI,,USA,1,,"New York, NY (USA)",01 MAR 2016,967
599,4:55.99,Emma GARNER,,USA,4,,"Birmingham, AL (USA)",27 FEB 2016,967
599,4:55.99,Caroline TIMM,15 JUN 2000,USA,6f2,,"New York, NY (USA)",13 MAR 2016,967
601,4:56.00,Holly PETRUSSON,24 JUL 1995,USA,4f2,,"Hillsdale, MI (USA)",09 JAN 2016,967
602,4:56.03,Elianna SHWAYDER,,USA,6f2,,NY (USA),29 JAN 2016,966
603,4:56.04,Brigid BRENNAN,,USA,7,,"Boston, MA (USA)",06 MAR 2016,966
604,4:56.08,Kate RAPHAEL,,USA,1f1,,"New Haven, CT (USA)",05 DEC 2015,966
604,4:56.08,Andrea MASTERSON,,USA,2f4,,"Boston, MA (USA)",12 FEB 2016,966
606,4:56.09,Lindsey BELLARAN,06 AUG 1994,USA,1f2,,"Bethlehem, PA (USA)",16 JAN 2016,966
606,4:56.09,Brittany BOHN,,USA,3f2,,"Nashville, TN (USA)",27 FEB 2016,966
606,4:56.09,Brigid BRENNAN,,USA,4h3,,"Boston, MA (USA)",05 MAR 2016,966
609,4:56.10,Caitlin BUSCH,30 MAR 1994,USA,3f3,,"Champaign, IL (USA)",16 JAN 2016,966
610,4:56.11,Alesha VOVK,,USA,1f1,,"Columbus, OH (USA)",19 FEB 2016,966
610,4:56.11,Tessa MUNDELL,,USA,4h2,,"Boston, MA (USA)",05 MAR 2016,966
612,4:56.12,Noora WALLENIUS,05 JAN 1996,FIN,1f2,,"Birmingham, AL (USA)",23 FEB 2016,966
613,4:56.13,Martina RODRIGUEZ,17 FEB 1995,ESP,1,,"Birmingham, AL (USA)",29 FEB 2016,966
613,4:56.13,Julia KEARLEY,1997,CAN,4h1,,"Boston, MA (USA)",05 MAR 2016,966
615,4:56.14,Lilly SANIEL-BANREY,,USA,2f1,,"Columbus, OH (USA)",19 FEB 2016,966
616,4:56.15,Kaila URICK,,USA,3,,"Minneapolis, MN (USA)",23 JAN 2016,966
616,4:56.15,Maryann GONG,07 JAN 1996,USA,1f2,,"Middlebury, VT (USA)",20 FEB 2016,966
618,4:56.16,Diana GARCIA-MUNOZ,09 AUG 1995,USA,4f1,,"College Station, TX (USA)",16 JAN 2016,966
618,4:56.16,Hannah CHAPPELL-DICK,,USA,2f1,,"Blacksburg, VA (USA)",19 FEB 2016,966
618,4:56.16,Briana GESS,06 AUG 1998,USA,10,,"New York, NY (USA)",20 FEB 2016,966
621,4:56.18,Kelsey CHMIEL,01 AUG 2001,USA,9,,"Reggie Lewis Center, Boston, MA (USA)",14 FEB 2016,965
622,4:56.19,Jessica DROP,07 OCT 1998,USA,2,,"New York, NY (USA)",01 MAR 2016,965
623,4:56.20,Nikki LONG,10 NOV 1990,USA,5f2,,"Boston, MA (USA)",29 JAN 2016,965
623,4:56.20,Meggan GRAMS,,USA,4f2,,"Nashville, TN (USA)",27 FEB 2016,965
625,4:56.21,Brianna NERUD,16 SEP 1994,USA,6f1,,"Fayetteville, AR (USA)",30 JAN 2016,965
626,4:56.25,Alexis PANISSE,21 JUN 1993,DOM,2,,"Birmingham, AL (USA)",29 FEB 2016,965
627,4:56.26,Haley HARRIS,,USA,2,,"Bloomington, IN (USA)",11 DEC 2015,965
627,4:56.26,Alanna MCDONOUGH,,USA,5,,"Grinnell, IA (USA)",12 MAR 2016,965
629,4:56.27,Katherine RECEVEUR,19 JAN 1996,USA,3,,"Bloomington, IN (USA)",11 DEC 2015,965
629,4:56.27,Amber SCHULTZ,27 DEC 1990,USA,2,,"Pocatello, ID (USA)",16 JAN 2016,965
629,4:56.27,Maggie ALLEN,,USA,6f2,,"Bloomington, IN (USA)",12 FEB 2016,965
629,4:56.27,Amirah JOHNSON,15 FEB 1993,USA,4h1,,"Birmingham, AL (USA)",28 FEB 2016,965
633,4:56.28,Melanie VLASIC,,USA,6f1,,"University Park, PA (USA)",30 JAN 2016,965
634,4:56.29,Hannah GRUBB,,USA,5f1,,"College Station, TX (USA)",16 JAN 2016,965
634,4:56.29,Cornelia GRIESCHE,28 AUG 1993,GER,3f2,,"Birmingham, AL (USA)",23 JAN 2016,965
636,4:56.33,Greta LINDSLEY,17 MAY 1996,USA,10f1,,NY (USA),12 FEB 2016,964
636,4:56.33,Nikki LONG,10 NOV 1990,USA,3f4,,"Boston, MA (USA)",12 FEB 2016,964
636,4:56.33,Delaney MILLER,,USA,5h1,,"Ithaca, NY (USA)",27 FEB 2016,964
639,4:56.34,Jessica ACKERMAN,,USA,3f3,,NY (USA),12 FEB 2016,964
639,4:56.34,Sarah KELLEY,21 SEP 1990,USA,2f2,,"Middlebury, VT (USA)",20 FEB 2016,964
639,4:56.34,Ariel KEKLAK,03 MAR 1998,USA,10f3,,"New York, NY (USA)",13 MAR 2016,964
642,4:56.37,Kelsey HARRIS,,USA,4,,"Bloomington, IN (USA)",11 DEC 2015,964
642,4:56.37,Laura YARROW,1993,USA,3,,"Lincoln, NE (USA)",23 JAN 2016,964
644,4:56.39,Sharon LOKEDI,10 MAR 1994,KEN,1,,"Lawrence, KS (USA)",15 JAN 2016,964
644,4:56.39,Emily GAPINSKI,,USA,1f3,,"Northfield, MN (USA)",04 MAR 2016,964
646,4:56.40,Ce'Aira BROWN,04 NOV 1993,USA,4f1,,"Fairfax, VA (USA)",09 JAN 2016,964
646,4:56.40,Sarah KELLEY,21 SEP 1990,USA,6,,"Grinnell, IA (USA)",12 MAR 2016,964
648,4:56.41,Sonja FRIEND-UHL,22 MAR 1971,USA,1f1,,"Birmingham, AL (USA)",31 JAN 2016,964
649,4:56.42,Allie WILSON,31 MAR 1996,USA,4f3,,"New York, NY (USA)",21 FEB 2016,964
650,4:56.45,Laura WILLIAMSON,19 OCT 1993,USA,3,,"Birmingham, AL (USA)",29 FEB 2016,964
650,4:56.45,Marissa COOMBS,,USA,7,,"Grinnell, IA (USA)",12 MAR 2016,964
652,4:56.46,Ersula FARROW,20 NOV 1997,USA,2f1,,"Clemson, SC (USA)",29 JAN 2016,964
653,4:56.48,Aynslee VAN GRAAN,15 DEC 1995,RSA,2,,"Blacksburg, VA (USA)",27 FEB 2016,963
654,4:56.51,Abby HALBROOK,03 JAN 1996,USA,1f2,,"Boston, MA (USA)",22 JAN 2016,963
654,4:56.51,Megan REILLY,,USA,7f2,,"New York, NY (USA)",13 MAR 2016,963
656,4:56.52,Nora MCUMBER,,USA,2f1,,"Cambridge, MA (USA)",05 FEB 2016,963
657,4:56.57,Madeline PEREZ,24 JUN 1996,USA,5f1,,"Fairfax, VA (USA)",09 JAN 2016,963
657,4:56.57,Colleen WEATHERFORD,,USA,8f1,,"Bloomington, IN (USA)",22 JAN 2016,963
657,4:56.57,Rachel POCRATSKY,23 JAN 1997,USA,2f2,,"Blacksburg, VA (USA)",05 FEB 2016,963
660,4:56.59,Angelyn MASTERS,,USA,2f2,,"Boston, MA (USA)",27 FEB 2016,963
660,4:56.59,Sydney SMITH,,USA,8,,"Grinnell, IA (USA)",12 MAR 2016,963
662,4:56.61,Melissa FAIRCHILD,,USA,5h3,,"Boston, MA (USA)",05 MAR 2016,963
663,4:56.62,Jenna CUPP,,USA,5f3,,"New York, NY (USA)",21 FEB 2016,963
664,4:56.63,Julia WEBB,14 FEB 1983,USA,8f1,,"Portland, OR (USA)",29 JAN 2016,962
664,4:56.63,Ellen CROOK,,USA,7f1,,"University Park, PA (USA)",30 JAN 2016,962
664,4:56.63,Gina DANIEL,20 MAR 1995,USA,9h1,,"Boston, MA (USA)",26 FEB 2016,962
664,4:56.63,Nora MCUMBER,,USA,2,,"Winston Salem, NC (USA)",27 FEB 2016,962
668,4:56.64,Kristin RUSH,,USA,1f2,,"College Station, TX (USA)",16 JAN 2016,962
668,4:56.64,Holly CAVALLUZZO,,USA,2f2,,"Portland, OR (USA)",04 FEB 2016,962
668,4:56.64,Allison PAYENSKI,,USA,2f1,,NY (USA),05 FEB 2016,962
668,4:56.64,Leya SALIS,07 SEP 1999,USA,10,,"Reggie Lewis Center, Boston, MA (USA)",14 FEB 2016,962
672,4:56.66,Tracy CAMPBELL,,USA,8,,"Boston, MA (USA)",06 MAR 2016,962
673,4:56.67,Sharon NG,,USA,9,,"Grinnell, IA (USA)",12 MAR 2016,962
674,4:56.68,Brianna ILARDA,19 FEB 1996,AUS,1,,"Kingston, RI (USA)",14 JAN 2016,962
675,4:56.70,Laura RICHES,07 AUG 1993,GBR,4f3,,"Champaign, IL (USA)",16 JAN 2016,962
676,4:56.72,Leya SALIS,07 SEP 1999,USA,8f2,,"New York, NY (USA)",13 MAR 2016,962
677,4:56.74,Amanda SZYMANSKI,,USA,1f1,,"Roxbury, MA (USA)",12 DEC 2015,962
677,4:56.74,Hannah GRUBB,,USA,6,,"Lincoln, NE (USA)",06 FEB 2016,962
679,4:56.76,Taylor SPILLANE,,USA,1f2,,"University Park, PA (USA)",16 JAN 2016,962
680,4:56.79,Victoria KINGHAM,,USA,3f1,,"Boston, MA (USA)",06 FEB 2016,961
681,4:56.83,Jacqueline KATZMAN,1995,USA,2f2,,"University Park, PA (USA)",16 JAN 2016,961
681,4:56.83,Sascha SCOTT,25 SEP 1975,USA,4f4,,"Boston, MA (USA)",12 FEB 2016,961
681,4:56.83,Agnes ABU,01 MAY 1992,GHA,4f3,,"Birmingham, AL (USA)",25 FEB 2016,961
684,4:56.87,Autumn EASTMAN,,USA,6f1,,"Fairfax, VA (USA)",09 JAN 2016,961
684,4:56.87,Hillary BOXHEIMER,,USA,3f2,,"Blacksburg, VA (USA)",05 FEB 2016,961
686,4:56.88,Brigid BRENNAN,,USA,4f2,,"University Park, PA (USA)",20 FEB 2016,961
686,4:56.88,Rachel SUDBURY,17 FEB 1994,USA,4,,"Cedar Falls, IA (USA)",28 FEB 2016,961
688,4:56.89,Peyton THOMAS,09 AUG 1995,USA,1f2,,"College Station, TX (USA)",06 FEB 2016,961
688,4:56.89,Blair RAMSEY,,USA,4f1,,"New York, NY (USA)",13 MAR 2016,961
690,4:56.90,Sarah BERGER,,USA,4f2,,"Tiffin, OH (USA)",28 FEB 2016,961
691,4:56.92,Tracy CAMPBELL,,USA,1f1,,"New Haven, CT (USA)",06 FEB 2016,961
692,4:56.93,Breanna COLBENSON,05 AUG 1995,USA,3,,"Mankato, MN (USA)",27 FEB 2016,960
693,4:56.94,Kylene COCHRANE,01 MAR 1996,USA,3f2,,NY (USA),06 FEB 2016,960
693,4:56.94,Courtney WAYMENT,04 AUG 1998,USA,2f3,,"Nampa, ID (USA)",06 FEB 2016,960
695,4:56.97,Jessica ACKERMAN,,USA,4f2,,"University Park, PA (USA)",06 FEB 2016,960
696,4:56.98,Paige DUCA,05 AUG 1997,USA,10h1,,"Boston, MA (USA)",26 FEB 2016,960
696,4:56.98,Molly MCKEON,,USA,5h1,,"Boston, MA (USA)",05 MAR 2016,960
698,4:56.99,Diana GARCIA-MUNOZ,09 AUG 1995,USA,3,,"Birmingham, AL (USA)",16 FEB 2016,960
698,4:56.99,Abbey WARTH,,USA,10,,"Grinnell, IA (USA)",12 MAR 2016,960
700,4:57.07,Booke MOORE,,USA,5,,"Bloomington, IN (USA)",11 DEC 2015,960
701,4:57.10,Hannah MCINTYRE,06 JAN 1996,USA,3f2,,"Hillsdale, MI (USA)",05 FEB 2016,959
702,4:57.12,Zoe SIMS,,USA,5f2,,"University Park, PA (USA)",06 FEB 2016,959
703,4:57.16,Julie SINKOVITZ,,USA,5,,"Lawrence, KS (USA)",29 JAN 2016,959
704,4:57.17,Emily HOSKER-THORNHILL,27 OCT 1992,GBR,3f1,,"Albuquerque, NM (USA)",30 JAN 2016,959
705,4:57.18,Bianca MARTIN,,USA,5f1,,"Birmingham, AL (USA)",07 FEB 2016,959
705,4:57.18,Kelly WILLIAMS,,USA,4,,"Winston Salem, NC (USA)",11 FEB 2016,959
705,4:57.18,Katelyn HAYWARD,19 DEC 1994,CAN,2f2,,"Birmingham, AL (USA)",23 FEB 2016,959
708,4:57.20,Katrina SANTIAGO,,USA,3f3,,"Lincoln, NE (USA)",19 FEB 2016,959
708,4:57.20,Holly ARCHER,07 NOV 1993,GBR,4,,"Birmingham, AL (USA)",29 FEB 2016,959
710,4:57.21,Morgan ILSE,,USA,6h3,,"Boston, MA (USA)",26 FEB 2016,959
711,4:57.23,Sonja FRIEND-UHL,22 MAR 1971,USA,3f1,,"Birmingham, AL (USA)",04 DEC 2015,958
712,4:57.25,Cassie MUNDEKIS,,USA,2f2,,"Boston, MA (USA)",22 JAN 2016,958
713,4:57.29,Madison STENGER,,USA,4,,"West Lafayette, IN (USA)",16 JAN 2016,958
713,4:57.29,Emilea FINLEY,,USA,4,,"Lincoln, NE (USA)",23 JAN 2016,958
713,4:57.29,Cassandra HRUSKO,,USA,7f1,,NY (USA),27 FEB 2016,958
716,4:57.31,Katie WETZSTEIN,,USA,1f1,,"Vermillion, SD (USA)",16 JAN 2016,958
717,4:57.32,Stephanie VAN PELT,04 MAY 1994,USA,3,,"Fayetteville, AR (USA)",12 FEB 2016,958
718,4:57.34,Molly MONTONYE,,USA,2,,"Fargo, ND (USA)",13 FEB 2016,958
719,4:57.35,Alexia ROUX,14 JUL 1996,SUI,4f2,,NY (USA),12 FEB 2016,958
720,4:57.38,Jaime LORD,,USA,1,,"Canton, NY (USA)",13 FEB 2016,957
721,4:57.39,Laura RICHES,07 AUG 1993,GBR,6,,NY (USA),27 FEB 2016,957
722,4:57.43,Claire BORCHERS,20 APR 1996,USA,5f2,,"Hillsdale, MI (USA)",09 JAN 2016,957
722,4:57.43,Katie BIANCHINI,,USA,1f1,,"Carbondale, IL (USA)",06 FEB 2016,957
722,4:57.43,Katerina BERDOUSI,26 AUG 1993,GRE,2,,"Fayetteville, AR (USA)",12 FEB 2016,957
722,4:57.43,Laura MILLER,,USA,5,,"Birmingham, AL (USA)",27 FEB 2016,957
726,4:57.45,Paige SENATORE,,USA,2f1,,NY (USA),16 JAN 2016,957
726,4:57.45,Hannah KIMBALL,,USA,1f1,,"Kingston, RI (USA)",06 FEB 2016,957
726,4:57.45,Kelsey BARRETT,,USA,4f3,,"Lincoln, NE (USA)",19 FEB 2016,957
729,4:57.47,Katie BIANCHINI,,USA,3,,"Winston Salem, NC (USA)",27 FEB 2016,957
729,4:57.47,Teghan HENDERSON,,USA,6,,"Birmingham, AL (USA)",27 FEB 2016,957
731,4:57.48,Alex RUSSO,,USA,4f2,,NY (USA),06 FEB 2016,957
731,4:57.48,Shannon MURDOCK,,USA,5f4,,"Boston, MA (USA)",12 FEB 2016,957
731,4:57.48,Lauren HAMILTON,,USA,4f1,,"Albuquerque, NM (USA)",13 FEB 2016,957
731,4:57.48,Emma HUSTON,,USA,5,,"Cedar Falls, IA (USA)",28 FEB 2016,957
735,4:57.49,Charlotte JACOBS,1991,BEL,1,,Gent (BEL),26 DEC 2015,957
735,4:57.49,Maddie TIMM,,USA,4,,"Minneapolis, MN (USA)",23 JAN 2016,957
737,4:57.50,Jenna THURMAN,,USA,5f1,,"Albuquerque, NM (USA)",13 FEB 2016,957
738,4:57.52,Brooke KINGMA,,USA,2f1,,"Carbondale, IL (USA)",06 FEB 2016,957
739,4:57.53,Carly ZINNER,,USA,2f1,,"Cambridge, MA (USA)",16 JAN 2016,956
739,4:57.53,Lisa GROHN,,USA,2,,"Canton, NY (USA)",13 FEB 2016,956
741,4:57.54,Cassie KRUSE,,USA,1f1,,"Boston, MA (USA)",22 JAN 2016,956
741,4:57.54,Maddie TIMM,,USA,8f4,,"New York, NY (USA)",06 FEB 2016,956
741,4:57.54,Maria MCDANIEL,15 OCT 1995,USA,1f1,,"Muncie, IN (USA)",19 FEB 2016,956
744,4:57.55,Elyssa GENSIB,28 MAR 1994,USA,5f2,,NY (USA),06 FEB 2016,956
744,4:57.55,Briar BRUMLEY,20 NOV 1996,USA,6h3,,"Boston, MA (USA)",05 MAR 2016,956
746,4:57.56,Cassie KRUSE,,USA,1,,"Durham, NH (USA)",05 DEC 2015,956
747,4:57.57,Kaleigh HUGHES,,USA,3f1,,NY (USA),16 JAN 2016,956
748,4:57.58,Hollie PARKER,20 DEC 1996,USA,8f1,,"Birmingham, AL (USA)",23 JAN 2016,956
748,4:57.58,Rachel GARN,,USA,6f3,,"New York, NY (USA)",21 FEB 2016,956
750,4:57.61,Kylene COCHRANE,01 MAR 1996,USA,6h1,,"Ithaca, NY (USA)",27 FEB 2016,956
751,4:57.62,Emily MYERS,23 MAY 1994,USA,3f1,,"Nampa, ID (USA)",16 JAN 2016,956
752,4:57.63,Leah ESPOSITO,,USA,1,,"Bozeman, MT (USA)",19 FEB 2016,956
753,4:57.64,Miranda SALVO,,USA,8f1,,"University Park, PA (USA)",30 JAN 2016,956
754,4:57.65,Jessica ACKERMAN,,USA,1f1,,NY (USA),29 JAN 2016,956
755,4:57.66,Annemarie SCHWANZ,26 APR 1993,GER,1h2,,"Albuquerque, NM (USA)",26 FEB 2016,956
755,4:57.66,Cassandra HRUSKO,,USA,1f2,,NY (USA),05 MAR 2016,956
757,4:57.69,Ciara ROCHE,,USA,5,,"New York, NY (USA)",13 JAN 2016,955
757,4:57.69,Jordyn SMITH,18 JUL 1986,USA,3f1,,"Cambridge, MA (USA)",05 FEB 2016,955
759,4:57.70,Macy HUSKEY,1992,USA,8h2,,"Fayetteville, AR (USA)",26 FEB 2016,955
760,4:57.71,Hannah OLSON,,USA,3f1,,"Minneapolis, MN (USA)",20 FEB 2016,955
761,4:57.72,Rebecca HAMMOND,01 NOV 1991,USA,2f2,,"Boston, MA (USA)",28 FEB 2016,955
762,4:57.75,Aleta LOOKER,,USA,7,,NY (USA),27 FEB 2016,955
763,4:57.76,Katherine TURNER,01 NOV 1993,GBR,2,,"Charleston, IL (USA)",11 DEC 2015,955
764,4:57.78,Mary Beth HAMILTON,21 APR 1995,USA,6f1,,"College Station, TX (USA)",16 JAN 2016,955
764,4:57.78,Kimberly WOOD,,USA,1f2,,"Lincoln, NE (USA)",22 JAN 2016,955
766,4:57.80,Mady CLAHANE,,USA,11,,"New York, NY (USA)",20 FEB 2016,955
767,4:57.81,Stephanie WELTE,,USA,7h3,,"Boston, MA (USA)",05 MAR 2016,955
768,4:57.82,Lauren CHAPEY,,USA,5f1,,"New York, NY (USA)",13 MAR 2016,955
769,4:57.83,Kelly HAYES,23 MAR 1996,USA,1f1,,"University Park, PA (USA)",09 JAN 2016,954
769,4:57.83,Rachel DADAMIO,11 OCT 1996,USA,9f1,,"Bloomington, IN (USA)",30 JAN 2016,954
771,4:57.84,Alexandra ZANELLA,,USA,5f2,,NY (USA),12 FEB 2016,954
771,4:57.84,Yost HALEY,,USA,5f2,,"Nashville, TN (USA)",27 FEB 2016,954
773,4:57.85,Katherine RECEVEUR,19 JAN 1996,USA,5,,"Bloomington, IN (USA)",09 JAN 2016,954
774,4:57.86,Katie WATSON,28 AUG 1992,USA,2f2,,"College Station, TX (USA)",06 FEB 2016,954
775,4:57.87,Maddy CRISCIONE,,USA,4f2,,"Birmingham, AL (USA)",23 JAN 2016,954
776,4:57.88,Brianna JOHNSON,23 JUN 1992,USA,6,,"Bloomington, IN (USA)",11 DEC 2015,954
776,4:57.88,Olivia ARIZIN,16 MAR 1999,USA,2,,"New York, NY (USA)",06 FEB 2016,954
778,4:57.89,Alex GIESE,,USA,2,,"Durham, NH (USA)",05 DEC 2015,954
778,4:57.89,Sydney SMITH,,USA,4f3,,"Boston, MA (USA)",27 FEB 2016,954
780,4:57.90,Kimberly SANDEN,17 MAR 1994,USA,5,,"Lincoln, NE (USA)",23 JAN 2016,954
781,4:57.91,Molly KEATING,13 AUG 1994,USA,10f3,,"Boston, MA (USA)",12 FEB 2016,954
782,4:57.93,Emily GAPINSKI,,USA,3,,"Minneapolis, MN (USA)",30 JAN 2016,954
783,4:57.94,Meghan HARVEY,,USA,1f2,,"Annapolis, MD (USA)",11 FEB 2016,954
783,4:57.94,Sharon NG,,USA,5f3,,"Boston, MA (USA)",27 FEB 2016,954
785,4:57.95,Grace BRITTAN,,USA,2f1,,"New Haven, CT (USA)",05 DEC 2015,954
785,4:57.95,Rachel GARN,,USA,6f2,,NY (USA),12 FEB 2016,954
785,4:57.95,Caitlin DEVITT PAYNE,,USA,2h2,,"Albuquerque, NM (USA)",26 FEB 2016,954
788,4:57.96,Abby HALBROOK,03 JAN 1996,USA,3f2,,"Boston, MA (USA)",21 FEB 2016,954
789,4:57.97,Eira JENSEN,1993,NOR,7,,"Birmingham, AL (USA)",27 FEB 2016,954
790,4:58.00,Hannah OLSON,,USA,4,,"Minneapolis, MN (USA)",30 JAN 2016,953
790,4:58.00,Julia KEARLEY,1997,CAN,7f2,,NY (USA),12 FEB 2016,953
792,4:58.02,Olivia HIPPENSTEEL,05 AUG 1994,USA,6,,"Bloomington, IN (USA)",09 JAN 2016,953
792,4:58.02,Joan MARITIM,,KEN,3,,"Blacksburg, VA (USA)",27 FEB 2016,953
794,4:58.05,Arin RICE,15 SEP 1994,USA,4,,"Fayetteville, AR (USA)",12 FEB 2016,953
794,4:58.05,Claire GILBERT,,USA,1f1,,"Birmingham, AL (USA)",13 FEB 2016,953
796,4:58.07,Julia KEARLEY,1997,CAN,3f3,,"Boston, MA (USA)",29 JAN 2016,953
797,4:58.08,Catherine BLANEY,,USA,9f1,,NY (USA),06 FEB 2016,953
797,4:58.08,Molly MONTONYE,,USA,4,,"Mankato, MN (USA)",27 FEB 2016,953
799,4:58.11,Melissa FAIRCHILD,,USA,7f2,,NY (USA),29 JAN 2016,953
800,4:58.12,Nora WEATHERS,,USA,1f2,,"Collegeville, PA (USA)",28 FEB 2016,953
801,4:58.13,Nashia BAKER,,USA,7,,"Lincoln, NE (USA)",06 FEB 2016,952
801,4:58.13,Aislinn DEVLIN,,USA,11,,"Reggie Lewis Center, Boston, MA (USA)",14 FEB 2016,952
803,4:58.14,Alexis ZEIS,,USA,5,,"Mankato, MN (USA)",27 FEB 2016,952
804,4:58.15,Maggie ALLEN,,USA,7,,"Bloomington, IN (USA)",09 JAN 2016,952
805,4:58.16,Brittany NEELEY,28 JUL 1994,USA,2f2,,"Bloomington, IN (USA)",22 JAN 2016,952
805,4:58.16,Kate RAPHAEL,,USA,8f2,,NY (USA),29 JAN 2016,952
807,4:58.18,Brittany KOZLOWSKI,,USA,1f1,,"Oshkosh, WI (USA)",05 FEB 2016,952
807,4:58.18,Birdie HUTTON,1994,USA,1f1,,"University Park, PA (USA)",06 FEB 2016,952
809,4:58.19,Julia CURTIN,,USA,2f2,,"Boston, MA (USA)",20 FEB 2016,952
810,4:58.20,Rachel BARRETT,,USA,6f2,,"Hillsdale, MI (USA)",09 JAN 2016,952
810,4:58.20,Samantha BOCKOVEN,05 APR 1997,USA,11f1,,NY (USA),12 FEB 2016,952
812,4:58.21,Sydney BADGER,30 MAY 1996,USA,7f2,,"Hillsdale, MI (USA)",09 JAN 2016,952
812,4:58.21,Natasha BERNALL,,USA,6f1,,"Albuquerque, NM (USA)",13 FEB 2016,952
812,4:58.21,Taylor JANSSEN,,USA,3f2,,"Fort Wayne, IN (USA)",27 FEB 2016,952
815,4:58.24,Scarlett FOX,15 FEB 1995,USA,1f3,,"Birmingham, AL (USA)",23 JAN 2016,952
815,4:58.24,Abigail CARTWRIGHT,,USA,5f3,,"Birmingham, AL (USA)",25 FEB 2016,952
817,4:58.25,Nicole APONTE,,USA,4,,"Birmingham, AL (USA)",16 FEB 2016,952
818,4:58.26,Amber PEIRSOL,,USA,5f2,,NY (USA),20 FEB 2016,952
819,4:58.27,Susie KEMPER,,USA,6f3,,"Birmingham, AL (USA)",25 FEB 2016,952
820,4:58.28,Calli THACKERY,09 JAN 1993,GBR,3h2,,"Albuquerque, NM (USA)",26 FEB 2016,951
821,4:58.30,Clare SEVERE,,USA,4f2,,"Boston, MA (USA)",21 FEB 2016,951
822,4:58.31,Emily STEVENS,,USA,9f1,,"Birmingham, AL (USA)",23 JAN 2016,951
823,4:58.34,Nichole BARGER,,USA,6f3,,"Boston, MA (USA)",27 FEB 2016,951
824,4:58.37,Taylor MIKKALSON,,USA,5,,"Minneapolis, MN (USA)",23 JAN 2016,951
824,4:58.37,Abbey WARTH,,USA,3f1,,"Columbus, OH (USA)",19 FEB 2016,951
826,4:58.38,Miranda SALVO,,USA,3f2,,"University Park, PA (USA)",16 JAN 2016,951
827,4:58.39,Torree SCULL,,USA,4,,"Blacksburg, VA (USA)",27 FEB 2016,951
828,4:58.40,Patty O'BRIEN,17 FEB 1996,USA,4f1,,"Minneapolis, MN (USA)",20 FEB 2016,951
829,4:58.41,Molly MCKEON,,USA,6f2,,"Boston, MA (USA)",29 JAN 2016,951
830,4:58.44,Kristen BUSCH,30 MAR 1994,USA,5f3,,"Champaign, IL (USA)",16 JAN 2016,950
831,4:58.45,Catrina MCALISTER,21 AUG 1993,USA,9f1,,"Portland, OR (USA)",29 JAN 2016,950
832,4:58.47,Tessa MUNDELL,,USA,6f2,,"University Park, PA (USA)",06 FEB 2016,950
832,4:58.47,Karoline SKATTEBOE,28 JUL 1993,NOR,5,,"Birmingham, AL (USA)",29 FEB 2016,950
834,4:58.48,Rebekah TOPHAM,30 JUN 1996,USA,2,,"Lawrence, KS (USA)",15 JAN 2016,950
834,4:58.48,Laney TEAFORD,,USA,4f1,,"Boston, MA (USA)",06 FEB 2016,950
836,4:58.49,Alexis HATCHER,31 AUG 1994,USA,7f2,,"University Park, PA (USA)",06 FEB 2016,950
837,4:58.51,Kristen NIEDRACH,1994,USA,12f1,,NY (USA),12 FEB 2016,950
838,4:58.52,Rachael SHINE,,USA,1f2,,"Brockport, NY (USA)",27 FEB 2016,950
838,4:58.52,Sam PETERMAN,,USA,2f2,,"New York, NY (USA)",11 MAR 2016,950
840,4:58.53,Samantha KITCHEN,08 NOV 1994,USA,4f3,,NY (USA),12 FEB 2016,950
840,4:58.53,Lisa GROHN,,USA,1f2,,"Ithaca, NY (USA)",27 FEB 2016,950
842,4:58.57,Amanda SZYMANSKI,,USA,4f3,,"Boston, MA (USA)",29 JAN 2016,950
842,4:58.57,Elizabeth BIRD,04 OCT 1994,GBR,4h2,,"Ithaca, NY (USA)",27 FEB 2016,950
844,4:58.60,Lucy CROOKES,04 MAY 1993,GBR,1f1,,"Birmingham, AL (USA)",16 JAN 2016,949
845,4:58.61,Sarah HOLL,,USA,8f2,,"University Park, PA (USA)",06 FEB 2016,949
846,4:58.64,Laura MORRISON,,USA,7f2,,"Boston, MA (USA)",29 JAN 2016,949
847,4:58.66,Stephanie WELTE,,USA,1,,NY (USA),12 FEB 2016,949
848,4:58.67,Shannon MURDOCK,,USA,1,,"Durham, NH (USA)",30 JAN 2016,949
849,4:58.68,Isabella FRANZ,,USA,5f1,,"Boston, MA (USA)",06 FEB 2016,949
850,4:58.71,Morgan WEDEKIND,15 MAY 1995,USA,1f1,,"Manhattan, KS (USA)",23 JAN 2016,949
851,4:58.72,Kayla DEIGHAN,1993,CAN,6,,"Lincoln, NE (USA)",23 JAN 2016,949
851,4:58.72,Birdie HUTTON,1994,USA,5f3,,NY (USA),12 FEB 2016,949
853,4:58.73,Katie WATSON,28 AUG 1992,USA,7f1,,"College Station, TX (USA)",16 JAN 2016,949
854,4:58.74,Roxy TROTTER,,USA,4h2,,"Albuquerque, NM (USA)",26 FEB 2016,948
855,4:58.75,Katie JENSEN,09 FEB 1995,USA,1f1,,"Houston, TX (USA)",12 FEB 2016,948
856,4:58.76,Ellie ABRAHAMSON,11 NOV 1995,USA,4f2,,"Blacksburg, VA (USA)",05 FEB 2016,948
857,4:58.78,Elizabeth KIBLINGER,,USA,1f1,,"Jacksonville, FL (USA)",06 FEB 2016,948
858,4:58.79,Leah HOLMES,,USA,1f1,,"Milwaukee, WI (USA)",23 JAN 2016,948
859,4:58.80,Victoria KINGHAM,,USA,3f2,,"Middlebury, VT (USA)",20 FEB 2016,948
860,4:58.81,Sarah HOLL,,USA,5h2,,"Boston, MA (USA)",05 MAR 2016,948
861,4:58.82,Rebekah SASS,1995,CAN,5,,"Minneapolis, MN (USA)",30 JAN 2016,948
862,4:58.85,Meghan GRELA,,USA,1,,"Boston, MA (USA)",05 DEC 2015,948
862,4:58.85,Katie MAHONEY,,USA,3f2,,"Bozeman, MT (USA)",27 FEB 2016,948
864,4:58.87,Maggie ALLEN,,USA,5,,"West Lafayette, IN (USA)",16 JAN 2016,948
865,4:58.89,Natalie BAKER,,USA,7f1,,"Fayetteville, AR (USA)",30 JAN 2016,947
865,4:58.89,Ashley WEST,,USA,1f4,,"Lewisburg, PA (USA)",30 JAN 2016,947
867,4:58.90,Annika SISSON,,USA,1f1,,"Fayetteville, AR (USA)",15 JAN 2016,947
868,4:58.92,Courtney BREINER,,USA,2f1,,"Boston, MA (USA)",06 FEB 2016,947
868,4:58.92,Morgan MOSBY,20 AUG 1991,USA,3f1,,"Boston, MA (USA)",06 FEB 2016,947
868,4:58.92,Kassidy AYRES,,USA,5f2,,"Boston, MA (USA)",21 FEB 2016,947
871,4:58.94,Maddy NIKKEL,,USA,2f3,,"Birmingham, AL (USA)",23 JAN 2016,947
872,4:58.95,Malika BAKER,,USA,8,,"Lincoln, NE (USA)",06 FEB 2016,947
872,4:58.95,Sarah KEIRAN,29 MAR 1995,USA,3f2,,"Boston, MA (USA)",27 FEB 2016,947
874,4:58.96,Amy KELLY,,USA,2f1,,"University Park, PA (USA)",09 JAN 2016,947
875,4:58.97,Mia MEYDRICH,20 AUG 1995,USA,9f4,,"New York, NY (USA)",06 FEB 2016,947
875,4:58.97,Susan Lokayo EJORE,09 NOV 1995,KEN,1f2,,"Winston Salem, NC (USA)",05 MAR 2016,947
877,4:58.98,Ffion PRICE,11 AUG 1994,GBR,10,,"Fayetteville, AR (USA)",27 FEB 2016,947
878,4:58.99,Carolina BEROUTSOS,,USA,3,,"New York, NY (USA)",01 MAR 2016,947
879,4:59.06,Katie LEMBO,11 APR 1996,USA,2,,"Kingston, RI (USA)",14 JAN 2016,946
880,4:59.07,Jamie PIEPENBURG,,USA,6,,"Minneapolis, MN (USA)",30 JAN 2016,946
881,4:59.08,Kristin ZARRELLA,,USA,7f3,,"Birmingham, AL (USA)",25 FEB 2016,946
882,4:59.09,Malika BAKER,,USA,3,,"Lawrence, KS (USA)",15 JAN 2016,946
882,4:59.09,Nokuthula DLAMINI,13 JAN 1996,RSA,1f6,,"Boston, MA (USA)",29 JAN 2016,946
882,4:59.09,Alexandra ZANELLA,,USA,1,,"Edinboro, PA (USA)",28 FEB 2016,946
882,4:59.09,Ruth STEINKE,,USA,2f3,,"Northfield, MN (USA)",04 MAR 2016,946
886,4:59.11,Brooke WOJESKI,,USA,4f1,,"Boston, MA (USA)",06 FEB 2016,946
887,4:59.12,Tricia SERRES,,USA,1f1,,"Stevens Point, WI (USA)",05 MAR 2016,946
888,4:59.13,Paige SENATORE,,USA,1f1,,"New Brunswick, NJ (USA)",09 JAN 2016,946
889,4:59.14,Macy KREUTZ,,USA,7,,"Lincoln, NE (USA)",23 JAN 2016,946
889,4:59.14,Dana GIORDANO,30 DEC 1993,USA,5,,"Hanover, NH (USA)",23 JAN 2016,946
891,4:59.16,Laura WILLIAMSON,19 OCT 1993,USA,1h2,,"Birmingham, AL (USA)",28 FEB 2016,946
892,4:59.18,Colleen SANDS,,USA,5f3,,"Boston, MA (USA)",29 JAN 2016,946
893,4:59.19,Diana VIZZA,19 APR 1998,USA,1f1,,"New York, NY (USA)",19 DEC 2015,945
893,4:59.19,Sanne HOLLAND,,USA,8,,"Lincoln, NE (USA)",23 JAN 2016,945
895,4:59.23,Genna HARTUNG,05 AUG 1991,USA,1,,"Ithaca, NY (USA)",08 JAN 2016,945
895,4:59.23,Grace BUGARA,,USA,6f1,,"New York, NY (USA)",13 MAR 2016,945
897,4:59.24,Taylor JANSSEN,,USA,7,,"Minneapolis, MN (USA)",30 JAN 2016,945
897,4:59.24,Carly ZINNER,,USA,3f2,,"Kingston, RI (USA)",21 FEB 2016,945
899,4:59.25,Emily DONNAY,,USA,3f2,,"Lincoln, NE (USA)",06 FEB 2016,945
900,4:59.26,Paige DUCA,05 AUG 1997,USA,11f3,,"Boston, MA (USA)",12 FEB 2016,945
900,4:59.26,Maggie CHRISTIE,1994,USA,1f6,,"Boston, MA (USA)",12 FEB 2016,945
902,4:59.27,Rachel GARN,,USA,1f4,,"Boston, MA (USA)",29 JAN 2016,945
903,4:59.28,Katie FORTNER,1995,USA,5,,"Fayetteville, AR (USA)",12 FEB 2016,945
904,4:59.29,Kaitlyn FISCHER,04 AUG 1994,USA,1f1,,"Columbia, MO (USA)",15 JAN 2016,945
904,4:59.29,Erin MCCAREY,,USA,1f2,,"Naperville, IL (USA)",27 FEB 2016,945
906,4:59.31,Veronica LYLE,1996,USA,2f2,,"Birmingham, AL (USA)",12 FEB 2016,945
906,4:59.31,Abby MOTLEY,,USA,3f1,,"Blacksburg, VA (USA)",19 FEB 2016,945
908,4:59.32,Addy TOWNSEND,14 DEC 1997,CAN,3f2,,"Portland, OR (USA)",04 FEB 2016,945
908,4:59.32,Georgia TUCKFIELD,24 DEC 1996,GBR,5,,"Birmingham, AL (USA)",16 FEB 2016,945
908,4:59.32,Nicole MURPHY,,USA,4f2,,"Boston, MA (USA)",27 FEB 2016,945
911,4:59.34,Rachel SOWINSKI,,USA,5f1,,"Boston, MA (USA)",06 FEB 2016,944
911,4:59.34,Tricia SERRES,,USA,1h1,,"Grinnell, IA (USA)",11 MAR 2016,944
913,4:59.35,Lisa BROOKING,10 JUN 1987,CAN,2f2,,"Pullman, WA (USA)",06 FEB 2016,944
914,4:59.36,Bailey NESS,,USA,5f1,,"Minneapolis, MN (USA)",20 FEB 2016,944
915,4:59.37,Laura LABUSCHAGNE,22 MAR 1996,RSA,3f2,,"Birmingham, AL (USA)",23 FEB 2016,944
916,4:59.39,Maggie ALLEN,,USA,10f1,,"Bloomington, IN (USA)",30 JAN 2016,944
916,4:59.39,Kaitlin POIESZ,,USA,9f1,,"University Park, PA (USA)",30 JAN 2016,944
918,4:59.41,Arin RICE,15 SEP 1994,USA,3f2,,"College Station, TX (USA)",06 FEB 2016,944
919,4:59.44,Brigitte MANIA,17 AUG 1991,USA,3,,"Birmingham, AL (USA)",15 JAN 2016,944
919,4:59.44,Leah ESPOSITO,,USA,1f2,,"Pullman, WA (USA)",23 JAN 2016,944
919,4:59.44,Lindsay JOYCE,,USA,5f3,,"Lincoln, NE (USA)",19 FEB 2016,944
922,4:59.46,Mackenzie CHOJNACKY,07 OCT 1992,USA,1,,"Bowling Green, OH (USA)",22 JAN 2016,944
922,4:59.46,Meghan O'NEIL,,USA,2,,"Ypsilanti, MI (USA)",23 JAN 2016,944
922,4:59.46,Madison HUFFMAN,,USA,3,,"Fayetteville, AR (USA)",12 FEB 2016,944
925,4:59.47,Corinne BIRCHARD,03 JAN 1965,USA,10f1,,"University Park, PA (USA)",30 JAN 2016,944
925,4:59.47,Michelle MCKINNEY,,USA,5f2,,"Blacksburg, VA (USA)",05 FEB 2016,944
927,4:59.48,Louise VAN DEN HEUVEL,,USA,6f4,,"Boston, MA (USA)",12 FEB 2016,944
928,4:59.50,Melinda RENUART,,USA,8f2,,NY (USA),12 FEB 2016,943
928,4:59.50,Tiana GUEVARA,,USA,6f2,,NY (USA),20 FEB 2016,943
930,4:59.51,Madeline PEREZ,24 JUN 1996,USA,10f1,,"University Park, PA (USA)",16 JAN 2016,943
931,4:59.52,Amy DARLINGTON,21 AUG 1994,USA,8,,"Ithaca, NY (USA)",28 FEB 2016,943
931,4:59.52,Carolina BEROUTSOS,,USA,7f1,,"New York, NY (USA)",13 MAR 2016,943
933,4:59.53,Antonia HEHR,28 JUN 1996,GER,3f3,,"New York, NY (USA)",06 FEB 2016,943
934,4:59.54,Anne-Marie BLANEY,09 SEP 1993,USA,6,,"Birmingham, AL (USA)",29 FEB 2016,943
935,4:59.56,Aynslee VAN GRAAN,15 DEC 1995,RSA,1f1,,"Winston Salem, NC (USA)",29 JAN 2016,943
936,4:59.58,Elizabeth FLATLEY,,USA,4f3,,"New York, NY (USA)",06 FEB 2016,943
936,4:59.58,Delaney MILLER,,USA,9,,"Ithaca, NY (USA)",28 FEB 2016,943
938,4:59.59,Ashleigh WARNER,,USA,8f1,,"College Station, TX (USA)",16 JAN 2016,943
939,4:59.60,Emily HARRIS,,USA,1f1,,"Joplin, MO (USA)",23 JAN 2016,943
940,4:59.61,Rachel SUDBURY,17 FEB 1994,USA,1h1,,"Cedar Falls, IA (USA)",27 FEB 2016,943
941,4:59.62,Jenna CUPP,,USA,2f2,,"Bethlehem, PA (USA)",16 JAN 2016,943
942,4:59.64,Ellen CROOK,,USA,4f2,,"University Park, PA (USA)",16 JAN 2016,943
942,4:59.64,Megan ELGIN,,USA,2,,NY (USA),12 FEB 2016,943
944,4:59.66,Holly ARCHER,07 NOV 1993,GBR,2h2,,"Birmingham, AL (USA)",28 FEB 2016,942
945,4:59.67,Aubrey TILL,,USA,6,,"Birmingham, AL (USA)",16 FEB 2016,942
945,4:59.67,Emily GAPINSKI,,USA,2h1,,"Grinnell, IA (USA)",11 MAR 2016,942
947,4:59.69,Emily DONNAY,,USA,4f2,,"Fort Wayne, IN (USA)",27 FEB 2016,942
948,4:59.72,Anne DEN OTTER,,USA,5f3,,"New York, NY (USA)",06 FEB 2016,942
949,4:59.73,Hannah MAGNUSON,,USA,9f1,,"Bloomington, IN (USA)",22 JAN 2016,942
949,4:59.73,Katerina BERDOUSI,26 AUG 1993,GRE,5f2,,"Birmingham, AL (USA)",23 JAN 2016,942
951,4:59.74,Jocelyn CARO,1995,USA,3,,"College Station, TX (USA)",23 JAN 2016,942
952,4:59.75,Niamh O’CONNOR,19 FEB 2000,IRL,6f3,,"Lincoln, NE (USA)",19 FEB 2016,942
953,4:59.76,Josphine KIPTEBENY,02 JUN 1989,KEN,1f1,,"Birmingham, AL (USA)",24 JAN 2016,942
954,4:59.80,Liz BERKHOLTZ,11 DEC 1992,USA,1f1,,"Minneapolis, MN (USA)",16 JAN 2016,941
954,4:59.80,Andrea MASTERSON,,USA,6,,"Hanover, NH (USA)",23 JAN 2016,941
954,4:59.80,Brittany NEELEY,28 JUL 1994,USA,3h1,,"Cedar Falls, IA (USA)",27 FEB 2016,941
957,4:59.83,Roxy TROTTER,,USA,7,,"Albuquerque, NM (USA)",27 FEB 2016,941
958,4:59.85,Aleta LOOKER,,USA,5f2,,"University Park, PA (USA)",16 JAN 2016,941
959,4:59.87,Katelyn HAYWARD,19 DEC 1994,CAN,4f2,,"College Station, TX (USA)",06 FEB 2016,941
959,4:59.87,Natalie TANNER,09 MAR 1995,GER,9f2,,NY (USA),12 FEB 2016,941
961,4:59.88,Jessi CONLEY,23 SEP 1995,USA,2,,"Cedar Falls, IA (USA)",30 JAN 2016,941
962,4:59.89,Lauren SAPONE,,USA,8f1,,"New York, NY (USA)",13 MAR 2016,941
963,4:59.91,Mary HENNELLY,06 JAN 2002,USA,6,,"New York, NY (USA)",13 JAN 2016,941
964,4:59.94,Brittany NEELEY,28 JUL 1994,USA,3,,"Cedar Falls, IA (USA)",30 JAN 2016,941
965,4:59.95,Ivy HANDLEY,,USA,6f2,,"Nashville, TN (USA)",27 FEB 2016,940
966,4:59.96,Abby FARLEY,15 OCT 1992,USA,3f1,,"Winston Salem, NC (USA)",21 NOV 2015,940
966,4:59.96,Kelli MCKENNA,,USA,4,,"Lawrence, KS (USA)",15 JAN 2016,940
966,4:59.96,Sarah KELLEY,21 SEP 1990,USA,1f2,,"Brunswick, ME (USA)",05 FEB 2016,940
969,4:59.98,Marissa DEWISPELARE,,USA,1,,"Crete, NE (USA)",06 FEB 2016,940
970,4:59.99,Rebecca BASSETT,1995,CAN,4f2,,"Portland, OR (USA)",04 FEB 2016,940
970,4:59.99,Lainey STUDEBAKER,,USA,3f2,,"New York, NY (USA)",11 MAR 2016,940
972,5:00.01,Allie WILSON,31 MAR 1996,USA,6f3,,"New York, NY (USA)",06 FEB 2016,940
972,5:00.01,Kieran CASEY,,USA,1f4,,"Kenosha, WI (USA)",28 FEB 2016,940
974,5:00.02,Jenny BECKINGHAM,27 DEC 1992,GBR,1f1,,"Nampa, ID (USA)",23 JAN 2016,940
974,5:00.02,Sarah SCOTT,,USA,2f2,,"Fayetteville, AR (USA)",30 JAN 2016,940
976,5:00.03,Ciara DONOHUE,,USA,4f2,,"Kingston, RI (USA)",21 FEB 2016,940
977,5:00.05,Kelsey KIRCHOFF,,USA,4,,"Cedar Falls, IA (USA)",30 JAN 2016,940
977,5:00.05,Alyssa SNYDER,,USA,2,,"Bozeman, MT (USA)",19 FEB 2016,940
979,5:00.06,Haley HARRIS,,USA,6,,"West Lafayette, IN (USA)",16 JAN 2016,940
979,5:00.06,Skylair HILTON,,USA,1f1,,"Haverford, PA (USA)",30 JAN 2016,940
981,5:00.07,Hannah PARKER,15 AUG 1997,USA,6f2,,"University Park, PA (USA)",16 JAN 2016,940
981,5:00.07,Megan KELLOGG,,USA,2f2,,"Ithaca, NY (USA)",27 FEB 2016,940
983,5:00.09,Celine MAZZI,,USA,2f4,,"Boston, MA (USA)",29 JAN 2016,940
983,5:00.09,Hanna WINTER,08 NOV 1994,USA,1f2,,"Champaign, IL (USA)",20 FEB 2016,940
983,5:00.09,Casey NORTON,,USA,2,,"Edinboro, PA (USA)",28 FEB 2016,940
986,5:00.10,Kate WHITE,,USA,9,,"Lincoln, NE (USA)",23 JAN 2016,939
987,5:00.11,Marcia TADDY,,USA,1f1,,"Platteville, WI (USA)",30 JAN 2016,939
987,5:00.11,Anne DEN OTTER,,USA,11h1,,"Boston, MA (USA)",26 FEB 2016,939
987,5:00.11,Karoline SKATTEBOE,28 JUL 1993,NOR,3h2,,"Birmingham, AL (USA)",28 FEB 2016,939
990,5:00.12,Gabby JUAREZ,,USA,5h1,,"Cedar Falls, IA (USA)",27 FEB 2016,939
991,5:00.13,Allison STURGES,,USA,7f3,,"New York, NY (USA)",06 FEB 2016,939
991,5:00.13,Maryann GONG,07 JAN 1996,USA,1h2,,"Grinnell, IA (USA)",11 MAR 2016,939
993,5:00.14,Sakiko MINAGAWA,23 AUG 1994,USA,1,,"Columbus, OH (USA)",08 JAN 2016,939
993,5:00.14,Vicky WINSLOW,,USA,2f1,,"Birmingham, AL (USA)",13 FEB 2016,939
993,5:00.14,Sarah KELLEY,21 SEP 1990,USA,3h1,,"Grinnell, IA (USA)",11 MAR 2016,939
996,5:00.16,Megan REILLY,,USA,7,,"New York, NY (USA)",13 JAN 2016,939
997,5:00.18,Kyla VAN GRAAN,14 OCT 1994,RSA,2f1,,"Winston Salem, NC (USA)",29 JAN 2016,939
997,5:00.18,Jordan O'DEA,29 DEC 1993,USA,6f1,,"Boston, MA (USA)",06 FEB 2016,939
999,5:00.19,Caroline BARLOW,,USA,6f2,,"Birmingham, AL (USA)",23 JAN 2016,939
999,5:00.19,Melissa FAIRCHILD,,USA,5h2,,"Ithaca, NY (USA)",27 FEB 2016,939
